date,year,month,quarter,period,flow_code,flow_label,partner_iso,partner_name,hs_code,hs_description,primary_value_usd,fob_value_usd,cif_value_usd,is_reported,mom_growth,yoy_growth,rolling_3m_avg,rolling_12m_avg,rolling_12m_std,is_anomaly
2015-01-01,2015,1,1,201501,X,exports,CHN,China,85,"Electrical machinery and equipment and parts thereof; sound recorders and reproducers; television image and sound recorders and reproducers, parts and accessories of such articles",33350125.0,33350125.0,0.0,False,,,33350125.0,,,False
2015-02-01,2015,2,1,201502,X,exports,CHN,China,85,"Electrical machinery and equipment and parts thereof; sound recorders and reproducers; television image and sound recorders and reproducers, parts and accessories of such articles",22651049.0,22651049.0,0.0,False,-0.3208106716241693,,28000587.0,,,False
2015-03-01,2015,3,1,201503,X,exports,CHN,China,85,"Electrical machinery and equipment and parts thereof; sound recorders and reproducers; television image and sound recorders and reproducers, parts and accessories of such articles",27697880.0,27697880.0,0.0,False,0.22280782669270627,,27899684.666666668,,,False
2015-04-01,2015,4,2,201504,X,exports,CHN,China,85,"Electrical machinery and equipment and parts thereof; sound recorders and reproducers; television image and sound recorders and reproducers, parts and accessories of such articles",27743435.0,27743435.0,0.0,False,0.0016447107143218176,,26030788.0,,,False
2015-05-01,2015,5,2,201505,X,exports,CHN,China,85,"Electrical machinery and equipment and parts thereof; sound recorders and reproducers; television image and sound recorders and reproducers, parts and accessories of such articles",27864895.0,27864895.0,0.0,False,0.004377972662721774,,27768736.666666668,,,False
2015-06-01,2015,6,2,201506,X,exports,CHN,China,85,"Electrical machinery and equipment and parts thereof; sound recorders and reproducers; television image and sound recorders and reproducers, parts and accessories of such articles",25715570.0,25715570.0,0.0,False,-0.07713379146054555,,27107966.666666668,27503825.666666668,3497197.6318539204,False
2015-07-01,2015,7,3,201507,X,exports,CHN,China,85,"Electrical machinery and equipment and parts thereof; sound recorders and reproducers; television image and sound recorders and reproducers, parts and accessories of such articles",24393164.0,24393164.0,0.0,False,-0.05142433164032534,,25991209.666666668,27059445.42857143,3402103.658366534,False
2015-08-01,2015,8,3,201508,X,exports,CHN,China,85,"Electrical machinery and equipment and parts thereof; sound recorders and reproducers; television image and sound recorders and reproducers, parts and accessories of such articles",27022688.0,27022688.0,0.0,False,0.10779757804276646,,25710474.0,27054850.75,3149762.758268164,False
2015-09-01,2015,9,3,201509,X,exports,CHN,China,85,"Electrical machinery and equipment and parts thereof; sound recorders and reproducers; television image and sound recorders and reproducers, parts and accessories of such articles",34720708.719,34720708.719,0.0,False,0.28487250117382823,,28712186.90633333,27906612.746555552,3900046.953972245,False
2015-10-01,2015,10,4,201510,X,exports,CHN,China,85,"Electrical machinery and equipment and parts thereof; sound recorders and reproducers; television image and sound recorders and reproducers, parts and accessories of such articles",28314176.39,28314176.39,0.0,False,-0.18451617393092523,,30019191.036333334,27947369.110899996,3679257.582970562,False
2015-11-01,2015,11,4,201511,X,exports,CHN,China,85,"Electrical machinery and equipment and parts thereof; sound recorders and reproducers; television image and sound recorders and reproducers, parts and accessories of such articles",27932010.55,27932010.55,0.0,False,-0.013497332033820864,,30322298.553,27945972.878090907,3490453.2900166954,False
2015-12-01,2015,12,4,201512,X,exports,CHN,China,85,"Electrical machinery and equipment and parts thereof; sound recorders and reproducers; television image and sound recorders and reproducers, parts and accessories of such articles",29173858.16,29173858.16,0.0,False,0.04445965705823496,,28473348.366666663,28048296.651583333,3346839.7863160945,False
2016-01-01,2016,1,1,201601,X,exports,CHN,China,85,"Electrical machinery and equipment and parts thereof; sound recorders and reproducers; television image and sound recorders and reproducers, parts and accessories of such articles",31025779.19,31025779.19,0.0,False,0.06347878363716575,-0.06969526531009995,29377215.96666667,27854601.167416666,3067727.990362883,False
2016-02-01,2016,2,1,201602,X,exports,CHN,China,85,"Electrical machinery and equipment and parts thereof; sound recorders and reproducers; television image and sound recorders and reproducers, parts and accessories of such articles",25444253.523,25444253.523,0.0,False,-0.17989961292572465,0.12331457686573355,28547963.624333333,28087368.211,2723686.6710129688,False
2016-03-01,2016,3,1,201603,X,exports,CHN,China,85,"Electrical machinery and equipment and parts thereof; sound recorders and reproducers; television image and sound recorders and reproducers, parts and accessories of such articles",23816425.278,23816425.278,0.0,False,-0.06397626259809674,-0.1401354443733599,26762152.663666666,27763913.650833335,2991456.594748605,False
2016-04-01,2016,4,2,201604,X,exports,CHN,China,85,"Electrical machinery and equipment and parts thereof; sound recorders and reproducers; television image and sound recorders and reproducers, parts and accessories of such articles",23742898.374,23742898.374,0.0,False,-0.0030872350968605966,-0.14419759579158087,24334525.725000005,27430535.598666668,3208956.096392265,False
2016-05-01,2016,5,2,201605,X,exports,CHN,China,85,"Electrical machinery and equipment and parts thereof; sound recorders and reproducers; television image and sound recorders and reproducers, parts and accessories of such articles",28093340.493,28093340.493,0.0,False,0.18323129933302562,0.008198325994051014,25217554.715000004,27449572.723083332,3212442.922131165,False
2016-06-01,2016,6,2,201606,X,exports,CHN,China,85,"Electrical machinery and equipment and parts thereof; sound recorders and reproducers; television image and sound recorders and reproducers, parts and accessories of such articles",27088839.207,27088839.207,0.0,False,-0.035755850616992046,0.053402246460023894,26308359.358,27564011.823666666,3169225.4909952423,False
2016-07-01,2016,7,3,201607,X,exports,CHN,China,85,"Electrical machinery and equipment and parts thereof; sound recorders and reproducers; television image and sound recorders and reproducers, parts and accessories of such articles",19773871.367,19773871.367,0.0,False,-0.2700362235569602,-0.18936832601953568,24985350.355666667,27179070.770916667,3805949.282912814,False
2016-08-01,2016,8,3,201608,X,exports,CHN,China,85,"Electrical machinery and equipment and parts thereof; sound recorders and reproducers; television image and sound recorders and reproducers, parts and accessories of such articles",29066010.593,29066010.593,0.0,False,0.46992008057194923,0.07561507548767898,25309573.72233333,27349347.653666664,3843836.921910731,False
2016-09-01,2016,9,3,201609,X,exports,CHN,China,85,"Electrical machinery and equipment and parts thereof; sound recorders and reproducers; television image and sound recorders and reproducers, parts and accessories of such articles",27555989.524,27555989.524,0.0,False,-0.0519514387489991,-0.2063529075107644,25465290.494666666,26752287.72075,3074142.5301110777,False
2016-10-01,2016,10,4,201610,X,exports,CHN,China,85,"Electrical machinery and equipment and parts thereof; sound recorders and reproducers; television image and sound recorders and reproducers, parts and accessories of such articles",27538146.2,27538146.2,0.0,False,-0.0006475297860184526,-0.027407832010048483,28053382.105666667,26687618.53825,3046335.613130666,False
2016-11-01,2016,11,4,201611,X,exports,CHN,China,85,"Electrical machinery and equipment and parts thereof; sound recorders and reproducers; television image and sound recorders and reproducers, parts and accessories of such articles",25866758.471,25866758.471,0.0,False,-0.06069354548636974,-0.07393853998812838,26986964.731666666,26515514.198333334,3027925.00614756,False
2016-12-01,2016,12,4,201612,X,exports,CHN,China,85,"Electrical machinery and equipment and parts thereof; sound recorders and reproducers; television image and sound recorders and reproducers, parts and accessories of such articles",27028371.35,27028371.35,0.0,False,0.04490755501128296,-0.07354141499671973,26811092.007,26336723.63083333,2918035.847909796,False
2017-01-01,2017,1,1,201701,X,exports,CHN,China,85,"Electrical machinery and equipment and parts thereof; sound recorders and reproducers; television image and sound recorders and reproducers, parts and accessories of such articles",24009306.63,24009306.63,0.0,False,-0.1116998386956084,-0.2261497613655904,25634812.150333334,25752017.584166665,2575960.883971552,False
2017-02-01,2017,2,1,201702,X,exports,CHN,China,85,"Electrical machinery and equipment and parts thereof; sound recorders and reproducers; television image and sound recorders and reproducers, parts and accessories of such articles",23298178.33,23298178.33,0.0,False,-0.029618860342740416,-0.08434419941068749,24778618.77,25573177.98475,2671977.891399004,False
2017-03-01,2017,3,1,201703,X,exports,CHN,China,85,"Electrical machinery and equipment and parts thereof; sound recorders and reproducers; television image and sound recorders and reproducers, parts and accessories of such articles",70484627.82,70484627.82,0.0,False,2.0253278527463308,1.9594965238174895,39264037.593333334,29462194.86325,13180539.52278884,True
2017-04-01,2017,4,2,201704,X,exports,CHN,China,85,"Electrical machinery and equipment and parts thereof; sound recorders and reproducers; television image and sound recorders and reproducers, parts and accessories of such articles",26349977.0,26349977.0,,False,-0.6261599469987809,0.10980456492434465,40044261.050000004,29679451.41541666,13098931.205576409,False
2017-05-01,2017,5,2,201705,X,exports,CHN,China,85,"Electrical machinery and equipment and parts thereof; sound recorders and reproducers; television image and sound recorders and reproducers, parts and accessories of such articles",27809915.56,27809915.56,0.0,False,0.055405686312363756,-0.010088687497687321,41548173.46,29655832.671,13102306.21035189,False
2017-06-01,2017,6,2,201706,X,exports,CHN,China,85,"Electrical machinery and equipment and parts thereof; sound recorders and reproducers; television image and sound recorders and reproducers, parts and accessories of such articles",24861023.69,24861023.69,,False,-0.10603742624236856,-0.08224108460226343,26340305.41666667,29470181.377916664,13157651.93620206,False
2017-07-01,2017,7,3,201707,X,exports,CHN,China,85,"Electrical machinery and equipment and parts thereof; sound recorders and reproducers; television image and sound recorders and reproducers, parts and accessories of such articles",27275176.65,27275176.65,0.0,False,0.09710593538314582,0.37935440884472915,26648705.3,30095290.1515,12829200.837431569,False
2017-08-01,2017,8,3,201708,X,exports,CHN,China,85,"Electrical machinery and equipment and parts thereof; sound recorders and reproducers; television image and sound recorders and reproducers, parts and accessories of such articles",30970905.99,30970905.99,0.0,False,0.13549790666525352,0.06553687135374386,27702368.77666667,30254031.434583332,12827092.197044684,False
2017-09-01,2017,9,3,201709,X,exports,CHN,China,85,"Electrical machinery and equipment and parts thereof; sound recorders and reproducers; television image and sound recorders and reproducers, parts and accessories of such articles",27645271.22,27645271.22,0.0,False,-0.10737931822445856,0.00324001052193168,28630451.286666673,30261471.575916667,12825410.757142963,False
2017-10-01,2017,10,4,201710,X,exports,CHN,China,85,"Electrical machinery and equipment and parts thereof; sound recorders and reproducers; television image and sound recorders and reproducers, parts and accessories of such articles",26676673.78,26676673.78,0.0,False,-0.035036640888488235,-0.0312828762598405,28430950.330000002,30189682.207583327,12844437.075167993,False
2017-11-01,2017,11,4,201711,X,exports,CHN,China,85,"Electrical machinery and equipment and parts thereof; sound recorders and reproducers; television image and sound recorders and reproducers, parts and accessories of such articles",27736585.51,27736585.51,0.0,False,0.03973177985910059,0.07228687124041144,27352843.50333334,30345501.1275,12798486.632493213,False
2017-12-01,2017,12,4,201712,X,exports,CHN,China,85,"Electrical machinery and equipment and parts thereof; sound recorders and reproducers; television image and sound recorders and reproducers, parts and accessories of such articles",24630245.7,24630245.7,0.0,False,-0.11199431194874576,-0.0887262358114671,26347834.996666674,30145657.323333334,12873494.280854778,False
2018-01-01,2018,1,1,201801,X,exports,CHN,China,85,"Electrical machinery and equipment and parts thereof; sound recorders and reproducers; television image and sound recorders and reproducers, parts and accessories of such articles",25749514.93,25749514.93,0.0,False,0.0454428771695119,0.07248057292190113,26038782.04666667,30290674.68166667,12807718.953433305,False
2018-02-01,2018,2,1,201802,X,exports,CHN,China,85,"Electrical machinery and equipment and parts thereof; sound recorders and reproducers; television image and sound recorders and reproducers, parts and accessories of such articles",23882319.1,23882319.1,0.0,False,-0.0725138254089821,0.025072379553719548,24754026.57666667,30339353.079166666,12779806.136272855,False
2018-03-01,2018,3,1,201803,X,exports,CHN,China,85,"Electrical machinery and equipment and parts thereof; sound recorders and reproducers; television image and sound recorders and reproducers, parts and accessories of such articles",25067666.27,25067666.27,0.0,False,0.04963283360534265,-0.6443527185244347,24899833.433333337,26554606.283333335,1926225.5079439357,False
2018-04-01,2018,4,2,201804,X,exports,CHN,China,85,"Electrical machinery and equipment and parts thereof; sound recorders and reproducers; television image and sound recorders and reproducers, parts and accessories of such articles",25926282.86,25926282.86,0.0,False,0.03425195551719784,-0.016079488039021816,24958756.07666667,26519298.438333333,1934184.0947372913,False
2018-05-01,2018,5,2,201805,X,exports,CHN,China,85,"Electrical machinery and equipment and parts thereof; sound recorders and reproducers; television image and sound recorders and reproducers, parts and accessories of such articles",26967329.96,26967329.96,0.0,False,0.040154121037002444,-0.030298027988690412,25987093.03,26449082.971666668,1898028.3162999111,False
2018-06-01,2018,6,2,201806,X,exports,CHN,China,85,"Electrical machinery and equipment and parts thereof; sound recorders and reproducers; television image and sound recorders and reproducers, parts and accessories of such articles",21300450.16,21300450.16,0.0,False,-0.21013870518162348,-0.1432191037021614,24731354.32666667,26152368.510833334,2384755.3767498494,True
2018-07-01,2018,7,3,201807,X,exports,CHN,China,85,"Electrical machinery and equipment and parts thereof; sound recorders and reproducers; television image and sound recorders and reproducers, parts and accessories of such articles",28143877.85,28143877.85,0.0,False,0.32128089493860723,0.03184951691229476,25470552.65666667,26224760.2775,2434602.166349794,False
2018-08-01,2018,8,3,201808,X,exports,CHN,China,85,"Electrical machinery and equipment and parts thereof; sound recorders and reproducers; television image and sound recorders and reproducers, parts and accessories of such articles",26272412.39,26272412.39,0.0,False,-0.06649636094835454,-0.15170668890077244,25238913.466666672,25833219.144166667,1926770.328408425,False
2018-09-01,2018,9,3,201809,X,exports,CHN,China,85,"Electrical machinery and equipment and parts thereof; sound recorders and reproducers; television image and sound recorders and reproducers, parts and accessories of such articles",22393374.53,22393374.53,0.0,False,-0.14764680922397777,-0.18997450407361194,25603221.590000007,25395561.08666667,2068977.4862198231,False
2018-10-01,2018,10,4,201810,X,exports,CHN,China,85,"Electrical machinery and equipment and parts thereof; sound recorders and reproducers; television image and sound recorders and reproducers, parts and accessories of such articles",25479153.31,25479153.31,0.0,False,0.13779873934882092,-0.04489017183610822,24714980.07666667,25295767.71416667,2030082.3884708,False
2018-11-01,2018,11,4,201811,X,exports,CHN,China,85,"Electrical machinery and equipment and parts thereof; sound recorders and reproducers; television image and sound recorders and reproducers, parts and accessories of such articles",20634520.87,20634520.87,0.0,False,-0.19014102945479694,-0.2560540351096735,22835682.903333336,24703928.99416667,2274361.7152086324,False
2018-12-01,2018,12,4,201812,X,exports,CHN,China,85,"Electrical machinery and equipment and parts thereof; sound recorders and reproducers; television image and sound recorders and reproducers, parts and accessories of such articles",22879560.94,22879560.94,0.0,False,0.10880020351061348,-0.07107865594698459,22997745.040000003,24558038.5975,2334862.557816435,False
2019-01-01,2019,1,1,201901,X,exports,CHN,China,85,"Electrical machinery and equipment and parts thereof; sound recorders and reproducers; television image and sound recorders and reproducers, parts and accessories of such articles",24039256.655,24039256.655,0.0,False,0.05068697419680457,-0.06641904826748513,22517779.48833334,24415517.074583333,2307560.4009005367,False
2019-02-01,2019,2,1,201902,X,exports,CHN,China,85,"Electrical machinery and equipment and parts thereof; sound recorders and reproducers; television image and sound recorders and reproducers, parts and accessories of such articles",23901118.702,23901118.702,0.0,False,-0.005746348773695176,0.0007871765686271459,23606645.43233334,24417083.708083335,2307171.845973433,False
2019-03-01,2019,3,1,201903,X,exports,CHN,China,85,"Electrical machinery and equipment and parts thereof; sound recorders and reproducers; television image and sound recorders and reproducers, parts and accessories of such articles",24552260.976,24552260.976,0.0,False,0.027243171422997703,-0.02056056149976815,24164212.111000005,24374133.266916666,2298741.543748576,False
2019-04-01,2019,4,2,201904,X,exports,CHN,China,85,"Electrical machinery and equipment and parts thereof; sound recorders and reproducers; television image and sound recorders and reproducers, parts and accessories of such articles",22234258.309,22234258.309,0.0,False,-0.09441096562413798,-0.1424047007022432,23562545.99566667,24066464.554333333,2319096.916127036,False
2019-05-01,2019,5,2,201905,X,exports,CHN,China,85,"Electrical machinery and equipment and parts thereof; sound recorders and reproducers; television image and sound recorders and reproducers, parts and accessories of such articles",26304890.059,26304890.059,0.0,False,0.18307926864159385,-0.02456453427100802,24363803.11466667,24011261.229250003,2250641.8341772216,False
2019-06-01,2019,6,2,201906,X,exports,CHN,China,85,"Electrical machinery and equipment and parts thereof; sound recorders and reproducers; television image and sound recorders and reproducers, parts and accessories of such articles",18330414.476,18330414.476,0.0,False,-0.3031556324741832,-0.13943534815885794,22289854.28133334,23763758.25558333,2695243.383179324,True
2019-07-01,2019,7,3,201907,X,exports,CHN,China,85,"Electrical machinery and equipment and parts thereof; sound recorders and reproducers; television image and sound recorders and reproducers, parts and accessories of such articles",23135657.708,23135657.708,0.0,False,0.26214591264652,-0.17795060683153163,22590320.747666672,23346406.577083334,2316474.189841329,False
2019-08-01,2019,8,3,201908,X,exports,CHN,China,85,"Electrical machinery and equipment and parts thereof; sound recorders and reproducers; television image and sound recorders and reproducers, parts and accessories of such articles",24185187.645,24185187.645,0.0,False,0.04536417119609637,-0.07944549263372769,21883753.276333336,23172471.18166667,2149113.576158989,False
2019-09-01,2019,9,3,201909,X,exports,CHN,China,85,"Electrical machinery and equipment and parts thereof; sound recorders and reproducers; television image and sound recorders and reproducers, parts and accessories of such articles",22527596.216,22527596.216,0.0,False,-0.0685374640598535,0.00599381240286867,23282813.856333334,23183656.322166666,2145035.5291787125,False
2019-10-01,2019,10,4,201910,X,exports,CHN,China,85,"Electrical machinery and equipment and parts thereof; sound recorders and reproducers; television image and sound recorders and reproducers, parts and accessories of such articles",26063820.601,26063820.601,0.0,False,0.15697300107360923,0.022946888536148125,24258868.154000003,23232378.596416667,2207641.79340036,False
2019-11-01,2019,11,4,201911,X,exports,CHN,China,85,"Electrical machinery and equipment and parts thereof; sound recorders and reproducers; television image and sound recorders and reproducers, parts and accessories of such articles",24868819.45,24868819.45,0.0,False,-0.045849039912212675,0.2052045989667799,24486745.42233334,23585236.811416667,2089921.0952809947,False
2019-12-01,2019,12,4,201912,X,exports,CHN,China,85,"Electrical machinery and equipment and parts thereof; sound recorders and reproducers; television image and sound recorders and reproducers, parts and accessories of such articles",21639875.163,21639875.163,0.0,False,-0.12983906588296057,-0.054183110429915526,24190838.404666673,23481929.66333333,2157520.8233482623,False
2020-01-01,2020,1,1,202001,X,exports,CHN,China,85,"Electrical machinery and equipment and parts thereof; sound recorders and reproducers; television image and sound recorders and reproducers, parts and accessories of such articles",20099309.373,20099309.373,0.0,False,-0.071191066417706,-0.1638963857553607,22202667.99533334,23153600.723166663,2355684.904699457,False
2020-02-01,2020,2,1,202002,X,exports,CHN,China,85,"Electrical machinery and equipment and parts thereof; sound recorders and reproducers; television image and sound recorders and reproducers, parts and accessories of such articles",20784127.663,20784127.663,0.0,False,0.03407173238101091,-0.1304119308331445,20841104.06633334,22893851.469916668,2436236.8229398206,False
2020-03-01,2020,3,1,202003,X,exports,CHN,China,85,"Electrical machinery and equipment and parts thereof; sound recorders and reproducers; television image and sound recorders and reproducers, parts and accessories of such articles",21477655.807,21477655.807,0.0,False,0.033368162245973165,-0.1252269667549334,20787030.94766667,22637634.372500002,2407474.536552206,False
2020-04-01,2020,4,2,202004,X,exports,CHN,China,85,"Electrical machinery and equipment and parts thereof; sound recorders and reproducers; television image and sound recorders and reproducers, parts and accessories of such articles",23909350.625,23909350.625,0.0,False,0.11321974985777827,0.07533834916912685,22057044.698333338,22777225.398833334,2430413.2123102457,False
2020-05-01,2020,5,2,202005,X,exports,CHN,China,85,"Electrical machinery and equipment and parts thereof; sound recorders and reproducers; television image and sound recorders and reproducers, parts and accessories of such articles",19813766.05,19813766.05,0.0,False,-0.17129635343243454,-0.24676491688202729,21733590.827333335,22236298.398083333,2292327.941876956,False
2020-06-01,2020,6,2,202006,X,exports,CHN,China,85,"Electrical machinery and equipment and parts thereof; sound recorders and reproducers; television image and sound recorders and reproducers, parts and accessories of such articles",32046112.707,32046112.707,0.0,False,0.6173660588366541,0.7482481233011917,25256409.794000003,23379273.250666667,3345312.469753774,True
2020-07-01,2020,7,3,202007,X,exports,CHN,China,85,"Electrical machinery and equipment and parts thereof; sound recorders and reproducers; television image and sound recorders and reproducers, parts and accessories of such articles",31129377.601,31129377.601,0.0,False,-0.028606749105009266,0.34551513485764773,27663085.45266667,24045416.57508333,4020199.864860175,False
2020-08-01,2020,8,3,202008,X,exports,CHN,China,85,"Electrical machinery and equipment and parts thereof; sound recorders and reproducers; television image and sound recorders and reproducers, parts and accessories of such articles",36981699.287,36981699.287,0.0,False,0.1879999581428189,0.5291053280145017,33385729.865000006,25111792.54525,5489362.095919554,True
2020-09-01,2020,9,3,202009,X,exports,CHN,China,85,"Electrical machinery and equipment and parts thereof; sound recorders and reproducers; television image and sound recorders and reproducers, parts and accessories of such articles",34119632.65,34119632.65,0.0,False,-0.07739143122625769,0.5145704993490106,34076903.17933334,26077795.581416667,5990365.209046762,False
2020-10-01,2020,10,4,202010,X,exports,CHN,China,85,"Electrical machinery and equipment and parts thereof; sound recorders and reproducers; television image and sound recorders and reproducers, parts and accessories of such articles",35748855.733,35748855.733,0.0,False,0.04775031137388308,0.37158923399083,35616729.22333334,26884881.842416663,6608821.78385598,False
2020-11-01,2020,11,4,202011,X,exports,CHN,China,85,"Electrical machinery and equipment and parts thereof; sound recorders and reproducers; television image and sound recorders and reproducers, parts and accessories of such articles",34827130.319,34827130.319,0.0,False,-0.02578335432283929,0.4004335987488943,34898539.56733334,27714741.081499998,6949117.577020663,False
2020-12-01,2020,12,4,202012,X,exports,CHN,China,85,"Electrical machinery and equipment and parts thereof; sound recorders and reproducers; television image and sound recorders and reproducers, parts and accessories of such articles",44829306.159,44829306.159,0.0,False,0.28719494682406554,1.07160650518213,38468430.737,29647193.664499998,8215199.063208405,False
2021-01-01,2021,1,1,202101,X,exports,CHN,China,85,"Electrical machinery and equipment and parts thereof; sound recorders and reproducers; television image and sound recorders and reproducers, parts and accessories of such articles",29044549.372,29044549.372,,False,-0.3521079878197273,0.44505210766178904,36233661.95000001,30392630.33108333,7656948.288036471,False
2021-02-01,2021,2,1,202102,X,exports,CHN,China,85,"Electrical machinery and equipment and parts thereof; sound recorders and reproducers; television image and sound recorders and reproducers, parts and accessories of such articles",29697801.523,29697801.523,,False,0.022491385307212175,0.4288692796988618,34523885.68466667,31135436.486083332,7048247.749266343,False
2021-03-01,2021,3,1,202103,X,exports,CHN,China,85,"Electrical machinery and equipment and parts thereof; sound recorders and reproducers; television image and sound recorders and reproducers, parts and accessories of such articles",34260996.835,34260996.835,,False,0.15365431371968574,0.5951925639777527,31001115.910000008,32200714.905083332,6391289.116054886,False
2021-04-01,2021,4,2,202104,X,exports,CHN,China,85,"Electrical machinery and equipment and parts thereof; sound recorders and reproducers; television image and sound recorders and reproducers, parts and accessories of such articles",30167180.42,30167180.42,,False,-0.11948912154295166,0.2617314829310635,31375326.259333342,32722200.721333336,5888814.617664427,False
2021-05-01,2021,5,2,202105,X,exports,CHN,China,85,"Electrical machinery and equipment and parts thereof; sound recorders and reproducers; television image and sound recorders and reproducers, parts and accessories of such articles",29317491.345,29317491.345,,False,-0.028166008992894898,0.4796526450861167,31248556.200000007,33514177.829249997,4460912.473036754,False
2021-06-01,2021,6,2,202106,X,exports,CHN,China,85,"Electrical machinery and equipment and parts thereof; sound recorders and reproducers; television image and sound recorders and reproducers, parts and accessories of such articles",33608933.828,33608933.828,,False,0.14637822972298387,0.04876788443231761,31031201.864333343,33644412.92266666,4436904.8420808865,False
2021-07-01,2021,7,3,202107,X,exports,CHN,China,85,"Electrical machinery and equipment and parts thereof; sound recorders and reproducers; television image and sound recorders and reproducers, parts and accessories of such articles",28270478.352,28270478.352,,False,-0.158840369745751,-0.09183926789812069,30398967.841666672,33406171.318583336,4655593.231529243,False
2021-08-01,2021,8,3,202108,X,exports,CHN,China,85,"Electrical machinery and equipment and parts thereof; sound recorders and reproducers; television image and sound recorders and reproducers, parts and accessories of such articles",31243347.125,31243347.125,,False,0.10515806404067018,-0.15516734689412115,31040919.768333342,32927975.305083334,4548420.133544493,False
2021-09-01,2021,9,3,202109,X,exports,CHN,China,85,"Electrical machinery and equipment and parts thereof; sound recorders and reproducers; television image and sound recorders and reproducers, parts and accessories of such articles",32381993.322,32381993.322,,False,0.03644443703308897,-0.050927843972552234,30631939.599666674,32783172.02775,4534672.645819721,False
2021-10-01,2021,10,4,202110,X,exports,CHN,China,85,"Electrical machinery and equipment and parts thereof; sound recorders and reproducers; television image and sound recorders and reproducers, parts and accessories of such articles",33709792.536,33709792.536,,False,0.041004245810214,-0.057038558443081366,32445044.327666674,32613250.09466667,4450869.988693861,False
2021-11-01,2021,11,4,202111,X,exports,CHN,China,85,"Electrical machinery and equipment and parts thereof; sound recorders and reproducers; television image and sound recorders and reproducers, parts and accessories of such articles",35813921.566,35813921.566,,False,0.06241892553188877,0.028333980949950766,33968569.14133334,32695482.698583335,4504286.504136038,False
2021-12-01,2021,12,4,202112,X,exports,CHN,China,85,"Electrical machinery and equipment and parts thereof; sound recorders and reproducers; television image and sound recorders and reproducers, parts and accessories of such articles",36119905.343,36119905.343,,False,0.008543710479627764,-0.1942791794526021,35214539.815000005,31969699.297250003,2719465.6252484326,False
2022-01-01,2022,1,1,202201,X,exports,CHN,China,85,"Electrical machinery and equipment and parts thereof; sound recorders and reproducers; television image and sound recorders and reproducers, parts and accessories of such articles",29962064.162,29962064.162,,False,-0.1704833144639839,0.031589913076238485,33965297.02366667,32046158.863083333,2641527.969060151,False
2022-02-01,2022,2,1,202202,X,exports,CHN,China,85,"Electrical machinery and equipment and parts thereof; sound recorders and reproducers; television image and sound recorders and reproducers, parts and accessories of such articles",33392848.649,33392848.649,,False,0.11450427675644459,0.12442157117718988,33158272.71800001,32354079.456916664,2556904.737481105,False
2022-03-01,2022,3,1,202203,X,exports,CHN,China,85,"Electrical machinery and equipment and parts thereof; sound recorders and reproducers; television image and sound recorders and reproducers, parts and accessories of such articles",37848141.05,37848141.05,,False,0.13342055503651729,0.10470052089481174,33734351.28700001,32653008.1415,2975528.3534226483,False
2022-04-01,2022,4,2,202204,X,exports,CHN,China,85,"Electrical machinery and equipment and parts thereof; sound recorders and reproducers; television image and sound recorders and reproducers, parts and accessories of such articles",31831579.395,31831579.395,,False,-0.15896584318505114,0.05517250706985366,34357523.03133334,32791708.056083333,2886583.581946228,False
2022-05-01,2022,5,2,202205,X,exports,CHN,China,85,"Electrical machinery and equipment and parts thereof; sound recorders and reproducers; television image and sound recorders and reproducers, parts and accessories of such articles",32041264.536,32041264.536,,False,0.006587330725817964,0.09290607981929289,33906994.99366667,33018689.155333336,2688878.6310795783,False
2022-06-01,2022,6,2,202206,X,exports,CHN,China,85,"Electrical machinery and equipment and parts thereof; sound recorders and reproducers; television image and sound recorders and reproducers, parts and accessories of such articles",33866852.658,33866852.658,,False,0.056976157103564296,0.007674115201629084,32579898.863000005,33040182.39116667,2695049.337764703,False
2022-07-01,2022,7,3,202207,X,exports,CHN,China,85,"Electrical machinery and equipment and parts thereof; sound recorders and reproducers; television image and sound recorders and reproducers, parts and accessories of such articles",34748889.217,34748889.217,,False,0.02604424355304369,0.22915816224742724,33552335.470333338,33580049.963250004,2267724.504544079,False
2022-08-01,2022,8,3,202208,X,exports,CHN,China,85,"Electrical machinery and equipment and parts thereof; sound recorders and reproducers; television image and sound recorders and reproducers, parts and accessories of such articles",41275895.908,41275895.908,,False,0.18783353477114395,0.32110992278968253,36630545.92766667,34416095.69516667,3044316.81803642,True
2022-09-01,2022,9,3,202209,X,exports,CHN,China,85,"Electrical machinery and equipment and parts thereof; sound recorders and reproducers; television image and sound recorders and reproducers, parts and accessories of such articles",37206972.113,37206972.113,,False,-0.09857869115837581,0.14900190803640112,37743919.079333335,34818177.26108333,3069763.0566198635,False
2022-10-01,2022,10,4,202210,X,exports,CHN,China,85,"Electrical machinery and equipment and parts thereof; sound recorders and reproducers; television image and sound recorders and reproducers, parts and accessories of such articles",32147600.685,32147600.685,,False,-0.13597912274705826,-0.04634237512235273,36876822.902,34687994.60683333,3153035.906867962,False
2022-11-01,2022,11,4,202211,X,exports,CHN,China,85,"Electrical machinery and equipment and parts thereof; sound recorders and reproducers; television image and sound recorders and reproducers, parts and accessories of such articles",33440599.436,33440599.436,,False,0.040220692165163996,-0.06626814451543095,34265057.41133334,34490217.762666665,3150423.9940300533,False
2022-12-01,2022,12,4,202212,X,exports,CHN,China,85,"Electrical machinery and equipment and parts thereof; sound recorders and reproducers; television image and sound recorders and reproducers, parts and accessories of such articles",35530938.215,35530938.215,,False,0.06250901043208201,-0.016305887914353057,33706379.44533334,34441137.16866667,3127229.3191154264,False
2023-01-01,2023,1,1,202301,X,exports,CHN,China,85,"Electrical machinery and equipment and parts thereof; sound recorders and reproducers; television image and sound recorders and reproducers, parts and accessories of such articles",33058619.751,33058619.751,,False,-0.0695821328736057,0.10334920759322275,34010052.46733334,34699183.46775,2838459.890650387,False
2023-02-01,2023,2,1,202302,X,exports,CHN,China,85,"Electrical machinery and equipment and parts thereof; sound recorders and reproducers; television image and sound recorders and reproducers, parts and accessories of such articles",32036229.374,32036229.374,,False,-0.030926589939347715,-0.0406260420984067,33541929.113333344,34586131.8615,2921034.1555653606,False
2023-03-01,2023,3,1,202303,X,exports,CHN,China,85,"Electrical machinery and equipment and parts thereof; sound recorders and reproducers; television image and sound recorders and reproducers, parts and accessories of such articles",38473429.732,38473429.732,,False,0.2009350190014656,0.01652098794426804,34522759.61900001,34638239.251666665,2989293.691958163,False
2023-04-01,2023,4,2,202304,X,exports,CHN,China,85,"Electrical machinery and equipment and parts thereof; sound recorders and reproducers; television image and sound recorders and reproducers, parts and accessories of such articles",24089372.303,24089372.303,,False,-0.3738699026626203,-0.24322409503865583,31533010.46966667,33993055.32733334,4228697.965736017,True
2023-05-01,2023,5,2,202305,X,exports,CHN,China,85,"Electrical machinery and equipment and parts thereof; sound recorders and reproducers; television image and sound recorders and reproducers, parts and accessories of such articles",33927937.688,33927937.688,,False,0.40841933368993355,0.05888260589341687,32163579.907666672,34150278.089999996,4184374.3573641325,False
2023-06-01,2023,6,2,202306,X,exports,CHN,China,85,"Electrical machinery and equipment and parts thereof; sound recorders and reproducers; television image and sound recorders and reproducers, parts and accessories of such articles",28031397.749,28031397.749,,False,-0.17379600237492632,-0.17230579315794647,28682902.58000001,33663990.18091667,4543942.339922614,False
2023-07-01,2023,7,3,202307,X,exports,CHN,China,85,"Electrical machinery and equipment and parts thereof; sound recorders and reproducers; television image and sound recorders and reproducers, parts and accessories of such articles",31281889.342,31281889.342,,False,0.11595895510119392,-0.09977296981636641,31080408.25966667,33375073.524666667,4578777.688731945,False
2023-08-01,2023,8,3,202308,X,exports,CHN,China,85,"Electrical machinery and equipment and parts thereof; sound recorders and reproducers; television image and sound recorders and reproducers, parts and accessories of such articles",32828810.791,32828810.791,,False,0.04945102362864828,-0.2046493463358794,30714032.627333343,32671149.76491667,3844081.177340855,False
2023-09-01,2023,9,3,202309,X,exports,CHN,China,85,"Electrical machinery and equipment and parts thereof; sound recorders and reproducers; television image and sound recorders and reproducers, parts and accessories of such articles",27870829.357,27870829.357,,False,-0.1510253132702336,-0.2509245505827651,30660509.83000001,31893137.868583336,3786967.155354883,False
2023-10-01,2023,10,4,202310,X,exports,CHN,China,85,"Electrical machinery and equipment and parts thereof; sound recorders and reproducers; television image and sound recorders and reproducers, parts and accessories of such articles",36930467.41,36930467.41,,False,0.3250580718985525,0.14877834186959005,32543369.186000004,32291710.095666666,4058167.324102746,False
2023-11-01,2023,11,4,202311,X,exports,CHN,China,85,"Electrical machinery and equipment and parts thereof; sound recorders and reproducers; television image and sound recorders and reproducers, parts and accessories of such articles",34374087.683,34374087.683,,False,-0.06922142897947137,0.027914817998001107,33058461.483333338,32369500.78291667,4091006.492541574,False
2023-12-01,2023,12,4,202312,X,exports,CHN,China,85,"Electrical machinery and equipment and parts thereof; sound recorders and reproducers; television image and sound recorders and reproducers, parts and accessories of such articles",24053490.493,24053490.493,,False,-0.30024352312059,-0.3230268689374095,31786015.195333336,31413046.806083333,4595287.757629435,False
2024-01-01,2024,1,1,202401,X,exports,CHN,China,85,"Electrical machinery and equipment and parts thereof; sound recorders and reproducers; television image and sound recorders and reproducers, parts and accessories of such articles",22991821.876,22991821.876,,False,-0.044137819303562864,-0.3045135565496647,27139800.01733334,30574146.98316667,5152646.710724571,False
2024-02-01,2024,2,1,202402,X,exports,CHN,China,85,"Electrical machinery and equipment and parts thereof; sound recorders and reproducers; television image and sound recorders and reproducers, parts and accessories of such articles",24001301.433,24001301.433,,False,0.04390602721456127,-0.25080754189882903,23682204.600666672,29904569.65475,5458371.864351239,False
2024-03-01,2024,3,1,202403,X,exports,CHN,China,85,"Electrical machinery and equipment and parts thereof; sound recorders and reproducers; television image and sound recorders and reproducers, parts and accessories of such articles",35566326.59,35566326.59,,False,0.4818499192339194,-0.0755613201695412,27519816.633000005,29662311.059583336,5095969.132132594,False
2024-04-01,2024,4,2,202404,X,exports,CHN,China,85,"Electrical machinery and equipment and parts thereof; sound recorders and reproducers; television image and sound recorders and reproducers, parts and accessories of such articles",25439655.451,25439655.451,,False,-0.28472637210296736,0.056053064854323376,28335761.158000007,29774834.655249998,4975203.519283691,False
2024-05-01,2024,5,2,202405,X,exports,CHN,China,85,"Electrical machinery and equipment and parts thereof; sound recorders and reproducers; television image and sound recorders and reproducers, parts and accessories of such articles",40505508.039,40505508.039,,False,0.592219207410994,0.19386885261011377,33837163.36000001,30322965.517833333,5772764.170096966,False
2024-06-01,2024,6,2,202406,X,exports,CHN,China,85,"Electrical machinery and equipment and parts thereof; sound recorders and reproducers; television image and sound recorders and reproducers, parts and accessories of such articles",31487671.488,31487671.488,,False,-0.2226323526745383,0.12330008549514093,32477611.659333337,30610988.329416666,5734129.396366241,False
2024-07-01,2024,7,3,202407,X,exports,CHN,China,85,"Electrical machinery and equipment and parts thereof; sound recorders and reproducers; television image and sound recorders and reproducers, parts and accessories of such articles",35951122.972,35951122.972,,False,0.14175235173236067,0.14926315923415,35981434.16633334,31000091.13191667,5938570.054530723,False
2024-08-01,2024,8,3,202408,X,exports,CHN,China,85,"Electrical machinery and equipment and parts thereof; sound recorders and reproducers; television image and sound recorders and reproducers, parts and accessories of such articles",41146341.26,41146341.26,,False,0.14450781668339574,0.2533606995986659,36195045.24000001,31693218.671,6617949.585395109,False
2024-09-01,2024,9,3,202409,X,exports,CHN,China,85,"Electrical machinery and equipment and parts thereof; sound recorders and reproducers; television image and sound recorders and reproducers, parts and accessories of such articles",37358979.801,37358979.801,,False,-0.09204612957122982,0.3404330141190064,38152148.01100001,32483897.874666665,6686199.693400039,False
2024-10-01,2024,10,4,202410,X,exports,CHN,China,85,"Electrical machinery and equipment and parts thereof; sound recorders and reproducers; television image and sound recorders and reproducers, parts and accessories of such articles",28218003.792,28218003.792,,False,-0.24467948690492136,-0.2359153357382323,35574441.61766667,31757859.23983333,6632277.932005088,False
2024-11-01,2024,11,4,202411,X,exports,CHN,China,85,"Electrical machinery and equipment and parts thereof; sound recorders and reproducers; television image and sound recorders and reproducers, parts and accessories of such articles",30192019.847,30192019.847,,False,0.06995590721267275,-0.12166338419123413,31923001.146666672,31409353.58683333,6592060.95305156,False
2024-12-01,2024,12,4,202412,X,exports,CHN,China,85,"Electrical machinery and equipment and parts thereof; sound recorders and reproducers; television image and sound recorders and reproducers, parts and accessories of such articles",33998321.685,33998321.685,,False,0.126069797823686,0.4134464889781433,30802781.77466667,32238089.519500002,6196482.423712875,False
2015-01-01,2015,1,1,201501,M,imports,CHN,China,85,"Electrical machinery and equipment and parts thereof; sound recorders and reproducers; television image and sound recorders and reproducers, parts and accessories of such articles",453132464.0,0.0,453132464.0,False,,,453132464.0,,,False
2015-02-01,2015,2,1,201502,M,imports,CHN,China,85,"Electrical machinery and equipment and parts thereof; sound recorders and reproducers; television image and sound recorders and reproducers, parts and accessories of such articles",495085754.0,0.0,495085754.0,False,0.09258504594806527,,474109109.0,,,False
2015-03-01,2015,3,1,201503,M,imports,CHN,China,85,"Electrical machinery and equipment and parts thereof; sound recorders and reproducers; television image and sound recorders and reproducers, parts and accessories of such articles",516504777.0,0.0,516504777.0,False,0.043263258590955145,,488240998.3333333,,,False
2015-04-01,2015,4,2,201504,M,imports,CHN,China,85,"Electrical machinery and equipment and parts thereof; sound recorders and reproducers; television image and sound recorders and reproducers, parts and accessories of such articles",551910809.0,0.0,551910809.0,False,0.06854928274942163,,521167113.3333333,,,False
2015-05-01,2015,5,2,201505,M,imports,CHN,China,85,"Electrical machinery and equipment and parts thereof; sound recorders and reproducers; television image and sound recorders and reproducers, parts and accessories of such articles",502010751.0,0.0,502010751.0,False,-0.09041326458239374,,523475445.6666667,,,False
2015-06-01,2015,6,2,201506,M,imports,CHN,China,85,"Electrical machinery and equipment and parts thereof; sound recorders and reproducers; television image and sound recorders and reproducers, parts and accessories of such articles",575579771.0,0.0,575579771.0,False,0.14654869413344507,,543167110.3333334,515704054.3333333,43415426.90861108,False
2015-07-01,2015,7,3,201507,M,imports,CHN,China,85,"Electrical machinery and equipment and parts thereof; sound recorders and reproducers; television image and sound recorders and reproducers, parts and accessories of such articles",444751115.0,0.0,444751115.0,False,-0.2272989124907936,,507447212.3333333,505567920.14285713,47853295.87052678,False
2015-08-01,2015,8,3,201508,M,imports,CHN,China,85,"Electrical machinery and equipment and parts thereof; sound recorders and reproducers; television image and sound recorders and reproducers, parts and accessories of such articles",515540200.0,0.0,515540200.0,False,0.15916561558254894,,511957028.6666667,506814455.125,44443612.949265085,False
2015-09-01,2015,9,3,201509,M,imports,CHN,China,85,"Electrical machinery and equipment and parts thereof; sound recorders and reproducers; television image and sound recorders and reproducers, parts and accessories of such articles",537795757.0,0.0,537795757.0,False,0.04316939202801251,,499362357.3333333,510256822.0,42836659.50800725,False
2015-10-01,2015,10,4,201510,M,imports,CHN,China,85,"Electrical machinery and equipment and parts thereof; sound recorders and reproducers; television image and sound recorders and reproducers, parts and accessories of such articles",535153082.0,0.0,535153082.0,False,-0.004913900798960702,,529496346.3333333,512746448.0,41146994.71708235,False
2015-11-01,2015,11,4,201511,M,imports,CHN,China,85,"Electrical machinery and equipment and parts thereof; sound recorders and reproducers; television image and sound recorders and reproducers, parts and accessories of such articles",590522317.0,0.0,590522317.0,False,0.10346429248444466,,554490385.3333334,519816981.54545456,45537726.640821904,False
2015-12-01,2015,12,4,201512,M,imports,CHN,China,85,"Electrical machinery and equipment and parts thereof; sound recorders and reproducers; television image and sound recorders and reproducers, parts and accessories of such articles",600405647.0,0.0,600405647.0,False,0.016736590160063347,,575360348.6666666,526532703.6666667,49258287.15932413,False
2016-01-01,2016,1,1,201601,M,imports,CHN,China,85,"Electrical machinery and equipment and parts thereof; sound recorders and reproducers; television image and sound recorders and reproducers, parts and accessories of such articles",439878069.0,0.0,439878069.0,False,-0.26736520351215154,-0.029250596796790096,543602011.0,525428170.75,51165469.53765539,False
2016-02-01,2016,2,1,201602,M,imports,CHN,China,85,"Electrical machinery and equipment and parts thereof; sound recorders and reproducers; television image and sound recorders and reproducers, parts and accessories of such articles",501165365.0,0.0,501165365.0,False,0.139327919073865,0.01227991504679804,513816360.3333333,525934805.0,50866938.139503144,False
2016-03-01,2016,3,1,201603,M,imports,CHN,China,85,"Electrical machinery and equipment and parts thereof; sound recorders and reproducers; television image and sound recorders and reproducers, parts and accessories of such articles",480016838.0,0.0,480016838.0,False,-0.0421987002234282,-0.07064395263085821,473686757.3333333,522894143.4166667,52544774.105283886,False
2016-04-01,2016,4,2,201604,M,imports,CHN,China,85,"Electrical machinery and equipment and parts thereof; sound recorders and reproducers; television image and sound recorders and reproducers, parts and accessories of such articles",499880040.0,0.0,499880040.0,False,0.04138021924972546,-0.09427387206689042,493687414.3333333,518558246.0,52077362.15663994,False
2016-05-01,2016,5,2,201605,M,imports,CHN,China,85,"Electrical machinery and equipment and parts thereof; sound recorders and reproducers; television image and sound recorders and reproducers, parts and accessories of such articles",565353641.0,0.0,565353641.0,False,0.13097862639204405,0.12617835349904682,515083506.3333333,523836820.1666667,53440023.64653734,False
2016-06-01,2016,6,2,201606,M,imports,CHN,China,85,"Electrical machinery and equipment and parts thereof; sound recorders and reproducers; television image and sound recorders and reproducers, parts and accessories of such articles",541646855.0,0.0,541646855.0,False,-0.0419326670613942,-0.05895432346596485,535626845.3333333,521009077.1666667,51308432.95466986,False
2016-07-01,2016,7,3,201607,M,imports,CHN,China,85,"Electrical machinery and equipment and parts thereof; sound recorders and reproducers; television image and sound recorders and reproducers, parts and accessories of such articles",340454712.0,0.0,340454712.0,False,-0.37144523436769517,-0.234505096181715,482485069.3333333,512317710.25,70605325.51074837,True
2016-08-01,2016,8,3,201608,M,imports,CHN,China,85,"Electrical machinery and equipment and parts thereof; sound recorders and reproducers; television image and sound recorders and reproducers, parts and accessories of such articles",601323792.0,0.0,601323792.0,False,0.7662372433253326,0.1663955439362439,494475119.6666667,519466342.9166667,75157225.90042926,False
2016-09-01,2016,9,3,201609,M,imports,CHN,China,85,"Electrical machinery and equipment and parts thereof; sound recorders and reproducers; television image and sound recorders and reproducers, parts and accessories of such articles",526940300.0,0.0,526940300.0,False,-0.1236995658405613,-0.02018509231191279,489572934.6666667,518561721.5,74981674.84640074,False
2016-10-01,2016,10,4,201610,M,imports,CHN,China,85,"Electrical machinery and equipment and parts thereof; sound recorders and reproducers; television image and sound recorders and reproducers, parts and accessories of such articles",535631632.0,0.0,535631632.0,False,0.016493959562402072,0.0008942301111516393,554631908.0,518601600.6666667,74991427.8177221,False
2016-11-01,2016,11,4,201611,M,imports,CHN,China,85,"Electrical machinery and equipment and parts thereof; sound recorders and reproducers; television image and sound recorders and reproducers, parts and accessories of such articles",725868556.0,0.0,725868556.0,False,0.3551637219214865,0.22919750042232523,596146829.3333334,529880453.9166667,94446380.97651763,True
2016-12-01,2016,12,4,201612,M,imports,CHN,China,85,"Electrical machinery and equipment and parts thereof; sound recorders and reproducers; television image and sound recorders and reproducers, parts and accessories of such articles",644538177.0,0.0,644538177.0,False,-0.11204560154552279,0.07350452185204048,635346121.6666666,533558164.75,98225895.30571686,False
2017-01-01,2017,1,1,201701,M,imports,CHN,China,85,"Electrical machinery and equipment and parts thereof; sound recorders and reproducers; television image and sound recorders and reproducers, parts and accessories of such articles",637716016.0,0.0,637716016.0,False,-0.010584572401519665,0.4497563323621847,669374249.6666666,550044660.3333334,97674242.8095289,False
2017-02-01,2017,2,1,201702,M,imports,CHN,China,85,"Electrical machinery and equipment and parts thereof; sound recorders and reproducers; television image and sound recorders and reproducers, parts and accessories of such articles",413763257.0,0.0,413763257.0,False,-0.35117944881597585,-0.17439774195090274,565339150.0,542761151.3333334,104659480.79998441,False
2017-03-01,2017,3,1,201703,M,imports,CHN,China,85,"Electrical machinery and equipment and parts thereof; sound recorders and reproducers; television image and sound recorders and reproducers, parts and accessories of such articles",710465871.0,0.0,710465871.0,False,0.7170830395894723,0.4800853110906913,587315048.0,561965237.4166666,112916758.24163416,False
2017-04-01,2017,4,2,201704,M,imports,CHN,China,85,"Electrical machinery and equipment and parts thereof; sound recorders and reproducers; television image and sound recorders and reproducers, parts and accessories of such articles",632232397.0,,632232397.0,False,-0.11011573840962163,0.2647682371954678,585487175.0,572994600.5,112764951.4324341,False
2017-05-01,2017,5,2,201705,M,imports,CHN,China,85,"Electrical machinery and equipment and parts thereof; sound recorders and reproducers; television image and sound recorders and reproducers, parts and accessories of such articles",726759503.0,0.0,726759503.0,False,0.14951322717491178,0.2854953966768563,689819257.0,586445089.0,121089580.01685503,False
2017-06-01,2017,6,2,201706,M,imports,CHN,China,85,"Electrical machinery and equipment and parts thereof; sound recorders and reproducers; television image and sound recorders and reproducers, parts and accessories of such articles",417882771.0,,417882771.0,False,-0.42500542576324596,-0.22849589701762418,592291557.0,576131415.3333334,130181503.07838604,False
2017-07-01,2017,7,3,201707,M,imports,CHN,China,85,"Electrical machinery and equipment and parts thereof; sound recorders and reproducers; television image and sound recorders and reproducers, parts and accessories of such articles",607823890.0,0.0,607823890.0,False,0.4545320654054914,0.785329644666513,584155388.0,598412180.1666666,106993277.55388771,False
2017-08-01,2017,8,3,201708,M,imports,CHN,China,85,"Electrical machinery and equipment and parts thereof; sound recorders and reproducers; television image and sound recorders and reproducers, parts and accessories of such articles",627582145.0,0.0,627582145.0,False,0.032506545604846115,0.04366757701814006,551096268.6666666,600600376.25,107326234.52847621,False
2017-09-01,2017,9,3,201709,M,imports,CHN,China,85,"Electrical machinery and equipment and parts thereof; sound recorders and reproducers; television image and sound recorders and reproducers, parts and accessories of such articles",667046102.0,0.0,667046102.0,False,0.06288253627738238,0.26588553200428966,634150712.3333334,612275859.75,106199448.49046123,False
2017-10-01,2017,10,4,201710,M,imports,CHN,China,85,"Electrical machinery and equipment and parts thereof; sound recorders and reproducers; television image and sound recorders and reproducers, parts and accessories of such articles",703833244.0,0.0,703833244.0,False,0.05514932459645805,0.31402479232219793,666153830.3333334,626292660.75,106263959.46650298,False
2017-11-01,2017,11,4,201711,M,imports,CHN,China,85,"Electrical machinery and equipment and parts thereof; sound recorders and reproducers; television image and sound recorders and reproducers, parts and accessories of such articles",852991901.0,0.0,852991901.0,False,0.21192329045486225,0.17513273436244559,741290415.6666666,636886272.8333334,122230338.11318804,False
2017-12-01,2017,12,4,201712,M,imports,CHN,China,85,"Electrical machinery and equipment and parts thereof; sound recorders and reproducers; television image and sound recorders and reproducers, parts and accessories of such articles",871290017.0,0.0,871290017.0,False,0.021451687851371526,0.3518051344226272,809371720.6666666,655782259.5,139787070.21902373,False
2018-01-01,2018,1,1,201801,M,imports,CHN,China,85,"Electrical machinery and equipment and parts thereof; sound recorders and reproducers; television image and sound recorders and reproducers, parts and accessories of such articles",844893024.0,0.0,844893024.0,False,-0.03029644835239742,0.324873459035095,856391647.3333334,673047010.1666666,149789035.80253622,False
2018-02-01,2018,2,1,201802,M,imports,CHN,China,85,"Electrical machinery and equipment and parts thereof; sound recorders and reproducers; television image and sound recorders and reproducers, parts and accessories of such articles",807132922.0,0.0,807132922.0,False,-0.04469216921833641,0.9507119309049716,841105321.0,705827815.5833334,129565813.51996277,False
2018-03-01,2018,3,1,201803,M,imports,CHN,China,85,"Electrical machinery and equipment and parts thereof; sound recorders and reproducers; television image and sound recorders and reproducers, parts and accessories of such articles",670259606.0,0.0,670259606.0,False,-0.16957964700639483,-0.056591409441538065,774095184.0,702477293.5,129954248.71858573,False
2018-04-01,2018,4,2,201804,M,imports,CHN,China,85,"Electrical machinery and equipment and parts thereof; sound recorders and reproducers; television image and sound recorders and reproducers, parts and accessories of such articles",856313270.0,0.0,856313270.0,False,0.2775844797068079,0.3544280142290779,777901932.6666666,721150699.5833334,134946448.4373872,False
2018-05-01,2018,5,2,201805,M,imports,CHN,China,85,"Electrical machinery and equipment and parts thereof; sound recorders and reproducers; television image and sound recorders and reproducers, parts and accessories of such articles",960259692.0,0.0,960259692.0,False,0.12138831154631058,0.3212894885256148,828944189.3333334,740609048.6666666,151631762.92184988,False
2018-06-01,2018,6,2,201806,M,imports,CHN,China,85,"Electrical machinery and equipment and parts thereof; sound recorders and reproducers; television image and sound recorders and reproducers, parts and accessories of such articles",536979468.0,0.0,536979468.0,False,-0.44079765872334464,0.28500025668682083,784517476.6666666,750533773.4166666,131094990.08672018,False
2018-07-01,2018,7,3,201807,M,imports,CHN,China,85,"Electrical machinery and equipment and parts thereof; sound recorders and reproducers; television image and sound recorders and reproducers, parts and accessories of such articles",835189503.0,0.0,835189503.0,False,0.5553471832185584,0.374064949964372,777476221.0,769480907.8333334,124877181.69154662,False
2018-08-01,2018,8,3,201808,M,imports,CHN,China,85,"Electrical machinery and equipment and parts thereof; sound recorders and reproducers; television image and sound recorders and reproducers, parts and accessories of such articles",868930331.0,0.0,868930331.0,False,0.0403990087025794,0.384568279902227,747033100.6666666,789593256.6666666,119254603.70259279,False
2018-09-01,2018,9,3,201809,M,imports,CHN,China,85,"Electrical machinery and equipment and parts thereof; sound recorders and reproducers; television image and sound recorders and reproducers, parts and accessories of such articles",838451774.0,0.0,838451774.0,False,-0.035075950179946025,0.2569622571604504,847523869.3333334,803877062.6666666,113361565.46837811,False
2018-10-01,2018,10,4,201810,M,imports,CHN,China,85,"Electrical machinery and equipment and parts thereof; sound recorders and reproducers; television image and sound recorders and reproducers, parts and accessories of such articles",970273630.0,0.0,970273630.0,False,0.15722055828103,0.3785561257177559,892551911.6666666,826080428.1666666,117984000.63816196,False
2018-11-01,2018,11,4,201811,M,imports,CHN,China,85,"Electrical machinery and equipment and parts thereof; sound recorders and reproducers; television image and sound recorders and reproducers, parts and accessories of such articles",906563803.0,0.0,906563803.0,False,-0.06566171132570098,0.062804701823306,905096402.3333334,830544753.3333334,120089607.58027263,False
2018-12-01,2018,12,4,201812,M,imports,CHN,China,85,"Electrical machinery and equipment and parts thereof; sound recorders and reproducers; television image and sound recorders and reproducers, parts and accessories of such articles",966109509.0,0.0,966109509.0,False,0.06568286291924674,0.10882655619822157,947648980.6666666,838446377.6666666,125988834.56988558,False
2019-01-01,2019,1,1,201901,M,imports,CHN,China,85,"Electrical machinery and equipment and parts thereof; sound recorders and reproducers; television image and sound recorders and reproducers, parts and accessories of such articles",779907457.0,0.0,779907457.0,False,-0.1927338984508432,-0.07691573389059014,884193589.6666666,833030913.75,127078490.34418795,False
2019-02-01,2019,2,1,201902,M,imports,CHN,China,85,"Electrical machinery and equipment and parts thereof; sound recorders and reproducers; television image and sound recorders and reproducers, parts and accessories of such articles",608037474.0,0.0,608037474.0,False,-0.22037227809196347,-0.24666996299278698,784684813.3333334,816439626.4166666,142792431.0316022,False
2019-03-01,2019,3,1,201903,M,imports,CHN,China,85,"Electrical machinery and equipment and parts thereof; sound recorders and reproducers; television image and sound recorders and reproducers, parts and accessories of such articles",692852935.0,0.0,692852935.0,False,0.13949051600724194,0.03370832554692238,693599288.6666666,818322403.8333334,140825164.22718713,False
2019-04-01,2019,4,2,201904,M,imports,CHN,China,85,"Electrical machinery and equipment and parts thereof; sound recorders and reproducers; television image and sound recorders and reproducers, parts and accessories of such articles",862074864.0,0.0,862074864.0,False,0.24423931898332807,0.006728371732461991,720988424.3333334,818802536.6666666,140976207.27814865,False
2019-05-01,2019,5,2,201905,M,imports,CHN,China,85,"Electrical machinery and equipment and parts thereof; sound recorders and reproducers; television image and sound recorders and reproducers, parts and accessories of such articles",758054578.0,0.0,758054578.0,False,-0.12066270615680541,-0.21057336435610796,770994125.6666666,801952110.5,134465320.48586684,False
2019-06-01,2019,6,2,201906,M,imports,CHN,China,85,"Electrical machinery and equipment and parts thereof; sound recorders and reproducers; television image and sound recorders and reproducers, parts and accessories of such articles",520359547.0,0.0,520359547.0,False,-0.3135592579984393,-0.030950756947749847,713496329.6666666,800567117.0833334,137494131.64698204,True
2019-07-01,2019,7,3,201907,M,imports,CHN,China,85,"Electrical machinery and equipment and parts thereof; sound recorders and reproducers; television image and sound recorders and reproducers, parts and accessories of such articles",770831400.0,0.0,770831400.0,False,0.481343821678744,-0.07705808414596416,683081841.6666666,795203941.8333334,137275879.5239071,False
2019-08-01,2019,8,3,201908,M,imports,CHN,China,85,"Electrical machinery and equipment and parts thereof; sound recorders and reproducers; television image and sound recorders and reproducers, parts and accessories of such articles",790054493.0,0.0,790054493.0,False,0.02493812914211846,-0.09077348918091799,693748480.0,788630955.3333334,135298936.57952946,False
2019-09-01,2019,9,3,201909,M,imports,CHN,China,85,"Electrical machinery and equipment and parts thereof; sound recorders and reproducers; television image and sound recorders and reproducers, parts and accessories of such articles",826885562.0,0.0,826885562.0,False,0.046618390663338616,-0.013794725419711495,795923818.3333334,787667104.3333334,134952509.3197499,False
2019-10-01,2019,10,4,201910,M,imports,CHN,China,85,"Electrical machinery and equipment and parts thereof; sound recorders and reproducers; television image and sound recorders and reproducers, parts and accessories of such articles",881983961.0,0.0,881983961.0,False,0.0666336450073366,-0.09099460839722084,832974672.0,780309631.9166666,126215873.84670268,False
2019-11-01,2019,11,4,201911,M,imports,CHN,China,85,"Electrical machinery and equipment and parts thereof; sound recorders and reproducers; television image and sound recorders and reproducers, parts and accessories of such articles",908258068.0,0.0,908258068.0,False,0.029789778682834722,0.0018688866623544076,872375863.6666666,780450820.6666666,126370797.21950585,False
2019-12-01,2019,12,4,201912,M,imports,CHN,China,85,"Electrical machinery and equipment and parts thereof; sound recorders and reproducers; television image and sound recorders and reproducers, parts and accessories of such articles",823712116.0,0.0,823712116.0,False,-0.09308582547047628,-0.14739260060424475,871318048.3333334,768584371.25,113369068.23131114,False
2020-01-01,2020,1,1,202001,M,imports,CHN,China,85,"Electrical machinery and equipment and parts thereof; sound recorders and reproducers; television image and sound recorders and reproducers, parts and accessories of such articles",808995314.0,0.0,808995314.0,False,-0.017866438667268558,0.03729654940329663,846988499.3333334,771008359.3333334,113942699.05698483,False
2020-02-01,2020,2,1,202002,M,imports,CHN,China,85,"Electrical machinery and equipment and parts thereof; sound recorders and reproducers; television image and sound recorders and reproducers, parts and accessories of such articles",443568788.0,0.0,443568788.0,False,-0.451704131873377,-0.27049103555745646,692092072.6666666,757302635.5,141811438.9447468,True
2020-03-01,2020,3,1,202003,M,imports,CHN,China,85,"Electrical machinery and equipment and parts thereof; sound recorders and reproducers; television image and sound recorders and reproducers, parts and accessories of such articles",698398170.0,0.0,698398170.0,False,0.574498000972963,0.008003480565468069,650320757.3333334,757764738.4166666,141591196.45958024,False
2020-04-01,2020,4,2,202004,M,imports,CHN,China,85,"Electrical machinery and equipment and parts thereof; sound recorders and reproducers; television image and sound recorders and reproducers, parts and accessories of such articles",809068818.0,0.0,809068818.0,False,0.15846354236581117,-0.06148659265397627,650345258.6666666,753347567.9166666,138841343.59482518,False
2020-05-01,2020,5,2,202005,M,imports,CHN,China,85,"Electrical machinery and equipment and parts thereof; sound recorders and reproducers; television image and sound recorders and reproducers, parts and accessories of such articles",514445745.0,0.0,514445745.0,False,-0.3641508193682481,-0.3213605458893489,673970911.0,733046831.8333334,154964099.07578275,False
2020-06-01,2020,6,2,202006,M,imports,CHN,China,85,"Electrical machinery and equipment and parts thereof; sound recorders and reproducers; television image and sound recorders and reproducers, parts and accessories of such articles",638252136.0,0.0,638252136.0,False,0.2406597628677054,0.22655986553851015,653922233.0,742871214.25,143572763.74273238,False
2020-07-01,2020,7,3,202007,M,imports,CHN,China,85,"Electrical machinery and equipment and parts thereof; sound recorders and reproducers; television image and sound recorders and reproducers, parts and accessories of such articles",852902835.0,0.0,852902835.0,False,0.3363101929360406,0.1064713178523864,668533572.0,749710500.5,146941051.54380015,False
2020-08-01,2020,8,3,202008,M,imports,CHN,China,85,"Electrical machinery and equipment and parts thereof; sound recorders and reproducers; television image and sound recorders and reproducers, parts and accessories of such articles",899210676.0,0.0,899210676.0,False,0.054294392162502314,0.1381628532805521,796788549.0,758806849.0833334,152922482.1362628,False
2020-09-01,2020,9,3,202009,M,imports,CHN,China,85,"Electrical machinery and equipment and parts thereof; sound recorders and reproducers; television image and sound recorders and reproducers, parts and accessories of such articles",951562930.0,0.0,951562930.0,False,0.058220231806945355,0.15077947146451698,901225480.3333334,769196629.75,161937969.61693728,False
2020-10-01,2020,10,4,202010,M,imports,CHN,China,85,"Electrical machinery and equipment and parts thereof; sound recorders and reproducers; television image and sound recorders and reproducers, parts and accessories of such articles",652118602.0,0.0,652118602.0,False,-0.31468683631885497,-0.26062306024179505,834297402.6666666,750041183.1666666,160976021.62656128,False
2020-11-01,2020,11,4,202011,M,imports,CHN,China,85,"Electrical machinery and equipment and parts thereof; sound recorders and reproducers; television image and sound recorders and reproducers, parts and accessories of such articles",1001253864.0,0.0,1001253864.0,False,0.5353861413080807,0.10238917690517013,868311798.6666666,757790832.8333334,171199144.65894535,False
2020-12-01,2020,12,4,202012,M,imports,CHN,China,85,"Electrical machinery and equipment and parts thereof; sound recorders and reproducers; television image and sound recorders and reproducers, parts and accessories of such articles",1111398157.0,0.0,1111398157.0,False,0.11000635998544328,0.3492555656423051,921590207.6666666,781764669.5833334,199133624.48349783,False
2021-01-01,2021,1,1,202101,M,imports,CHN,China,85,"Electrical machinery and equipment and parts thereof; sound recorders and reproducers; television image and sound recorders and reproducers, parts and accessories of such articles",892035644.0,,892035644.0,False,-0.19737527151576872,0.10264624351087392,1001562555.0,788684697.0833334,201593592.7092217,False
2021-02-01,2021,2,1,202102,M,imports,CHN,China,85,"Electrical machinery and equipment and parts thereof; sound recorders and reproducers; television image and sound recorders and reproducers, parts and accessories of such articles",1142878913.0,,1142878913.0,False,0.2812031903514385,1.5765539504100547,1048770904.6666666,846960540.8333334,193680948.31557882,False
2021-03-01,2021,3,1,202103,M,imports,CHN,China,85,"Electrical machinery and equipment and parts thereof; sound recorders and reproducers; television image and sound recorders and reproducers, parts and accessories of such articles",1011415621.0,,1011415621.0,False,-0.11502818934239978,0.44819340090768,1015443392.6666666,873045328.4166666,192930771.56667396,False
2021-04-01,2021,4,2,202104,M,imports,CHN,China,85,"Electrical machinery and equipment and parts thereof; sound recorders and reproducers; television image and sound recorders and reproducers, parts and accessories of such articles",1118992444.0,,1118992444.0,False,0.10636262755526493,0.38306213155776314,1091095659.3333333,898872297.25,204013749.70144573,False
2021-05-01,2021,5,2,202105,M,imports,CHN,China,85,"Electrical machinery and equipment and parts thereof; sound recorders and reproducers; television image and sound recorders and reproducers, parts and accessories of such articles",825808558.0,,825808558.0,False,-0.26200702924496244,0.6052393591087044,985405541.0,924819198.3333334,167145376.7201464,False
2021-06-01,2021,6,2,202106,M,imports,CHN,China,85,"Electrical machinery and equipment and parts thereof; sound recorders and reproducers; television image and sound recorders and reproducers, parts and accessories of such articles",910404523.0,,910404523.0,False,0.10244016507273823,0.426402626249887,951735175.0,947498563.9166666,141173073.89402786,False
2021-07-01,2021,7,3,202107,M,imports,CHN,China,85,"Electrical machinery and equipment and parts thereof; sound recorders and reproducers; television image and sound recorders and reproducers, parts and accessories of such articles",925748747.0,,925748747.0,False,0.016854292363835288,0.0854093913288494,887320609.3333334,953569056.5833334,138272029.89088887,False
2021-08-01,2021,8,3,202108,M,imports,CHN,China,85,"Electrical machinery and equipment and parts thereof; sound recorders and reproducers; television image and sound recorders and reproducers, parts and accessories of such articles",949746670.0,,949746670.0,False,0.025922717235932646,0.05620039368838636,928633313.3333334,957780389.4166666,137231605.80843154,False
2021-09-01,2021,9,3,202109,M,imports,CHN,China,85,"Electrical machinery and equipment and parts thereof; sound recorders and reproducers; television image and sound recorders and reproducers, parts and accessories of such articles",853012032.0,,853012032.0,False,-0.10185309520485075,-0.10356739937315551,909502483.0,949567814.5833334,140546351.2187154,False
2021-10-01,2021,10,4,202110,M,imports,CHN,China,85,"Electrical machinery and equipment and parts thereof; sound recorders and reproducers; television image and sound recorders and reproducers, parts and accessories of such articles",851904158.0,,851904158.0,False,-0.0012987788664626798,0.3063638353319049,884887620.0,966216610.9166666,110791373.13332163,False
2021-11-01,2021,11,4,202111,M,imports,CHN,China,85,"Electrical machinery and equipment and parts thereof; sound recorders and reproducers; television image and sound recorders and reproducers, parts and accessories of such articles",1142032800.0,,1142032800.0,False,0.34056488546919383,0.14060263941213624,948982996.6666666,977948188.9166666,121750182.43038628,False
2021-12-01,2021,12,4,202112,M,imports,CHN,China,85,"Electrical machinery and equipment and parts thereof; sound recorders and reproducers; television image and sound recorders and reproducers, parts and accessories of such articles",1237372584.0,,1237372584.0,False,0.08348252694668656,0.11334770190733723,1077103180.6666667,988446057.8333334,138571883.51228604,False
2022-01-01,2022,1,1,202201,M,imports,CHN,China,85,"Electrical machinery and equipment and parts thereof; sound recorders and reproducers; television image and sound recorders and reproducers, parts and accessories of such articles",1148458257.0,,1148458257.0,False,-0.0718573598200879,0.28745781037422313,1175954547.0,1009814608.9166666,142079808.61710155,False
2022-02-01,2022,2,1,202202,M,imports,CHN,China,85,"Electrical machinery and equipment and parts thereof; sound recorders and reproducers; television image and sound recorders and reproducers, parts and accessories of such articles",989525040.0,,989525040.0,False,-0.13838832716059268,-0.1341820828572764,1125118627.0,997035119.5,135780292.30810818,False
2022-03-01,2022,3,1,202203,M,imports,CHN,China,85,"Electrical machinery and equipment and parts thereof; sound recorders and reproducers; television image and sound recorders and reproducers, parts and accessories of such articles",1172123329.0,,1172123329.0,False,0.1845312464250526,0.15889383618685482,1103368875.3333333,1010427428.5,144943876.46456784,False
2022-04-01,2022,4,2,202204,M,imports,CHN,China,85,"Electrical machinery and equipment and parts thereof; sound recorders and reproducers; television image and sound recorders and reproducers, parts and accessories of such articles",1202109725.0,,1202109725.0,False,0.025582970032328456,0.07427867940098443,1121252698.0,1017353868.5833334,152397814.91651067,False
2022-05-01,2022,5,2,202205,M,imports,CHN,China,85,"Electrical machinery and equipment and parts thereof; sound recorders and reproducers; television image and sound recorders and reproducers, parts and accessories of such articles",1150947533.0,,1150947533.0,False,-0.04256033449858332,0.39372197327119496,1175060195.6666667,1044448783.1666666,143914141.80149442,False
2022-06-01,2022,6,2,202206,M,imports,CHN,China,85,"Electrical machinery and equipment and parts thereof; sound recorders and reproducers; television image and sound recorders and reproducers, parts and accessories of such articles",1265773288.0,,1265773288.0,False,0.09976628100561724,0.3903416075185733,1206276848.6666667,1074062846.9166667,150247323.92404,False
2022-07-01,2022,7,3,202207,M,imports,CHN,China,85,"Electrical machinery and equipment and parts thereof; sound recorders and reproducers; television image and sound recorders and reproducers, parts and accessories of such articles",1304344607.0,,1304344607.0,False,0.03047253356163404,0.40896178496258884,1240355142.6666667,1105612501.9166667,155915154.6180421,False
2022-08-01,2022,8,3,202208,M,imports,CHN,China,85,"Electrical machinery and equipment and parts thereof; sound recorders and reproducers; television image and sound recorders and reproducers, parts and accessories of such articles",1407298060.0,,1407298060.0,False,0.07893117543284323,0.48176151015091206,1325805318.3333333,1143741784.4166667,169673162.29221606,False
2022-09-01,2022,9,3,202209,M,imports,CHN,China,85,"Electrical machinery and equipment and parts thereof; sound recorders and reproducers; television image and sound recorders and reproducers, parts and accessories of such articles",1230119295.0,,1230119295.0,False,-0.12589995682933008,0.4420890314006731,1313920654.0,1175167389.6666667,143895562.9599022,False
2022-10-01,2022,10,4,202210,M,imports,CHN,China,85,"Electrical machinery and equipment and parts thereof; sound recorders and reproducers; television image and sound recorders and reproducers, parts and accessories of such articles",1173494272.0,,1173494272.0,False,-0.04603213950887586,0.3774956501620925,1270303875.6666667,1201966565.8333333,102092024.30411133,False
2022-11-01,2022,11,4,202211,M,imports,CHN,China,85,"Electrical machinery and equipment and parts thereof; sound recorders and reproducers; television image and sound recorders and reproducers, parts and accessories of such articles",1263686006.0,,1263686006.0,False,0.07685741307137794,0.10652339057161941,1222433191.0,1212104333.0,101638636.54305303,False
2022-12-01,2022,12,4,202212,M,imports,CHN,China,85,"Electrical machinery and equipment and parts thereof; sound recorders and reproducers; television image and sound recorders and reproducers, parts and accessories of such articles",1192353503.0,,1192353503.0,False,-0.056447964653649874,-0.036382801414969745,1209844593.6666667,1208352742.9166667,101451849.06280717,False
2023-01-01,2023,1,1,202301,M,imports,CHN,China,85,"Electrical machinery and equipment and parts thereof; sound recorders and reproducers; television image and sound recorders and reproducers, parts and accessories of such articles",1325866480.0,,1325866480.0,False,0.11197432360795445,0.15447511646041479,1260635329.6666667,1223136761.5,104801360.57205358,False
2023-02-01,2023,2,1,202302,M,imports,CHN,China,85,"Electrical machinery and equipment and parts thereof; sound recorders and reproducers; television image and sound recorders and reproducers, parts and accessories of such articles",1034884372.0,,1034884372.0,False,-0.2194656191926656,0.045839498917581656,1184368118.3333333,1226916705.8333333,96063258.95688754,False
2023-03-01,2023,3,1,202303,M,imports,CHN,China,85,"Electrical machinery and equipment and parts thereof; sound recorders and reproducers; television image and sound recorders and reproducers, parts and accessories of such articles",1331570237.0,,1331570237.0,False,0.28668503750484686,0.13603253519067193,1230773696.3333333,1240203948.1666667,98784008.95183319,False
2023-04-01,2023,4,2,202304,M,imports,CHN,China,85,"Electrical machinery and equipment and parts thereof; sound recorders and reproducers; television image and sound recorders and reproducers, parts and accessories of such articles",945930266.0,,945930266.0,False,-0.2896129398842969,-0.2131082160573986,1104128291.6666667,1218855659.9166667,130390295.89984833,True
2023-05-01,2023,5,2,202305,M,imports,CHN,China,85,"Electrical machinery and equipment and parts thereof; sound recorders and reproducers; television image and sound recorders and reproducers, parts and accessories of such articles",1240227806.0,,1240227806.0,False,0.31111969938807316,0.07757110592807526,1172576103.0,1226295682.6666667,128699413.5672099,False
2023-06-01,2023,6,2,202306,M,imports,CHN,China,85,"Electrical machinery and equipment and parts thereof; sound recorders and reproducers; television image and sound recorders and reproducers, parts and accessories of such articles",1045394587.0,,1045394587.0,False,-0.157094703132305,-0.17410598176566983,1077184219.6666667,1207930790.9166667,137945451.5644949,False
2023-07-01,2023,7,3,202307,M,imports,CHN,China,85,"Electrical machinery and equipment and parts thereof; sound recorders and reproducers; television image and sound recorders and reproducers, parts and accessories of such articles",1235691416.0,,1235691416.0,False,0.18203349373187439,-0.05263424299955721,1173771269.6666667,1202209691.6666667,134974974.22397265,False
2023-08-01,2023,8,3,202308,M,imports,CHN,China,85,"Electrical machinery and equipment and parts thereof; sound recorders and reproducers; television image and sound recorders and reproducers, parts and accessories of such articles",1076266022.0,,1076266022.0,False,-0.1290171574680583,-0.23522525000851635,1119117341.6666667,1174623688.5,122500240.66370581,False
2023-09-01,2023,9,3,202309,M,imports,CHN,China,85,"Electrical machinery and equipment and parts thereof; sound recorders and reproducers; television image and sound recorders and reproducers, parts and accessories of such articles",960202628.0,,960202628.0,False,-0.10783894653138093,-0.21942316334449496,1090720022.0,1152130632.9166667,135477195.94783443,False
2023-10-01,2023,10,4,202310,M,imports,CHN,China,85,"Electrical machinery and equipment and parts thereof; sound recorders and reproducers; television image and sound recorders and reproducers, parts and accessories of such articles",1160608518.0,,1160608518.0,False,0.20871208238351113,-0.010980670555842287,1065692389.3333334,1151056820.0833333,135343471.9564057,False
2023-11-01,2023,11,4,202311,M,imports,CHN,China,85,"Electrical machinery and equipment and parts thereof; sound recorders and reproducers; television image and sound recorders and reproducers, parts and accessories of such articles",1179997248.0,,1179997248.0,False,0.016705658884368146,-0.066225911818794,1100269464.6666667,1144082756.9166667,131101963.64123857,False
2023-12-01,2023,12,4,202312,M,imports,CHN,China,85,"Electrical machinery and equipment and parts thereof; sound recorders and reproducers; television image and sound recorders and reproducers, parts and accessories of such articles",1061075786.0,,1061075786.0,False,-0.10078113504210473,-0.11009966144243377,1133893850.6666667,1133142947.1666667,132180631.4450727,False
2024-01-01,2024,1,1,202401,M,imports,CHN,China,85,"Electrical machinery and equipment and parts thereof; sound recorders and reproducers; television image and sound recorders and reproducers, parts and accessories of such articles",1308824177.0,,1308824177.0,False,0.23348793202976736,-0.012853709824536819,1183299070.3333333,1131722755.25,129995190.01186478,False
2024-02-01,2024,2,1,202402,M,imports,CHN,China,85,"Electrical machinery and equipment and parts thereof; sound recorders and reproducers; television image and sound recorders and reproducers, parts and accessories of such articles",1286426274.0,,1286426274.0,False,-0.017112996072046083,0.243062808566598,1218775412.3333333,1152684580.4166667,133201478.47929522,False
2024-03-01,2024,3,1,202403,M,imports,CHN,China,85,"Electrical machinery and equipment and parts thereof; sound recorders and reproducers; television image and sound recorders and reproducers, parts and accessories of such articles",1154573972.0,,1154573972.0,False,-0.10249503190728515,-0.13292296574514084,1249941474.3333333,1137934891.6666667,120816097.8175336,False
2024-04-01,2024,4,2,202404,M,imports,CHN,China,85,"Electrical machinery and equipment and parts thereof; sound recorders and reproducers; television image and sound recorders and reproducers, parts and accessories of such articles",1169543749.0,,1169543749.0,False,0.012965628329615564,0.23639531478951525,1203514665.0,1156569348.5833333,104676233.37961806,False
2024-05-01,2024,5,2,202405,M,imports,CHN,China,85,"Electrical machinery and equipment and parts thereof; sound recorders and reproducers; television image and sound recorders and reproducers, parts and accessories of such articles",1304678248.0,,1304678248.0,False,0.11554462936127408,0.05196661588153417,1209598656.3333333,1161940218.75,110831405.87597683,False
2024-06-01,2024,6,2,202406,M,imports,CHN,China,85,"Electrical machinery and equipment and parts thereof; sound recorders and reproducers; television image and sound recorders and reproducers, parts and accessories of such articles",1096985298.0,,1096985298.0,False,-0.15919093486718416,0.049350466935218495,1190402431.6666667,1166239444.6666667,106827840.74504781,False
2024-07-01,2024,7,3,202407,M,imports,CHN,China,85,"Electrical machinery and equipment and parts thereof; sound recorders and reproducers; television image and sound recorders and reproducers, parts and accessories of such articles",1279534275.0,,1279534275.0,False,0.16640968418885782,0.035480426935327936,1227065940.3333333,1169893016.25,110118127.6362056,False
2024-08-01,2024,8,3,202408,M,imports,CHN,China,85,"Electrical machinery and equipment and parts thereof; sound recorders and reproducers; television image and sound recorders and reproducers, parts and accessories of such articles",1257028131.0,,1257028131.0,False,-0.01758932483461606,0.16795300167898453,1211182568.0,1184956525.3333333,108497852.87967779,False
2024-09-01,2024,9,3,202409,M,imports,CHN,China,85,"Electrical machinery and equipment and parts thereof; sound recorders and reproducers; television image and sound recorders and reproducers, parts and accessories of such articles",1052823787.0,,1052823787.0,False,-0.16245009874007343,0.09646001406278182,1196462064.3333333,1192674955.25,93283283.66418594,False
2024-10-01,2024,10,4,202410,M,imports,CHN,China,85,"Electrical machinery and equipment and parts thereof; sound recorders and reproducers; television image and sound recorders and reproducers, parts and accessories of such articles",1118491340.0,,1118491340.0,False,0.062372786225811216,-0.03628887548798776,1142781086.0,1189165190.4166667,95368477.78548738,False
2024-11-01,2024,11,4,202411,M,imports,CHN,China,85,"Electrical machinery and equipment and parts thereof; sound recorders and reproducers; television image and sound recorders and reproducers, parts and accessories of such articles",1228192660.0,,1228192660.0,False,0.09807972228019213,0.04084366474725876,1133169262.3333333,1193181474.75,95960284.32358666,False
2024-12-01,2024,12,4,202412,M,imports,CHN,China,85,"Electrical machinery and equipment and parts thereof; sound recorders and reproducers; television image and sound recorders and reproducers, parts and accessories of such articles",1350626939.0,,1350626939.0,False,0.09968654184922432,0.27288451665788926,1232436979.6666667,1217310737.5,96126168.60837491,False
2015-01-01,2015,1,1,201501,X,exports,DEU,Germany,85,"Electrical machinery and equipment and parts thereof; sound recorders and reproducers; television image and sound recorders and reproducers, parts and accessories of such articles",12626392.0,12626392.0,0.0,False,,,12626392.0,,,False
2015-02-01,2015,2,1,201502,X,exports,DEU,Germany,85,"Electrical machinery and equipment and parts thereof; sound recorders and reproducers; television image and sound recorders and reproducers, parts and accessories of such articles",16485321.0,16485321.0,0.0,False,0.3056240452537826,,14555856.5,,,False
2015-03-01,2015,3,1,201503,X,exports,DEU,Germany,85,"Electrical machinery and equipment and parts thereof; sound recorders and reproducers; television image and sound recorders and reproducers, parts and accessories of such articles",15231150.0,15231150.0,0.0,False,-0.07607804543205432,,14780954.333333334,,,False
2015-04-01,2015,4,2,201504,X,exports,DEU,Germany,85,"Electrical machinery and equipment and parts thereof; sound recorders and reproducers; television image and sound recorders and reproducers, parts and accessories of such articles",24666530.0,24666530.0,0.0,False,0.6194791594856592,,18794333.666666668,,,False
2015-05-01,2015,5,2,201505,X,exports,DEU,Germany,85,"Electrical machinery and equipment and parts thereof; sound recorders and reproducers; television image and sound recorders and reproducers, parts and accessories of such articles",14268322.0,14268322.0,0.0,False,-0.42155130859508816,,18055334.0,,,False
2015-06-01,2015,6,2,201506,X,exports,DEU,Germany,85,"Electrical machinery and equipment and parts thereof; sound recorders and reproducers; television image and sound recorders and reproducers, parts and accessories of such articles",13345864.0,13345864.0,0.0,False,-0.06465076972611072,,17426905.333333332,16103929.833333334,4411235.158427736,False
2015-07-01,2015,7,3,201507,X,exports,DEU,Germany,85,"Electrical machinery and equipment and parts thereof; sound recorders and reproducers; television image and sound recorders and reproducers, parts and accessories of such articles",11670707.0,11670707.0,0.0,False,-0.12551881242008756,,13094964.333333334,15470612.285714285,4361590.019550925,False
2015-08-01,2015,8,3,201508,X,exports,DEU,Germany,85,"Electrical machinery and equipment and parts thereof; sound recorders and reproducers; television image and sound recorders and reproducers, parts and accessories of such articles",14539877.0,14539877.0,0.0,False,0.24584371795127757,,13185482.666666666,15354270.375,4051433.426092934,False
2015-09-01,2015,9,3,201509,X,exports,DEU,Germany,85,"Electrical machinery and equipment and parts thereof; sound recorders and reproducers; television image and sound recorders and reproducers, parts and accessories of such articles",13198547.446,13198547.446,0.0,False,-0.09225178135963596,,13136377.148666667,15114745.605111113,3857291.503609516,False
2015-10-01,2015,10,4,201510,X,exports,DEU,Germany,85,"Electrical machinery and equipment and parts thereof; sound recorders and reproducers; television image and sound recorders and reproducers, parts and accessories of such articles",15102282.75,15102282.75,0.0,False,0.14423824377560224,,14280235.732,15113499.319600001,3636691.44111676,False
2015-11-01,2015,11,4,201511,X,exports,DEU,Germany,85,"Electrical machinery and equipment and parts thereof; sound recorders and reproducers; television image and sound recorders and reproducers, parts and accessories of such articles",10347335.48,10347335.48,0.0,False,-0.3148495726581466,,12882721.891999999,14680211.697818182,3737391.064524221,False
2015-12-01,2015,12,4,201512,X,exports,DEU,Germany,85,"Electrical machinery and equipment and parts thereof; sound recorders and reproducers; television image and sound recorders and reproducers, parts and accessories of such articles",15953644.55,15953644.55,0.0,False,0.5418118587955554,,13801087.593333334,14786331.102166668,3582373.705001139,False
2016-01-01,2016,1,1,201601,X,exports,DEU,Germany,85,"Electrical machinery and equipment and parts thereof; sound recorders and reproducers; television image and sound recorders and reproducers, parts and accessories of such articles",14082739.095,14082739.095,0.0,False,-0.11727135132893507,0.11534150808877164,13461239.708333334,14907693.360083334,3526785.4820558643,False
2016-02-01,2016,2,1,201602,X,exports,DEU,Germany,85,"Electrical machinery and equipment and parts thereof; sound recorders and reproducers; television image and sound recorders and reproducers, parts and accessories of such articles",12330134.975,12330134.975,0.0,False,-0.12445051407806407,-0.2520536921907678,14122172.873333335,14561427.858000001,3561619.586698882,False
2016-03-01,2016,3,1,201603,X,exports,DEU,Germany,85,"Electrical machinery and equipment and parts thereof; sound recorders and reproducers; television image and sound recorders and reproducers, parts and accessories of such articles",13570765.888,13570765.888,0.0,False,0.1006177884926196,-0.10901239315481759,13327879.986,14423062.515333334,3565486.3069895823,False
2016-04-01,2016,4,2,201604,X,exports,DEU,Germany,85,"Electrical machinery and equipment and parts thereof; sound recorders and reproducers; television image and sound recorders and reproducers, parts and accessories of such articles",14209310.584,14209310.584,0.0,False,0.04705295937384313,-0.4239436765528025,13370070.482333332,13551627.564000001,1532789.9679548645,False
2016-05-01,2016,5,2,201605,X,exports,DEU,Germany,85,"Electrical machinery and equipment and parts thereof; sound recorders and reproducers; television image and sound recorders and reproducers, parts and accessories of such articles",17920889.217,17920889.217,0.0,False,0.2612075097562665,0.255991364436547,15233655.229666665,13856008.165416667,1984231.5163685253,True
2016-06-01,2016,6,2,201606,X,exports,DEU,Germany,85,"Electrical machinery and equipment and parts thereof; sound recorders and reproducers; television image and sound recorders and reproducers, parts and accessories of such articles",15743180.934,15743180.934,0.0,False,-0.12151786982390334,0.1796299538194006,15957793.578333333,14055784.576583333,2047862.931126933,False
2016-07-01,2016,7,3,201607,X,exports,DEU,Germany,85,"Electrical machinery and equipment and parts thereof; sound recorders and reproducers; television image and sound recorders and reproducers, parts and accessories of such articles",12190876.92,12190876.92,0.0,False,-0.22564080466916392,0.044570557721995696,15284982.356999999,14099132.069916667,1997678.3317970263,False
2016-08-01,2016,8,3,201608,X,exports,DEU,Germany,85,"Electrical machinery and equipment and parts thereof; sound recorders and reproducers; television image and sound recorders and reproducers, parts and accessories of such articles",15261950.705,15261950.705,0.0,False,0.2519157403649679,0.0496616102735945,14398669.519666666,14159304.878666667,2022877.0639048053,False
2016-09-01,2016,9,3,201609,X,exports,DEU,Germany,85,"Electrical machinery and equipment and parts thereof; sound recorders and reproducers; television image and sound recorders and reproducers, parts and accessories of such articles",16126271.634,16126271.634,0.0,False,0.056632402089782596,0.2218216966661195,14526366.419666668,14403281.894333333,2072415.2298591204,False
2016-10-01,2016,10,4,201610,X,exports,DEU,Germany,85,"Electrical machinery and equipment and parts thereof; sound recorders and reproducers; television image and sound recorders and reproducers, parts and accessories of such articles",15150671.641,15150671.641,0.0,False,-0.060497554248254315,0.0032040779398068153,15512964.659999998,14407314.301916666,2073945.4680290602,False
2016-11-01,2016,11,4,201611,X,exports,DEU,Germany,85,"Electrical machinery and equipment and parts thereof; sound recorders and reproducers; television image and sound recorders and reproducers, parts and accessories of such articles",12629062.974,12629062.974,0.0,False,-0.1664354377647621,0.2205135320498952,14635335.416333333,14597458.259750001,1746649.803646458,False
2016-12-01,2016,12,4,201612,X,exports,DEU,Germany,85,"Electrical machinery and equipment and parts thereof; sound recorders and reproducers; television image and sound recorders and reproducers, parts and accessories of such articles",12349049.746,12349049.746,0.0,False,-0.022172130155378555,-0.22594177729752674,13376261.453666667,14297075.359416666,1801312.1947233547,False
2017-01-01,2017,1,1,201701,X,exports,DEU,Germany,85,"Electrical machinery and equipment and parts thereof; sound recorders and reproducers; television image and sound recorders and reproducers, parts and accessories of such articles",12252410.76,12252410.76,0.0,False,-0.007825621241124403,-0.12996962612549212,12410174.493333332,14144547.998166665,1896108.934110608,False
2017-02-01,2017,2,1,201702,X,exports,DEU,Germany,85,"Electrical machinery and equipment and parts thereof; sound recorders and reproducers; television image and sound recorders and reproducers, parts and accessories of such articles",13256097.13,13256097.13,0.0,False,0.0819174601358208,0.07509748732495125,12619185.878666667,14221711.511083333,1833360.5463974997,False
2017-03-01,2017,3,1,201703,X,exports,DEU,Germany,85,"Electrical machinery and equipment and parts thereof; sound recorders and reproducers; television image and sound recorders and reproducers, parts and accessories of such articles",14360025.94,14360025.94,0.0,False,0.08327706105152832,0.05815884368751112,13289511.276666665,14287483.182083333,1822007.1237391406,False
2017-04-01,2017,4,2,201704,X,exports,DEU,Germany,85,"Electrical machinery and equipment and parts thereof; sound recorders and reproducers; television image and sound recorders and reproducers, parts and accessories of such articles",14285825.66,14285825.66,,False,-0.0051671410838690646,0.005384854919432636,13967316.243333334,14293859.438416667,1821842.5603335153,False
2017-05-01,2017,5,2,201705,X,exports,DEU,Germany,85,"Electrical machinery and equipment and parts thereof; sound recorders and reproducers; television image and sound recorders and reproducers, parts and accessories of such articles",13517639.21,13517639.21,0.0,False,-0.053772632277804155,-0.24570488404241775,14054496.936666667,13926921.937833332,1425152.9020784583,False
2017-06-01,2017,6,2,201706,X,exports,DEU,Germany,85,"Electrical machinery and equipment and parts thereof; sound recorders and reproducers; television image and sound recorders and reproducers, parts and accessories of such articles",14036368.92,14036368.92,,False,0.038374282812360994,-0.10841595616257305,13946611.263333334,13784687.603333334,1307742.0988152307,False
2017-07-01,2017,7,3,201707,X,exports,DEU,Germany,85,"Electrical machinery and equipment and parts thereof; sound recorders and reproducers; television image and sound recorders and reproducers, parts and accessories of such articles",14568027.45,14568027.45,0.0,False,0.037877212620313516,0.19499421949704998,14040678.526666665,13982783.480833331,1221570.0950389686,False
2017-08-01,2017,8,3,201708,X,exports,DEU,Germany,85,"Electrical machinery and equipment and parts thereof; sound recorders and reproducers; television image and sound recorders and reproducers, parts and accessories of such articles",17552296.34,17552296.34,0.0,False,0.20485058119519128,0.15006899702864684,15385564.236666666,14173645.617083333,1569093.0058695355,True
2017-09-01,2017,9,3,201709,X,exports,DEU,Germany,85,"Electrical machinery and equipment and parts thereof; sound recorders and reproducers; television image and sound recorders and reproducers, parts and accessories of such articles",17409407.48,17409407.48,0.0,False,-0.008140750203400438,0.0795680412138593,16509910.423333332,14280573.604249999,1747798.2203604716,False
2017-10-01,2017,10,4,201710,X,exports,DEU,Germany,85,"Electrical machinery and equipment and parts thereof; sound recorders and reproducers; television image and sound recorders and reproducers, parts and accessories of such articles",16347441.11,16347441.11,0.0,False,-0.06099956998651401,0.07899118252694226,17103048.310000002,14380304.393333333,1833979.7941615772,False
2017-11-01,2017,11,4,201711,X,exports,DEU,Germany,85,"Electrical machinery and equipment and parts thereof; sound recorders and reproducers; television image and sound recorders and reproducers, parts and accessories of such articles",14756707.06,14756707.06,0.0,False,-0.09730783180658897,0.16847204661028892,16171185.216666667,14557608.067166666,1750218.0146004132,False
2017-12-01,2017,12,4,201712,X,exports,DEU,Germany,85,"Electrical machinery and equipment and parts thereof; sound recorders and reproducers; television image and sound recorders and reproducers, parts and accessories of such articles",16256694.34,16256694.34,0.0,False,0.1016478319926748,0.31643281664370426,15786947.503333332,14883245.116666667,1663309.5304078464,False
2018-01-01,2018,1,1,201801,X,exports,DEU,Germany,85,"Electrical machinery and equipment and parts thereof; sound recorders and reproducers; television image and sound recorders and reproducers, parts and accessories of such articles",18650152.75,18650152.75,0.0,False,0.14722909589994781,0.5221618924894744,16554518.049999999,15416390.2825,1765579.045500913,False
2018-02-01,2018,2,1,201802,X,exports,DEU,Germany,85,"Electrical machinery and equipment and parts thereof; sound recorders and reproducers; television image and sound recorders and reproducers, parts and accessories of such articles",16329208.63,16329208.63,0.0,False,-0.124446386638844,0.23182626604667922,17078685.24,15672482.9075,1642319.110417633,False
2018-03-01,2018,3,1,201803,X,exports,DEU,Germany,85,"Electrical machinery and equipment and parts thereof; sound recorders and reproducers; television image and sound recorders and reproducers, parts and accessories of such articles",17230979.11,17230979.11,0.0,False,0.05522438352237513,0.199926739825931,17403446.830000002,15911729.005,1642858.8011178032,False
2018-04-01,2018,4,2,201804,X,exports,DEU,Germany,85,"Electrical machinery and equipment and parts thereof; sound recorders and reproducers; television image and sound recorders and reproducers, parts and accessories of such articles",17961382.04,17961382.04,0.0,False,0.04238893944083011,0.2572869407395526,17173856.593333334,16218025.37,1654760.1244060732,False
2018-05-01,2018,5,2,201805,X,exports,DEU,Germany,85,"Electrical machinery and equipment and parts thereof; sound recorders and reproducers; television image and sound recorders and reproducers, parts and accessories of such articles",17652939.9,17652939.9,0.0,False,-0.017172517087666206,0.30591885356289206,17615100.349999998,16562633.760833332,1460459.9755326505,False
2018-06-01,2018,6,2,201806,X,exports,DEU,Germany,85,"Electrical machinery and equipment and parts thereof; sound recorders and reproducers; television image and sound recorders and reproducers, parts and accessories of such articles",11855112.17,11855112.17,0.0,False,-0.328434117084373,-0.1554003576303835,15823144.703333333,16380862.365,1879183.3850100008,True
2018-07-01,2018,7,3,201807,X,exports,DEU,Germany,85,"Electrical machinery and equipment and parts thereof; sound recorders and reproducers; television image and sound recorders and reproducers, parts and accessories of such articles",18581147.86,18581147.86,0.0,False,0.5673531885274434,0.2754745228050761,16029733.31,16715289.065833336,1884323.446255137,False
2018-08-01,2018,8,3,201808,X,exports,DEU,Germany,85,"Electrical machinery and equipment and parts thereof; sound recorders and reproducers; television image and sound recorders and reproducers, parts and accessories of such articles",16620441.54,16620441.54,0.0,False,-0.10552126998681555,-0.05309019298383155,15685567.19,16637634.499166667,1865804.1270731147,False
2018-09-01,2018,9,3,201809,X,exports,DEU,Germany,85,"Electrical machinery and equipment and parts thereof; sound recorders and reproducers; television image and sound recorders and reproducers, parts and accessories of such articles",15229091.88,15229091.88,0.0,False,-0.08371315868182394,-0.12523778322178714,16810227.093333334,16455941.5325,1889821.689834656,False
2018-10-01,2018,10,4,201810,X,exports,DEU,Germany,85,"Electrical machinery and equipment and parts thereof; sound recorders and reproducers; television image and sound recorders and reproducers, parts and accessories of such articles",13859482.34,13859482.34,0.0,False,-0.0899337630104311,-0.15219255131484,15236338.586666666,16248611.635,2033798.1926553852,False
2018-11-01,2018,11,4,201811,X,exports,DEU,Germany,85,"Electrical machinery and equipment and parts thereof; sound recorders and reproducers; television image and sound recorders and reproducers, parts and accessories of such articles",10031737.01,10031737.01,0.0,False,-0.2761824169256816,-0.32019135643124985,13040103.743333334,15854864.130833333,2697860.9649893288,True
2018-12-01,2018,12,4,201812,X,exports,DEU,Germany,85,"Electrical machinery and equipment and parts thereof; sound recorders and reproducers; television image and sound recorders and reproducers, parts and accessories of such articles",9431824.26,9431824.26,0.0,False,-0.05980148297368493,-0.41981905652290197,11107681.203333333,15286124.957499998,3265179.8551110597,False
2019-01-01,2019,1,1,201901,X,exports,DEU,Germany,85,"Electrical machinery and equipment and parts thereof; sound recorders and reproducers; television image and sound recorders and reproducers, parts and accessories of such articles",14219206.68,14219206.68,0.0,False,0.5075775680324222,-0.23758229379649454,11227589.316666668,14916879.451666666,3096345.6326871356,False
2019-02-01,2019,2,1,201902,X,exports,DEU,Germany,85,"Electrical machinery and equipment and parts thereof; sound recorders and reproducers; television image and sound recorders and reproducers, parts and accessories of such articles",10990716.792,10990716.792,0.0,False,-0.22705133701594105,-0.32692899937551967,11547249.244,14472005.131833332,3254452.064543009,False
2019-03-01,2019,3,1,201903,X,exports,DEU,Germany,85,"Electrical machinery and equipment and parts thereof; sound recorders and reproducers; television image and sound recorders and reproducers, parts and accessories of such articles",12678442.928,12678442.928,0.0,False,0.15355924167097768,-0.2642064709693679,12629455.466666667,14092627.116666667,3167790.1168797025,False
2019-04-01,2019,4,2,201904,X,exports,DEU,Germany,85,"Electrical machinery and equipment and parts thereof; sound recorders and reproducers; television image and sound recorders and reproducers, parts and accessories of such articles",9330866.206,9330866.206,0.0,False,-0.26403689640838834,-0.48050399544867095,11000008.641999999,13373417.463833332,3189240.2698534136,False
2019-05-01,2019,5,2,201905,X,exports,DEU,Germany,85,"Electrical machinery and equipment and parts thereof; sound recorders and reproducers; television image and sound recorders and reproducers, parts and accessories of such articles",10352364.426,10352364.426,0.0,False,0.10947517598560674,-0.41356145295662616,10787224.52,12765036.174333334,2988686.3052364266,False
2019-06-01,2019,6,2,201906,X,exports,DEU,Germany,85,"Electrical machinery and equipment and parts thereof; sound recorders and reproducers; television image and sound recorders and reproducers, parts and accessories of such articles",9031850.715,9031850.715,0.0,False,-0.12755672585129696,-0.2381471735159466,9571693.782333333,12529764.386416666,3172311.780390205,False
2019-07-01,2019,7,3,201907,X,exports,DEU,Germany,85,"Electrical machinery and equipment and parts thereof; sound recorders and reproducers; television image and sound recorders and reproducers, parts and accessories of such articles",11742409.315,11742409.315,0.0,False,0.3001110941192078,-0.36804715168979873,10375541.485333333,11959869.507666668,2537043.847799847,False
2019-08-01,2019,8,3,201908,X,exports,DEU,Germany,85,"Electrical machinery and equipment and parts thereof; sound recorders and reproducers; television image and sound recorders and reproducers, parts and accessories of such articles",11493217.354,11493217.354,0.0,False,-0.021221535914412004,-0.3084890478788086,10755825.794666667,11532600.825500002,2069445.1734501747,False
2019-09-01,2019,9,3,201909,X,exports,DEU,Germany,85,"Electrical machinery and equipment and parts thereof; sound recorders and reproducers; television image and sound recorders and reproducers, parts and accessories of such articles",9723225.38,9723225.38,0.0,False,-0.15400317591522683,-0.3615361009956688,10986284.016333334,11073778.617166666,1763060.7720547137,False
2019-10-01,2019,10,4,201910,X,exports,DEU,Germany,85,"Electrical machinery and equipment and parts thereof; sound recorders and reproducers; television image and sound recorders and reproducers, parts and accessories of such articles",11338264.616,11338264.616,0.0,False,0.16610118277439323,-0.18191283499265232,10851569.116666667,10863677.140166666,1536593.404256791,False
2019-11-01,2019,11,4,201911,X,exports,DEU,Germany,85,"Electrical machinery and equipment and parts thereof; sound recorders and reproducers; television image and sound recorders and reproducers, parts and accessories of such articles",10009935.827,10009935.827,0.0,False,-0.11715450591314724,-0.0021732211458761475,10357141.941,10861860.374916667,1537678.9602294145,False
2019-12-01,2019,12,4,201912,X,exports,DEU,Germany,85,"Electrical machinery and equipment and parts thereof; sound recorders and reproducers; television image and sound recorders and reproducers, parts and accessories of such articles",11043758.379,11043758.379,0.0,False,0.10327963833808518,0.17090374826385935,10797319.607333332,10996188.218166666,1470330.1543998243,False
2020-01-01,2020,1,1,202001,X,exports,DEU,Germany,85,"Electrical machinery and equipment and parts thereof; sound recorders and reproducers; television image and sound recorders and reproducers, parts and accessories of such articles",11431248.346,11431248.346,0.0,False,0.035086784199917176,-0.19606989312008505,10828314.184,10763858.357,1084363.312528967,False
2020-02-01,2020,2,1,202002,X,exports,DEU,Germany,85,"Electrical machinery and equipment and parts thereof; sound recorders and reproducers; television image and sound recorders and reproducers, parts and accessories of such articles",10740006.849,10740006.849,0.0,False,-0.06046946720756696,-0.022811063895531225,11071671.191333333,10742965.86175,1082007.7263107062,False
2020-03-01,2020,3,1,202003,X,exports,DEU,Germany,85,"Electrical machinery and equipment and parts thereof; sound recorders and reproducers; television image and sound recorders and reproducers, parts and accessories of such articles",11747236.49,11747236.49,0.0,False,0.09378296077099657,-0.07344801276373258,11306163.895000001,10665365.325250002,956716.630382819,False
2020-04-01,2020,4,2,202004,X,exports,DEU,Germany,85,"Electrical machinery and equipment and parts thereof; sound recorders and reproducers; television image and sound recorders and reproducers, parts and accessories of such articles",11837307.047,11837307.047,0.0,False,0.007667382628814279,0.2686182381854634,11441516.795333333,10874235.395333333,911413.1308099879,False
2020-05-01,2020,5,2,202005,X,exports,DEU,Germany,85,"Electrical machinery and equipment and parts thereof; sound recorders and reproducers; television image and sound recorders and reproducers, parts and accessories of such articles",6583086.898,6583086.898,0.0,False,-0.4438695497327332,-0.36409822653976964,10055876.811666667,10560128.934666665,1540220.3071191497,True
2020-06-01,2020,6,2,202006,X,exports,DEU,Germany,85,"Electrical machinery and equipment and parts thereof; sound recorders and reproducers; television image and sound recorders and reproducers, parts and accessories of such articles",9028979.019,9028979.019,0.0,False,0.3715418251190157,-0.0003179521108814809,9149790.988,10559889.626666667,1540479.5475141376,False
2020-07-01,2020,7,3,202007,X,exports,DEU,Germany,85,"Electrical machinery and equipment and parts thereof; sound recorders and reproducers; television image and sound recorders and reproducers, parts and accessories of such articles",9657631.738,9657631.738,0.0,False,0.06962611361451887,-0.17754257419189612,8423232.551666668,10386158.161916668,1512294.3022151988,False
2020-08-01,2020,8,3,202008,X,exports,DEU,Germany,85,"Electrical machinery and equipment and parts thereof; sound recorders and reproducers; television image and sound recorders and reproducers, parts and accessories of such articles",11383346.776,11383346.776,0.0,False,0.17868925682989234,-0.009559601512431293,10023319.177666666,10377002.280416667,1505298.9354859611,False
2020-09-01,2020,9,3,202009,X,exports,DEU,Germany,85,"Electrical machinery and equipment and parts thereof; sound recorders and reproducers; television image and sound recorders and reproducers, parts and accessories of such articles",12203427.141,12203427.141,0.0,False,0.07204211390001847,0.25508014718054395,11081468.551666668,10583685.7605,1575983.4027013953,False
2020-10-01,2020,10,4,202010,X,exports,DEU,Germany,85,"Electrical machinery and equipment and parts thereof; sound recorders and reproducers; television image and sound recorders and reproducers, parts and accessories of such articles",15041016.706,15041016.706,0.0,False,0.23252398954933873,0.32657132421965684,12875930.207666667,10892248.434666667,2033287.5163003327,True
2020-11-01,2020,11,4,202011,X,exports,DEU,Germany,85,"Electrical machinery and equipment and parts thereof; sound recorders and reproducers; television image and sound recorders and reproducers, parts and accessories of such articles",15303051.916,15303051.916,0.0,False,0.01742137616903716,0.5287862160637207,14182498.587666668,11333341.442083335,2370630.8075424414,False
2020-12-01,2020,12,4,202012,X,exports,DEU,Germany,85,"Electrical machinery and equipment and parts thereof; sound recorders and reproducers; television image and sound recorders and reproducers, parts and accessories of such articles",16524756.851,16524756.851,0.0,False,0.07983407111902019,0.4962982966398706,15622941.824333332,11790091.31475,2799062.9101654557,False
2021-01-01,2021,1,1,202101,X,exports,DEU,Germany,85,"Electrical machinery and equipment and parts thereof; sound recorders and reproducers; television image and sound recorders and reproducers, parts and accessories of such articles",17553197.752,17553197.752,,False,0.062236371177695426,0.5355451321414235,16460335.506333334,12300253.76525,3249387.687014726,False
2021-02-01,2021,2,1,202102,X,exports,DEU,Germany,85,"Electrical machinery and equipment and parts thereof; sound recorders and reproducers; television image and sound recorders and reproducers, parts and accessories of such articles",16074372.515,16074372.515,,False,-0.08424819556490803,0.49668177506764666,16717442.372666666,12744784.237416664,3378838.390430036,False
2021-03-01,2021,3,1,202103,X,exports,DEU,Germany,85,"Electrical machinery and equipment and parts thereof; sound recorders and reproducers; television image and sound recorders and reproducers, parts and accessories of such articles",14446983.538,14446983.538,,False,-0.101241213333919,0.22981975805954002,16024851.268333336,12969763.158083335,3396214.902835755,False
2021-04-01,2021,4,2,202104,X,exports,DEU,Germany,85,"Electrical machinery and equipment and parts thereof; sound recorders and reproducers; television image and sound recorders and reproducers, parts and accessories of such articles",17609759.93,17609759.93,,False,0.21892295950091767,0.48764916379042034,16043705.327666668,13450800.898333333,3622497.6044663587,False
2021-05-01,2021,5,2,202105,X,exports,DEU,Germany,85,"Electrical machinery and equipment and parts thereof; sound recorders and reproducers; television image and sound recorders and reproducers, parts and accessories of such articles",13377612.656,13377612.656,,False,-0.24032964054155626,1.0321184974885016,15144785.374666667,14017011.378166666,2912982.0252975654,False
2021-06-01,2021,6,2,202106,X,exports,DEU,Germany,85,"Electrical machinery and equipment and parts thereof; sound recorders and reproducers; television image and sound recorders and reproducers, parts and accessories of such articles",13373813.599,13373813.599,,False,-0.00028398617135139137,0.48120995417721213,14787062.061666667,14379080.9265,2473499.753750493,False
2021-07-01,2021,7,3,202107,X,exports,DEU,Germany,85,"Electrical machinery and equipment and parts thereof; sound recorders and reproducers; television image and sound recorders and reproducers, parts and accessories of such articles",14308371.232,14308371.232,,False,0.06987966641541066,0.4815610721312431,13686599.162333334,14766642.550999999,1981979.7406938444,False
2021-08-01,2021,8,3,202108,X,exports,DEU,Germany,85,"Electrical machinery and equipment and parts thereof; sound recorders and reproducers; television image and sound recorders and reproducers, parts and accessories of such articles",13390953.764,13390953.764,,False,-0.06411753323454727,0.17636350956405233,13691046.198333332,14933943.133333333,1740444.9832542832,False
2021-09-01,2021,9,3,202109,X,exports,DEU,Germany,85,"Electrical machinery and equipment and parts thereof; sound recorders and reproducers; television image and sound recorders and reproducers, parts and accessories of such articles",13608998.567,13608998.567,,False,0.01628299274590783,0.1151784174855015,13769441.187666668,15051074.0855,1579866.5288011322,False
2021-10-01,2021,10,4,202110,X,exports,DEU,Germany,85,"Electrical machinery and equipment and parts thereof; sound recorders and reproducers; television image and sound recorders and reproducers, parts and accessories of such articles",15122774.343,15122774.343,,False,0.11123344370618904,0.005435645648035559,14040908.891333334,15057887.221916666,1579995.4973237538,False
2021-11-01,2021,11,4,202111,X,exports,DEU,Germany,85,"Electrical machinery and equipment and parts thereof; sound recorders and reproducers; television image and sound recorders and reproducers, parts and accessories of such articles",16537107.392,16537107.392,,False,0.09352338512243064,0.080641135034623,15089626.767333334,15160725.17825,1636551.8720329276,False
2021-12-01,2021,12,4,202112,X,exports,DEU,Germany,85,"Electrical machinery and equipment and parts thereof; sound recorders and reproducers; television image and sound recorders and reproducers, parts and accessories of such articles",15140880.368,15140880.368,,False,-0.08442994236558199,-0.08374564875465951,15600254.034333333,15045402.138000002,1579457.3549533326,False
2022-01-01,2022,1,1,202201,X,exports,DEU,Germany,85,"Electrical machinery and equipment and parts thereof; sound recorders and reproducers; television image and sound recorders and reproducers, parts and accessories of such articles",15590446.015,15590446.015,,False,0.029692173511267406,-0.11181733178938091,15756144.591666667,14881839.49325,1385920.8300373026,False
2022-02-01,2022,2,1,202202,X,exports,DEU,Germany,85,"Electrical machinery and equipment and parts thereof; sound recorders and reproducers; television image and sound recorders and reproducers, parts and accessories of such articles",12218267.478,12218267.478,,False,-0.21629775913758553,-0.23989148151205453,14316531.287,14560497.406833334,1524404.326371796,False
2022-03-01,2022,3,1,202203,X,exports,DEU,Germany,85,"Electrical machinery and equipment and parts thereof; sound recorders and reproducers; television image and sound recorders and reproducers, parts and accessories of such articles",19538842.653,19538842.653,,False,0.5991500176421332,0.35245136824630885,15782518.715333335,14984818.999750001,2092678.6721568166,True
2022-04-01,2022,4,2,202204,X,exports,DEU,Germany,85,"Electrical machinery and equipment and parts thereof; sound recorders and reproducers; television image and sound recorders and reproducers, parts and accessories of such articles",12526908.072,12526908.072,,False,-0.3588715414484074,-0.2886383390917697,14761339.401000002,14561248.011583334,2026425.5797104582,False
2022-05-01,2022,5,2,202205,X,exports,DEU,Germany,85,"Electrical machinery and equipment and parts thereof; sound recorders and reproducers; television image and sound recorders and reproducers, parts and accessories of such articles",16166638.725,16166638.725,,False,0.2905529945681873,0.20848458844778195,16077463.15,14793666.850666666,2038236.1228581255,False
2022-06-01,2022,6,2,202206,X,exports,DEU,Germany,85,"Electrical machinery and equipment and parts thereof; sound recorders and reproducers; television image and sound recorders and reproducers, parts and accessories of such articles",18967006.519,18967006.519,,False,0.1732189258160095,0.4182197455195742,15886851.105333334,15259766.260666667,2305965.94291552,False
2022-07-01,2022,7,3,202207,X,exports,DEU,Germany,85,"Electrical machinery and equipment and parts thereof; sound recorders and reproducers; television image and sound recorders and reproducers, parts and accessories of such articles",18654184.834,18654184.834,,False,-0.016492939182924604,0.303725248075811,17929276.69266667,15621917.394166669,2477817.0718529182,False
2022-08-01,2022,8,3,202208,X,exports,DEU,Germany,85,"Electrical machinery and equipment and parts thereof; sound recorders and reproducers; television image and sound recorders and reproducers, parts and accessories of such articles",21563145.653,21563145.653,,False,0.15594146004696996,0.6102770596497744,19728112.335333332,16302933.384916669,2896564.626741169,False
2022-09-01,2022,9,3,202209,X,exports,DEU,Germany,85,"Electrical machinery and equipment and parts thereof; sound recorders and reproducers; television image and sound recorders and reproducers, parts and accessories of such articles",18214598.115,18214598.115,,False,-0.15529030837549118,0.3384231047806825,19477309.533999998,16686733.34725,2811025.3921718877,False
2022-10-01,2022,10,4,202210,X,exports,DEU,Germany,85,"Electrical machinery and equipment and parts thereof; sound recorders and reproducers; television image and sound recorders and reproducers, parts and accessories of such articles",19790752.778,19790752.778,,False,0.0865324973435464,0.3086720947575803,19856165.515333336,17075731.550166667,2896606.7129851403,False
2022-11-01,2022,11,4,202211,X,exports,DEU,Germany,85,"Electrical machinery and equipment and parts thereof; sound recorders and reproducers; television image and sound recorders and reproducers, parts and accessories of such articles",20859445.338,20859445.338,,False,0.05399959122262343,0.2613720672873525,19621598.743666667,17435926.378999997,3086084.975184819,False
2022-12-01,2022,12,4,202212,X,exports,DEU,Germany,85,"Electrical machinery and equipment and parts thereof; sound recorders and reproducers; television image and sound recorders and reproducers, parts and accessories of such articles",20144352.357,20144352.357,,False,-0.034281495476646384,0.33046110050342614,20264850.15766667,17852882.378083333,3085821.4264941686,False
2023-01-01,2023,1,1,202301,X,exports,DEU,Germany,85,"Electrical machinery and equipment and parts thereof; sound recorders and reproducers; television image and sound recorders and reproducers, parts and accessories of such articles",18287500.481,18287500.481,,False,-0.09217729332235203,0.17299405439748727,19763766.058666665,18077636.916916665,3003170.022189923,False
2023-02-01,2023,2,1,202302,X,exports,DEU,Germany,85,"Electrical machinery and equipment and parts thereof; sound recorders and reproducers; television image and sound recorders and reproducers, parts and accessories of such articles",25674720.491,25674720.491,,False,0.40394913551335443,1.101338879446653,21368857.776333336,19199008.00133333,3126181.570168727,True
2023-03-01,2023,3,1,202303,X,exports,DEU,Germany,85,"Electrical machinery and equipment and parts thereof; sound recorders and reproducers; television image and sound recorders and reproducers, parts and accessories of such articles",23118493.091,23118493.091,,False,-0.09956203421556475,0.1832068818799959,22360238.021,19497312.2045,3325960.890717581,False
2023-04-01,2023,4,2,202304,X,exports,DEU,Germany,85,"Electrical machinery and equipment and parts thereof; sound recorders and reproducers; television image and sound recorders and reproducers, parts and accessories of such articles",17568599.265,17568599.265,,False,-0.24006295757055918,0.4024689224206195,22120604.282333333,19917453.13725,2605891.1109702047,False
2023-05-01,2023,5,2,202305,X,exports,DEU,Germany,85,"Electrical machinery and equipment and parts thereof; sound recorders and reproducers; television image and sound recorders and reproducers, parts and accessories of such articles",18664588.737,18664588.737,,False,0.0623834294054062,0.15451263892828782,19783893.697666664,20125615.63825,2367938.0027389643,False
2023-06-01,2023,6,2,202306,X,exports,DEU,Germany,85,"Electrical machinery and equipment and parts thereof; sound recorders and reproducers; television image and sound recorders and reproducers, parts and accessories of such articles",18979151.183,18979151.183,,False,0.01685343569217901,0.0006403047306295928,18404113.061666667,20126627.693583336,2367400.33096989,False
2023-07-01,2023,7,3,202307,X,exports,DEU,Germany,85,"Electrical machinery and equipment and parts thereof; sound recorders and reproducers; television image and sound recorders and reproducers, parts and accessories of such articles",20248932.605,20248932.605,,False,0.06690401534592172,0.0854900809223964,19297557.508333333,20259523.341166668,2321546.5667347964,False
2023-08-01,2023,8,3,202308,X,exports,DEU,Germany,85,"Electrical machinery and equipment and parts thereof; sound recorders and reproducers; television image and sound recorders and reproducers, parts and accessories of such articles",24323489.472,24323489.472,,False,0.20122329144371198,0.12801211212038366,21183857.753333334,20489551.99275,2584337.3423684295,False
2023-09-01,2023,9,3,202309,X,exports,DEU,Germany,85,"Electrical machinery and equipment and parts thereof; sound recorders and reproducers; television image and sound recorders and reproducers, parts and accessories of such articles",19134418.227,19134418.227,,False,-0.213335806565641,0.050499061587448324,21235613.434666667,20566203.66875,2523656.458300531,False
2023-10-01,2023,10,4,202310,X,exports,DEU,Germany,85,"Electrical machinery and equipment and parts thereof; sound recorders and reproducers; television image and sound recorders and reproducers, parts and accessories of such articles",18029120.451,18029120.451,,False,-0.057764901074460084,-0.0890129014677139,20495676.05,20419400.974833336,2622180.1462501185,False
2023-11-01,2023,11,4,202311,X,exports,DEU,Germany,85,"Electrical machinery and equipment and parts thereof; sound recorders and reproducers; television image and sound recorders and reproducers, parts and accessories of such articles",14439667.214,14439667.214,,False,-0.19909197715748295,-0.3077636063651694,17201068.630666666,19884419.4645,3129961.2272559907,False
2023-12-01,2023,12,4,202312,X,exports,DEU,Germany,85,"Electrical machinery and equipment and parts thereof; sound recorders and reproducers; television image and sound recorders and reproducers, parts and accessories of such articles",15578352.801,15578352.801,,False,0.07885815996479395,-0.22666400364136563,16015713.488666669,19503919.5015,3364257.482108736,False
2024-01-01,2024,1,1,202401,X,exports,DEU,Germany,85,"Electrical machinery and equipment and parts thereof; sound recorders and reproducers; television image and sound recorders and reproducers, parts and accessories of such articles",18249970.165,18249970.165,,False,0.17149549751039794,-0.002052238688332042,16089330.06,19500791.975166667,3365508.320287844,False
2024-02-01,2024,2,1,202402,X,exports,DEU,Germany,85,"Electrical machinery and equipment and parts thereof; sound recorders and reproducers; television image and sound recorders and reproducers, parts and accessories of such articles",15004930.806,15004930.806,,False,-0.1778106665195197,-0.41557569005435446,16277751.257333333,18611642.83475,2972624.3195984596,False
2024-03-01,2024,3,1,202403,X,exports,DEU,Germany,85,"Electrical machinery and equipment and parts thereof; sound recorders and reproducers; television image and sound recorders and reproducers, parts and accessories of such articles",16430692.126,16430692.126,,False,0.09501951981210621,-0.28928360246817086,16561864.365666667,18054326.087666664,2661494.3185247066,False
2024-04-01,2024,4,2,202404,X,exports,DEU,Germany,85,"Electrical machinery and equipment and parts thereof; sound recorders and reproducers; television image and sound recorders and reproducers, parts and accessories of such articles",12998457.886,12998457.886,,False,-0.2088916409412126,-0.26013123243721503,14811360.272666669,17673480.97275,3037708.8972781003,False
2024-05-01,2024,5,2,202405,X,exports,DEU,Germany,85,"Electrical machinery and equipment and parts thereof; sound recorders and reproducers; television image and sound recorders and reproducers, parts and accessories of such articles",18915995.229,18915995.229,,False,0.45524918377998413,0.013469704344549527,16115048.413666666,17694431.513749998,3046021.3806513604,False
2024-06-01,2024,6,2,202406,X,exports,DEU,Germany,85,"Electrical machinery and equipment and parts thereof; sound recorders and reproducers; television image and sound recorders and reproducers, parts and accessories of such articles",16178781.627,16178781.627,,False,-0.14470365258940177,-0.14754977864912866,16031078.247333333,17461067.384083334,3045919.66872679,False
2024-07-01,2024,7,3,202407,X,exports,DEU,Germany,85,"Electrical machinery and equipment and parts thereof; sound recorders and reproducers; television image and sound recorders and reproducers, parts and accessories of such articles",20697651.526,20697651.526,,False,0.27930841785135874,0.022160127141180652,18597476.12733333,17498460.6275,3085750.214859722,False
2024-08-01,2024,8,3,202408,X,exports,DEU,Germany,85,"Electrical machinery and equipment and parts thereof; sound recorders and reproducers; television image and sound recorders and reproducers, parts and accessories of such articles",20349175.109,20349175.109,,False,-0.016836519668052663,-0.16339408733171412,19075202.753999997,17167267.763916668,2430295.3065174753,False
2024-09-01,2024,9,3,202409,X,exports,DEU,Germany,85,"Electrical machinery and equipment and parts thereof; sound recorders and reproducers; television image and sound recorders and reproducers, parts and accessories of such articles",15391487.384,15391487.384,,False,-0.24363089405070393,-0.19561247165165785,18812771.33966667,16855356.860333335,2394803.8848854625,False
2024-10-01,2024,10,4,202410,X,exports,DEU,Germany,85,"Electrical machinery and equipment and parts thereof; sound recorders and reproducers; television image and sound recorders and reproducers, parts and accessories of such articles",15757488.095,15757488.095,,False,0.02377942442265013,-0.12599795770259015,17166050.196,16666054.163999999,2383342.0165568604,False
2024-11-01,2024,11,4,202411,X,exports,DEU,Germany,85,"Electrical machinery and equipment and parts thereof; sound recorders and reproducers; television image and sound recorders and reproducers, parts and accessories of such articles",16472726.145,16472726.145,,False,0.04539035953496606,0.1407967995985977,15873900.541333333,16835475.741583336,2280742.3764907774,False
2024-12-01,2024,12,4,202412,X,exports,DEU,Germany,85,"Electrical machinery and equipment and parts thereof; sound recorders and reproducers; television image and sound recorders and reproducers, parts and accessories of such articles",15335914.776,15335914.776,,False,-0.06901173242323688,-0.01556249419286726,15855376.338666668,16815272.572833333,2293926.1827815613,False
2015-01-01,2015,1,1,201501,M,imports,DEU,Germany,85,"Electrical machinery and equipment and parts thereof; sound recorders and reproducers; television image and sound recorders and reproducers, parts and accessories of such articles",31001339.0,0.0,31001339.0,False,,,31001339.0,,,False
2015-02-01,2015,2,1,201502,M,imports,DEU,Germany,85,"Electrical machinery and equipment and parts thereof; sound recorders and reproducers; television image and sound recorders and reproducers, parts and accessories of such articles",23580080.0,0.0,23580080.0,False,-0.23938511172049692,,27290709.5,,,False
2015-03-01,2015,3,1,201503,M,imports,DEU,Germany,85,"Electrical machinery and equipment and parts thereof; sound recorders and reproducers; television image and sound recorders and reproducers, parts and accessories of such articles",38869596.0,0.0,38869596.0,False,0.6484081478943244,,31150338.333333332,,,False
2015-04-01,2015,4,2,201504,M,imports,DEU,Germany,85,"Electrical machinery and equipment and parts thereof; sound recorders and reproducers; television image and sound recorders and reproducers, parts and accessories of such articles",29336602.0,0.0,29336602.0,False,-0.24525580353343523,,30595426.0,,,False
2015-05-01,2015,5,2,201505,M,imports,DEU,Germany,85,"Electrical machinery and equipment and parts thereof; sound recorders and reproducers; television image and sound recorders and reproducers, parts and accessories of such articles",29655575.0,0.0,29655575.0,False,0.010872867962008703,,32620591.0,,,False
2015-06-01,2015,6,2,201506,M,imports,DEU,Germany,85,"Electrical machinery and equipment and parts thereof; sound recorders and reproducers; television image and sound recorders and reproducers, parts and accessories of such articles",32378819.0,0.0,32378819.0,False,0.09182907429715992,,30456998.666666668,30803668.5,4964473.6433377005,False
2015-07-01,2015,7,3,201507,M,imports,DEU,Germany,85,"Electrical machinery and equipment and parts thereof; sound recorders and reproducers; television image and sound recorders and reproducers, parts and accessories of such articles",29902741.0,0.0,29902741.0,False,-0.07647215298371446,,30645711.666666668,30674964.57142857,4544698.564052804,False
2015-08-01,2015,8,3,201508,M,imports,DEU,Germany,85,"Electrical machinery and equipment and parts thereof; sound recorders and reproducers; television image and sound recorders and reproducers, parts and accessories of such articles",28656608.0,0.0,28656608.0,False,-0.041672868717954614,,30312722.666666668,30422670.0,4267656.651604217,False
2015-09-01,2015,9,3,201509,M,imports,DEU,Germany,85,"Electrical machinery and equipment and parts thereof; sound recorders and reproducers; television image and sound recorders and reproducers, parts and accessories of such articles",31653837.0,0.0,31653837.0,False,0.10459119934920413,,30071062.0,30559466.333333332,4013066.2547863573,False
2015-10-01,2015,10,4,201510,M,imports,DEU,Germany,85,"Electrical machinery and equipment and parts thereof; sound recorders and reproducers; television image and sound recorders and reproducers, parts and accessories of such articles",31511198.0,0.0,31511198.0,False,-0.0045062151548957985,,30607214.333333332,30654639.5,3795506.4070152235,False
2015-11-01,2015,11,4,201511,M,imports,DEU,Germany,85,"Electrical machinery and equipment and parts thereof; sound recorders and reproducers; television image and sound recorders and reproducers, parts and accessories of such articles",46765494.0,0.0,46765494.0,False,0.48409127447328415,,36643509.666666664,32119262.636363637,6046619.9024258545,True
2015-12-01,2015,12,4,201512,M,imports,DEU,Germany,85,"Electrical machinery and equipment and parts thereof; sound recorders and reproducers; television image and sound recorders and reproducers, parts and accessories of such articles",26534008.0,0.0,26534008.0,False,-0.43261568027058583,,34936900.0,31653824.75,5986436.204107919,False
2016-01-01,2016,1,1,201601,M,imports,DEU,Germany,85,"Electrical machinery and equipment and parts thereof; sound recorders and reproducers; television image and sound recorders and reproducers, parts and accessories of such articles",29852984.0,0.0,29852984.0,False,0.12508385465173588,-0.03704210969726174,34384162.0,31558128.5,6006958.0803517345,False
2016-02-01,2016,2,1,201602,M,imports,DEU,Germany,85,"Electrical machinery and equipment and parts thereof; sound recorders and reproducers; television image and sound recorders and reproducers, parts and accessories of such articles",33833836.0,0.0,33833836.0,False,0.13334854565962306,0.43484822782619914,30073609.333333332,32412608.166666668,5474627.0933061205,False
2016-03-01,2016,3,1,201603,M,imports,DEU,Germany,85,"Electrical machinery and equipment and parts thereof; sound recorders and reproducers; television image and sound recorders and reproducers, parts and accessories of such articles",34409376.0,0.0,34409376.0,False,0.01701078175114401,-0.11474829838725364,32698732.0,32040923.166666668,5137416.692074792,False
2016-04-01,2016,4,2,201604,M,imports,DEU,Germany,85,"Electrical machinery and equipment and parts thereof; sound recorders and reproducers; television image and sound recorders and reproducers, parts and accessories of such articles",39380041.0,0.0,39380041.0,False,0.14445670273125555,0.34235181702366213,35874417.666666664,32877876.416666668,5464488.345298537,False
2016-05-01,2016,5,2,201605,M,imports,DEU,Germany,85,"Electrical machinery and equipment and parts thereof; sound recorders and reproducers; television image and sound recorders and reproducers, parts and accessories of such articles",36356922.0,0.0,36356922.0,False,-0.0767677971691294,0.22597258694191558,36715446.333333336,33436322.0,5447644.659946369,False
2016-06-01,2016,6,2,201606,M,imports,DEU,Germany,85,"Electrical machinery and equipment and parts thereof; sound recorders and reproducers; television image and sound recorders and reproducers, parts and accessories of such articles",40050225.0,0.0,40050225.0,False,0.10158458958654415,0.2369266772824543,38595729.333333336,34075605.833333336,5753784.132007291,False
2016-07-01,2016,7,3,201607,M,imports,DEU,Germany,85,"Electrical machinery and equipment and parts thereof; sound recorders and reproducers; television image and sound recorders and reproducers, parts and accessories of such articles",23341657.0,0.0,23341657.0,False,-0.41719036534751053,-0.21941413330637483,33249601.333333332,33528848.833333332,6455328.230862597,False
2016-08-01,2016,8,3,201608,M,imports,DEU,Germany,85,"Electrical machinery and equipment and parts thereof; sound recorders and reproducers; television image and sound recorders and reproducers, parts and accessories of such articles",26929838.0,0.0,26929838.0,False,0.15372434784728428,-0.060257306098474794,30107240.0,33384951.333333332,6591617.428800026,False
2016-09-01,2016,9,3,201609,M,imports,DEU,Germany,85,"Electrical machinery and equipment and parts thereof; sound recorders and reproducers; television image and sound recorders and reproducers, parts and accessories of such articles",30658338.0,0.0,30658338.0,False,0.1384523739058512,-0.03144955222963963,26976611.0,33301993.083333332,6621581.122523705,False
2016-10-01,2016,10,4,201610,M,imports,DEU,Germany,85,"Electrical machinery and equipment and parts thereof; sound recorders and reproducers; television image and sound recorders and reproducers, parts and accessories of such articles",25347172.0,0.0,25347172.0,False,-0.17323724462819867,-0.19561382591674237,27645116.0,32788324.25,7001328.87111818,False
2016-11-01,2016,11,4,201611,M,imports,DEU,Germany,85,"Electrical machinery and equipment and parts thereof; sound recorders and reproducers; television image and sound recorders and reproducers, parts and accessories of such articles",32130943.0,0.0,32130943.0,False,0.267634235487888,-0.3129348104395091,29378817.666666668,31568778.333333332,5447501.800661553,False
2016-12-01,2016,12,4,201612,M,imports,DEU,Germany,85,"Electrical machinery and equipment and parts thereof; sound recorders and reproducers; television image and sound recorders and reproducers, parts and accessories of such articles",31165376.0,0.0,31165376.0,False,-0.030051000993030264,0.17454460705672514,29547830.333333332,31954725.666666668,5217578.605533756,False
2017-01-01,2017,1,1,201701,M,imports,DEU,Germany,85,"Electrical machinery and equipment and parts thereof; sound recorders and reproducers; television image and sound recorders and reproducers, parts and accessories of such articles",22029594.0,0.0,22029594.0,False,-0.2931388345836097,-0.26206391964032805,28441971.0,31302776.5,5942488.4558760235,False
2017-02-01,2017,2,1,201702,M,imports,DEU,Germany,85,"Electrical machinery and equipment and parts thereof; sound recorders and reproducers; television image and sound recorders and reproducers, parts and accessories of such articles",19856262.0,0.0,19856262.0,False,-0.09865510912275555,-0.41312412816566235,24350410.666666668,30137978.666666668,6720255.972033233,False
2017-03-01,2017,3,1,201703,M,imports,DEU,Germany,85,"Electrical machinery and equipment and parts thereof; sound recorders and reproducers; television image and sound recorders and reproducers, parts and accessories of such articles",23321844.0,0.0,23321844.0,False,0.17453345448403135,-0.32222415192882314,21735900.0,29214017.666666668,6840724.663146629,False
2017-04-01,2017,4,2,201704,M,imports,DEU,Germany,85,"Electrical machinery and equipment and parts thereof; sound recorders and reproducers; television image and sound recorders and reproducers, parts and accessories of such articles",26673713.0,,26673713.0,False,0.14372229743068354,-0.32265908509338526,23283939.666666668,28155157.0,6063313.9718643045,False
2017-05-01,2017,5,2,201705,M,imports,DEU,Germany,85,"Electrical machinery and equipment and parts thereof; sound recorders and reproducers; television image and sound recorders and reproducers, parts and accessories of such articles",36588601.0,0.0,36588601.0,False,0.37171008025766783,0.006372349122403698,28861386.0,28174463.583333332,6092104.392284736,False
2017-06-01,2017,6,2,201706,M,imports,DEU,Germany,85,"Electrical machinery and equipment and parts thereof; sound recorders and reproducers; television image and sound recorders and reproducers, parts and accessories of such articles",22833522.0,,22833522.0,False,-0.3759389160574902,-0.4298778096752266,28698612.0,26739738.333333332,4963885.981829017,False
2017-07-01,2017,7,3,201707,M,imports,DEU,Germany,85,"Electrical machinery and equipment and parts thereof; sound recorders and reproducers; television image and sound recorders and reproducers, parts and accessories of such articles",35460105.0,0.0,35460105.0,False,0.5529844673108248,0.5191768519261508,31627409.333333332,27749609.0,5421351.53678173,False
2017-08-01,2017,8,3,201708,M,imports,DEU,Germany,85,"Electrical machinery and equipment and parts thereof; sound recorders and reproducers; television image and sound recorders and reproducers, parts and accessories of such articles",32386399.0,0.0,32386399.0,False,-0.08668067959753645,0.20262138227493232,30226675.333333332,28204322.416666668,5573053.699031053,False
2017-09-01,2017,9,3,201709,M,imports,DEU,Germany,85,"Electrical machinery and equipment and parts thereof; sound recorders and reproducers; television image and sound recorders and reproducers, parts and accessories of such articles",35970636.0,0.0,35970636.0,False,0.11067105669883204,0.17327416769950155,34605713.333333336,28647013.916666668,5981714.013075626,False
2017-10-01,2017,10,4,201710,M,imports,DEU,Germany,85,"Electrical machinery and equipment and parts thereof; sound recorders and reproducers; television image and sound recorders and reproducers, parts and accessories of such articles",53067588.0,0.0,53067588.0,False,0.47530302216507936,1.093629537843512,40474874.333333336,30957048.583333332,9120557.63759012,True
2017-11-01,2017,11,4,201711,M,imports,DEU,Germany,85,"Electrical machinery and equipment and parts thereof; sound recorders and reproducers; television image and sound recorders and reproducers, parts and accessories of such articles",38096392.0,0.0,38096392.0,False,-0.2821156296005012,0.18566056402390685,42378205.333333336,31454169.333333332,9350045.870890355,False
2017-12-01,2017,12,4,201712,M,imports,DEU,Germany,85,"Electrical machinery and equipment and parts thereof; sound recorders and reproducers; television image and sound recorders and reproducers, parts and accessories of such articles",35161612.0,0.0,35161612.0,False,-0.0770356415904162,0.12822678603332105,42108530.666666664,31787189.0,9409800.693580037,False
2018-01-01,2018,1,1,201801,M,imports,DEU,Germany,85,"Electrical machinery and equipment and parts thereof; sound recorders and reproducers; television image and sound recorders and reproducers, parts and accessories of such articles",68493788.0,0.0,68493788.0,False,0.9479706448043395,2.1091715988955584,47250597.333333336,35659205.166666664,13638986.498088788,True
2018-02-01,2018,2,1,201802,M,imports,DEU,Germany,85,"Electrical machinery and equipment and parts thereof; sound recorders and reproducers; television image and sound recorders and reproducers, parts and accessories of such articles",42632773.0,0.0,42632773.0,False,-0.3775673058117329,1.1470694232378684,48762724.333333336,37557247.75,12798822.131405741,False
2018-03-01,2018,3,1,201803,M,imports,DEU,Germany,85,"Electrical machinery and equipment and parts thereof; sound recorders and reproducers; television image and sound recorders and reproducers, parts and accessories of such articles",33932248.0,0.0,33932248.0,False,-0.20408067286638853,0.4549556201473606,48352936.333333336,38441448.083333336,12071832.383217026,False
2018-04-01,2018,4,2,201804,M,imports,DEU,Germany,85,"Electrical machinery and equipment and parts thereof; sound recorders and reproducers; television image and sound recorders and reproducers, parts and accessories of such articles",50660524.0,0.0,50660524.0,False,0.4929905027217767,0.8992677922267516,42408515.0,40440349.0,11931240.416895235,False
2018-05-01,2018,5,2,201805,M,imports,DEU,Germany,85,"Electrical machinery and equipment and parts thereof; sound recorders and reproducers; television image and sound recorders and reproducers, parts and accessories of such articles",62488695.0,0.0,62488695.0,False,0.233479049683734,0.7078733073177628,49027155.666666664,42598690.166666664,13420783.869271819,False
2018-06-01,2018,6,2,201806,M,imports,DEU,Germany,85,"Electrical machinery and equipment and parts thereof; sound recorders and reproducers; television image and sound recorders and reproducers, parts and accessories of such articles",51403066.0,0.0,51403066.0,False,-0.1774021525013444,1.2512105666396978,54850761.666666664,44979485.5,12060939.057552997,False
2018-07-01,2018,7,3,201807,M,imports,DEU,Germany,85,"Electrical machinery and equipment and parts thereof; sound recorders and reproducers; television image and sound recorders and reproducers, parts and accessories of such articles",55981686.0,0.0,55981686.0,False,0.0890728969357586,0.5787230748470711,56624482.333333336,46689617.25,12043345.820071626,False
2018-08-01,2018,8,3,201808,M,imports,DEU,Germany,85,"Electrical machinery and equipment and parts thereof; sound recorders and reproducers; television image and sound recorders and reproducers, parts and accessories of such articles",98271975.0,0.0,98271975.0,False,0.7554307849892195,2.034359423534552,68552242.33333333,52180081.916666664,18315118.235120986,True
2018-09-01,2018,9,3,201809,M,imports,DEU,Germany,85,"Electrical machinery and equipment and parts thereof; sound recorders and reproducers; television image and sound recorders and reproducers, parts and accessories of such articles",38192195.0,0.0,38192195.0,False,-0.6113622932682486,0.061760348079472394,64148618.666666664,52365211.833333336,18146832.135431055,False
2018-10-01,2018,10,4,201810,M,imports,DEU,Germany,85,"Electrical machinery and equipment and parts thereof; sound recorders and reproducers; television image and sound recorders and reproducers, parts and accessories of such articles",46491427.0,0.0,46491427.0,False,0.2173017811623552,-0.12392048042582982,60985199.0,51817198.416666664,18222830.02070176,False
2018-11-01,2018,11,4,201811,M,imports,DEU,Germany,85,"Electrical machinery and equipment and parts thereof; sound recorders and reproducers; television image and sound recorders and reproducers, parts and accessories of such articles",29397699.0,0.0,29397699.0,False,-0.3676748403528246,-0.22833377501995467,38027107.0,51092307.333333336,18975713.410891596,False
2018-12-01,2018,12,4,201812,M,imports,DEU,Germany,85,"Electrical machinery and equipment and parts thereof; sound recorders and reproducers; television image and sound recorders and reproducers, parts and accessories of such articles",26958241.0,0.0,26958241.0,False,-0.08298125645820098,-0.23330474723400052,34282455.666666664,50408693.083333336,19734402.026179865,False
2019-01-01,2019,1,1,201901,M,imports,DEU,Germany,85,"Electrical machinery and equipment and parts thereof; sound recorders and reproducers; television image and sound recorders and reproducers, parts and accessories of such articles",38533814.0,0.0,38533814.0,False,0.42938903172502974,-0.43741155037300605,31629918.0,47912028.583333336,19124127.902236328,False
2019-02-01,2019,2,1,201902,M,imports,DEU,Germany,85,"Electrical machinery and equipment and parts thereof; sound recorders and reproducers; television image and sound recorders and reproducers, parts and accessories of such articles",25816986.0,0.0,25816986.0,False,-0.3300173712365976,-0.39443333887758136,30436347.0,46510713.0,20135475.45798003,False
2019-03-01,2019,3,1,201903,M,imports,DEU,Germany,85,"Electrical machinery and equipment and parts thereof; sound recorders and reproducers; television image and sound recorders and reproducers, parts and accessories of such articles",27663411.0,0.0,27663411.0,False,0.07151977384191932,-0.18474570267198331,30671403.666666668,45988309.916666664,20568155.532838404,False
2019-04-01,2019,4,2,201904,M,imports,DEU,Germany,85,"Electrical machinery and equipment and parts thereof; sound recorders and reproducers; television image and sound recorders and reproducers, parts and accessories of such articles",35582927.0,0.0,35582927.0,False,0.2862812543254336,-0.29762023385308845,29687774.666666668,44731843.5,20716785.37098221,False
2019-05-01,2019,5,2,201905,M,imports,DEU,Germany,85,"Electrical machinery and equipment and parts thereof; sound recorders and reproducers; television image and sound recorders and reproducers, parts and accessories of such articles",29384808.0,0.0,29384808.0,False,-0.1741880031398204,-0.5297580146296862,30877048.666666668,41973186.25,20337919.359816186,False
2019-06-01,2019,6,2,201906,M,imports,DEU,Germany,85,"Electrical machinery and equipment and parts thereof; sound recorders and reproducers; television image and sound recorders and reproducers, parts and accessories of such articles",18371870.0,0.0,18371870.0,False,-0.3747833914722193,-0.642591941889225,27779868.333333332,39220586.583333336,21164117.23194817,False
2019-07-01,2019,7,3,201907,M,imports,DEU,Germany,85,"Electrical machinery and equipment and parts thereof; sound recorders and reproducers; television image and sound recorders and reproducers, parts and accessories of such articles",30889197.0,0.0,30889197.0,False,0.6813311328678029,-0.44822674686860986,26215291.666666668,37129545.833333336,20589332.237836324,False
2019-08-01,2019,8,3,201908,M,imports,DEU,Germany,85,"Electrical machinery and equipment and parts thereof; sound recorders and reproducers; television image and sound recorders and reproducers, parts and accessories of such articles",22160738.0,0.0,22160738.0,False,-0.28257319217459753,-0.7744958519455827,23807268.333333332,30786942.75,7781398.6770197125,False
2019-09-01,2019,9,3,201909,M,imports,DEU,Germany,85,"Electrical machinery and equipment and parts thereof; sound recorders and reproducers; television image and sound recorders and reproducers, parts and accessories of such articles",21928726.0,0.0,21928726.0,False,-0.010469506927070715,-0.4258322675614743,24992887.0,29431653.666666668,7790672.512626798,False
2019-10-01,2019,10,4,201910,M,imports,DEU,Germany,85,"Electrical machinery and equipment and parts thereof; sound recorders and reproducers; television image and sound recorders and reproducers, parts and accessories of such articles",22447931.0,0.0,22447931.0,False,0.0236769340818066,-0.5171597765755824,22179131.666666668,27428029.0,5855865.238690086,False
2019-11-01,2019,11,4,201911,M,imports,DEU,Germany,85,"Electrical machinery and equipment and parts thereof; sound recorders and reproducers; television image and sound recorders and reproducers, parts and accessories of such articles",34223438.0,0.0,34223438.0,False,0.5245698144742159,0.1641536298470163,26200031.666666668,27830173.916666668,6161169.249944354,False
2019-12-01,2019,12,4,201912,M,imports,DEU,Germany,85,"Electrical machinery and equipment and parts thereof; sound recorders and reproducers; television image and sound recorders and reproducers, parts and accessories of such articles",22700510.0,0.0,22700510.0,False,-0.3366969735769971,-0.15793801235028648,26457293.0,27475363.0,6336062.49423104,False
2020-01-01,2020,1,1,202001,M,imports,DEU,Germany,85,"Electrical machinery and equipment and parts thereof; sound recorders and reproducers; television image and sound recorders and reproducers, parts and accessories of such articles",19540914.0,0.0,19540914.0,False,-0.13918612401219177,-0.49288918039621,25488287.333333332,25892621.333333332,5658524.184820477,False
2020-02-01,2020,2,1,202002,M,imports,DEU,Germany,85,"Electrical machinery and equipment and parts thereof; sound recorders and reproducers; television image and sound recorders and reproducers, parts and accessories of such articles",23221981.0,0.0,23221981.0,False,0.18837742185447426,-0.1005154126047092,21821135.0,25676370.916666668,5711020.316625941,False
2020-03-01,2020,3,1,202003,M,imports,DEU,Germany,85,"Electrical machinery and equipment and parts thereof; sound recorders and reproducers; television image and sound recorders and reproducers, parts and accessories of such articles",15025258.0,0.0,15025258.0,False,-0.3529725995383426,-0.45685447105564825,19262717.666666668,24623191.5,6431180.572326607,False
2020-04-01,2020,4,2,202004,M,imports,DEU,Germany,85,"Electrical machinery and equipment and parts thereof; sound recorders and reproducers; television image and sound recorders and reproducers, parts and accessories of such articles",13501700.0,0.0,13501700.0,False,-0.1013997896076061,-0.6205567911824679,17249646.333333332,22783089.25,6163683.775748915,False
2020-05-01,2020,5,2,202005,M,imports,DEU,Germany,85,"Electrical machinery and equipment and parts thereof; sound recorders and reproducers; television image and sound recorders and reproducers, parts and accessories of such articles",13121372.0,0.0,13121372.0,False,-0.028168897249975955,-0.5534640893348699,13882776.666666666,21427802.916666668,6364857.006054555,False
2020-06-01,2020,6,2,202006,M,imports,DEU,Germany,85,"Electrical machinery and equipment and parts thereof; sound recorders and reproducers; television image and sound recorders and reproducers, parts and accessories of such articles",16246491.0,0.0,16246491.0,False,0.2381701395250435,-0.11568659042329388,14289854.333333334,21250688.0,6486042.936006336,False
2020-07-01,2020,7,3,202007,M,imports,DEU,Germany,85,"Electrical machinery and equipment and parts thereof; sound recorders and reproducers; television image and sound recorders and reproducers, parts and accessories of such articles",22099947.0,0.0,22099947.0,False,0.36029047749449394,-0.2845412265006436,17155936.666666668,20518250.5,5753568.785418944,False
2020-08-01,2020,8,3,202008,M,imports,DEU,Germany,85,"Electrical machinery and equipment and parts thereof; sound recorders and reproducers; television image and sound recorders and reproducers, parts and accessories of such articles",19507452.0,0.0,19507452.0,False,-0.11730774738962046,-0.11972913537446273,19284630.0,20297143.333333332,5735664.971547043,False
2020-09-01,2020,9,3,202009,M,imports,DEU,Germany,85,"Electrical machinery and equipment and parts thereof; sound recorders and reproducers; television image and sound recorders and reproducers, parts and accessories of such articles",14175825.0,0.0,14175825.0,False,-0.27331232187576315,-0.35354999647494345,18594408.0,19651068.25,5967151.744070006,False
2020-10-01,2020,10,4,202010,M,imports,DEU,Germany,85,"Electrical machinery and equipment and parts thereof; sound recorders and reproducers; television image and sound recorders and reproducers, parts and accessories of such articles",14249760.0,0.0,14249760.0,False,0.0052155694642110895,-0.3652083125166413,15977679.0,18967887.333333332,6085950.698085082,False
2020-11-01,2020,11,4,202011,M,imports,DEU,Germany,85,"Electrical machinery and equipment and parts thereof; sound recorders and reproducers; television image and sound recorders and reproducers, parts and accessories of such articles",32991990.0,0.0,32991990.0,False,1.3152663623808403,-0.03598259181324803,20472525.0,18865266.666666668,5809428.170435877,True
2020-12-01,2020,12,4,202012,M,imports,DEU,Germany,85,"Electrical machinery and equipment and parts thereof; sound recorders and reproducers; television image and sound recorders and reproducers, parts and accessories of such articles",25872944.0,0.0,25872944.0,False,-0.2157810426106458,0.139751661967066,24371564.666666668,19129636.166666668,6066328.586654416,False
2021-01-01,2021,1,1,202101,M,imports,DEU,Germany,85,"Electrical machinery and equipment and parts thereof; sound recorders and reproducers; television image and sound recorders and reproducers, parts and accessories of such articles",14745147.0,,14745147.0,False,-0.4300939622487491,-0.24542183646066917,24536693.666666668,18729988.916666668,6193411.076862994,False
2021-02-01,2021,2,1,202102,M,imports,DEU,Germany,85,"Electrical machinery and equipment and parts thereof; sound recorders and reproducers; television image and sound recorders and reproducers, parts and accessories of such articles",15638321.0,,15638321.0,False,0.06057409939690661,-0.326572483200292,18752137.333333332,18098017.25,6079245.675528,False
2021-03-01,2021,3,1,202103,M,imports,DEU,Germany,85,"Electrical machinery and equipment and parts thereof; sound recorders and reproducers; television image and sound recorders and reproducers, parts and accessories of such articles",18037026.0,,18037026.0,False,0.15338635138644352,0.20044700729930898,16140164.666666666,18348997.916666668,6002540.998317565,False
2021-04-01,2021,4,2,202104,M,imports,DEU,Germany,85,"Electrical machinery and equipment and parts thereof; sound recorders and reproducers; television image and sound recorders and reproducers, parts and accessories of such articles",23006214.0,,23006214.0,False,0.27549929794412886,0.7039494285904737,18893853.666666668,19141040.75,5931432.949336616,False
2021-05-01,2021,5,2,202105,M,imports,DEU,Germany,85,"Electrical machinery and equipment and parts thereof; sound recorders and reproducers; television image and sound recorders and reproducers, parts and accessories of such articles",16455006.0,,16455006.0,False,-0.2847581961986444,0.25406138931203226,19166082.0,19418843.583333332,5697313.106793264,False
2021-06-01,2021,6,2,202106,M,imports,DEU,Germany,85,"Electrical machinery and equipment and parts thereof; sound recorders and reproducers; television image and sound recorders and reproducers, parts and accessories of such articles",22518708.0,,22518708.0,False,0.36850196225999543,0.3860659511029181,20659976.0,19941528.333333332,5667451.642488209,False
2021-07-01,2021,7,3,202107,M,imports,DEU,Germany,85,"Electrical machinery and equipment and parts thereof; sound recorders and reproducers; television image and sound recorders and reproducers, parts and accessories of such articles",21137547.0,,21137547.0,False,-0.0613339362098394,-0.04354761574767574,20037087.0,19861328.333333332,5640878.3515735725,False
2021-08-01,2021,8,3,202108,M,imports,DEU,Germany,85,"Electrical machinery and equipment and parts thereof; sound recorders and reproducers; television image and sound recorders and reproducers, parts and accessories of such articles",22918376.0,,22918376.0,False,0.08424955838063886,0.17485235898568408,22191543.666666668,20145572.0,5706976.37491536,False
2021-09-01,2021,9,3,202109,M,imports,DEU,Germany,85,"Electrical machinery and equipment and parts thereof; sound recorders and reproducers; television image and sound recorders and reproducers, parts and accessories of such articles",24766258.0,,24766258.0,False,0.08062883687744726,0.7470770131544373,22940727.0,21028108.083333332,5515530.085694605,False
2021-10-01,2021,10,4,202110,M,imports,DEU,Germany,85,"Electrical machinery and equipment and parts thereof; sound recorders and reproducers; television image and sound recorders and reproducers, parts and accessories of such articles",28450238.0,,28450238.0,False,0.1487499645687289,0.9965415557876063,25378290.666666668,22211481.25,5452016.62882006,False
2021-11-01,2021,11,4,202111,M,imports,DEU,Germany,85,"Electrical machinery and equipment and parts thereof; sound recorders and reproducers; television image and sound recorders and reproducers, parts and accessories of such articles",24577871.0,,24577871.0,False,-0.13611017946493098,-0.25503520703055504,25931455.666666668,21510304.666666668,4373993.254121803,False
2021-12-01,2021,12,4,202112,M,imports,DEU,Germany,85,"Electrical machinery and equipment and parts thereof; sound recorders and reproducers; television image and sound recorders and reproducers, parts and accessories of such articles",22531016.0,,22531016.0,False,-0.08328040292830896,-0.12916690114584561,25186375.0,21231810.666666668,4172730.843714498,False
2022-01-01,2022,1,1,202201,M,imports,DEU,Germany,85,"Electrical machinery and equipment and parts thereof; sound recorders and reproducers; television image and sound recorders and reproducers, parts and accessories of such articles",22067779.0,,22067779.0,False,-0.020559969421707347,0.4966130212197952,23058888.666666668,21842030.0,3639207.400564363,False
2022-02-01,2022,2,1,202202,M,imports,DEU,Germany,85,"Electrical machinery and equipment and parts thereof; sound recorders and reproducers; television image and sound recorders and reproducers, parts and accessories of such articles",22564836.0,,22564836.0,False,0.022524106299958824,0.44291935176416963,22387877.0,22419239.583333332,3070690.2965027806,False
2022-03-01,2022,3,1,202203,M,imports,DEU,Germany,85,"Electrical machinery and equipment and parts thereof; sound recorders and reproducers; television image and sound recorders and reproducers, parts and accessories of such articles",22012871.0,,22012871.0,False,-0.024461290124155988,0.22042685972731868,22215162.0,22750560.0,2752925.5311555173,False
2022-04-01,2022,4,2,202204,M,imports,DEU,Germany,85,"Electrical machinery and equipment and parts thereof; sound recorders and reproducers; television image and sound recorders and reproducers, parts and accessories of such articles",39535838.0,,39535838.0,False,0.7960327846376785,0.7184851883930141,28037848.333333332,24128028.666666668,5578169.691825068,True
2022-05-01,2022,5,2,202205,M,imports,DEU,Germany,85,"Electrical machinery and equipment and parts thereof; sound recorders and reproducers; television image and sound recorders and reproducers, parts and accessories of such articles",25003417.0,,25003417.0,False,-0.3675758940533902,0.519502150287882,28850708.666666668,24840396.25,5027896.408351917,False
2022-06-01,2022,6,2,202206,M,imports,DEU,Germany,85,"Electrical machinery and equipment and parts thereof; sound recorders and reproducers; television image and sound recorders and reproducers, parts and accessories of such articles",27194511.0,,27194511.0,False,0.08763178248796955,0.20764082024599273,30577922.0,25230046.5,5012773.296493105,False
2022-07-01,2022,7,3,202207,M,imports,DEU,Germany,85,"Electrical machinery and equipment and parts thereof; sound recorders and reproducers; television image and sound recorders and reproducers, parts and accessories of such articles",26753866.0,,26753866.0,False,-0.01620345370431553,0.2657034423152318,26317264.666666668,25698073.083333332,4855659.719815047,False
2022-08-01,2022,8,3,202208,M,imports,DEU,Germany,85,"Electrical machinery and equipment and parts thereof; sound recorders and reproducers; television image and sound recorders and reproducers, parts and accessories of such articles",41347978.0,,41347978.0,False,0.5454954435370201,0.804140834411653,31765451.666666668,27233873.25,6524362.502214946,True
2022-09-01,2022,9,3,202209,M,imports,DEU,Germany,85,"Electrical machinery and equipment and parts thereof; sound recorders and reproducers; television image and sound recorders and reproducers, parts and accessories of such articles",45497769.0,,45497769.0,False,0.10036261023453186,0.8370869349741894,37866537.666666664,28961499.166666668,8311573.715515713,False
2022-10-01,2022,10,4,202210,M,imports,DEU,Germany,85,"Electrical machinery and equipment and parts thereof; sound recorders and reproducers; television image and sound recorders and reproducers, parts and accessories of such articles",33685949.0,,33685949.0,False,-0.2596131691644046,0.1840304815727727,40177232.0,29397808.416666668,8419023.280753067,False
2022-11-01,2022,11,4,202211,M,imports,DEU,Germany,85,"Electrical machinery and equipment and parts thereof; sound recorders and reproducers; television image and sound recorders and reproducers, parts and accessories of such articles",31766347.0,,31766347.0,False,-0.0569852433131689,0.29247757057558,36983355.0,29996848.083333332,8299789.039343971,False
2022-12-01,2022,12,4,202212,M,imports,DEU,Germany,85,"Electrical machinery and equipment and parts thereof; sound recorders and reproducers; television image and sound recorders and reproducers, parts and accessories of such articles",30766261.0,,30766261.0,False,-0.03148256234813529,0.36550704149337965,32072852.333333332,30683118.5,7959860.789075395,False
2023-01-01,2023,1,1,202301,M,imports,DEU,Germany,85,"Electrical machinery and equipment and parts thereof; sound recorders and reproducers; television image and sound recorders and reproducers, parts and accessories of such articles",33780360.0,,33780360.0,False,0.09796767309488796,0.5307548621000782,32104322.666666668,31659166.916666668,7512958.53639195,False
2023-02-01,2023,2,1,202302,M,imports,DEU,Germany,85,"Electrical machinery and equipment and parts thereof; sound recorders and reproducers; television image and sound recorders and reproducers, parts and accessories of such articles",27618004.0,,27618004.0,False,-0.1824242252006787,0.22393993911588805,30721541.666666668,32080264.25,7086390.753296765,False
2023-03-01,2023,3,1,202303,M,imports,DEU,Germany,85,"Electrical machinery and equipment and parts thereof; sound recorders and reproducers; television image and sound recorders and reproducers, parts and accessories of such articles",54110724.0,,54110724.0,False,0.9592554190375235,1.4581402398623968,38503029.333333336,34755085.333333336,8793174.052042242,True
2023-04-01,2023,4,2,202304,M,imports,DEU,Germany,85,"Electrical machinery and equipment and parts thereof; sound recorders and reproducers; television image and sound recorders and reproducers, parts and accessories of such articles",25923432.0,,25923432.0,False,-0.5209187738829737,-0.34430548809917727,35884053.333333336,33620718.166666664,8996059.981606089,False
2023-05-01,2023,5,2,202305,M,imports,DEU,Germany,85,"Electrical machinery and equipment and parts thereof; sound recorders and reproducers; television image and sound recorders and reproducers, parts and accessories of such articles",36994645.0,,36994645.0,False,0.4270735834668804,0.4795835705175817,39009600.333333336,34619987.166666664,8609524.786730101,False
2023-06-01,2023,6,2,202306,M,imports,DEU,Germany,85,"Electrical machinery and equipment and parts thereof; sound recorders and reproducers; television image and sound recorders and reproducers, parts and accessories of such articles",55286988.0,,55286988.0,False,0.4944592115967055,1.0330201193910051,39401688.333333336,36961026.916666664,10097635.67914798,False
2023-07-01,2023,7,3,202307,M,imports,DEU,Germany,85,"Electrical machinery and equipment and parts thereof; sound recorders and reproducers; television image and sound recorders and reproducers, parts and accessories of such articles",34184619.0,,34184619.0,False,-0.38168780328564833,0.2777450182340002,42155417.333333336,37580256.333333336,9631886.794733807,False
2023-08-01,2023,8,3,202308,M,imports,DEU,Germany,85,"Electrical machinery and equipment and parts thereof; sound recorders and reproducers; television image and sound recorders and reproducers, parts and accessories of such articles",33586569.0,,33586569.0,False,-0.0174947101209465,-0.18770951750046883,41019392.0,36933472.25,9616460.942504028,False
2023-09-01,2023,9,3,202309,M,imports,DEU,Germany,85,"Electrical machinery and equipment and parts thereof; sound recorders and reproducers; television image and sound recorders and reproducers, parts and accessories of such articles",29020345.0,,29020345.0,False,-0.13595386894088524,-0.36215894454077513,32263844.333333332,35560353.583333336,9457486.102772145,False
2023-10-01,2023,10,4,202310,M,imports,DEU,Germany,85,"Electrical machinery and equipment and parts thereof; sound recorders and reproducers; television image and sound recorders and reproducers, parts and accessories of such articles",37735193.0,,37735193.0,False,0.3003013230890259,0.12020572731972012,33447369.0,35897790.583333336,9456765.958941052,False
2023-11-01,2023,11,4,202311,M,imports,DEU,Germany,85,"Electrical machinery and equipment and parts thereof; sound recorders and reproducers; television image and sound recorders and reproducers, parts and accessories of such articles",38188380.0,,38188380.0,False,0.012009664294018618,0.2021646681628202,34981306.0,36432960.0,9383136.44288181,False
2023-12-01,2023,12,4,202312,M,imports,DEU,Germany,85,"Electrical machinery and equipment and parts thereof; sound recorders and reproducers; television image and sound recorders and reproducers, parts and accessories of such articles",31671031.0,,31671031.0,False,-0.1706631441291827,0.029407863373453136,35864868.0,36508357.5,9336984.219229115,False
2024-01-01,2024,1,1,202401,M,imports,DEU,Germany,85,"Electrical machinery and equipment and parts thereof; sound recorders and reproducers; television image and sound recorders and reproducers, parts and accessories of such articles",30108398.0,,30108398.0,False,-0.04933950524060926,-0.10870109140340722,33322603.0,36202360.666666664,9493375.297394507,False
2024-02-01,2024,2,1,202402,M,imports,DEU,Germany,85,"Electrical machinery and equipment and parts thereof; sound recorders and reproducers; television image and sound recorders and reproducers, parts and accessories of such articles",23576522.0,,23576522.0,False,-0.21694531871141065,-0.1463350501361358,28451983.666666668,35865570.5,9889045.413848657,False
2024-03-01,2024,3,1,202403,M,imports,DEU,Germany,85,"Electrical machinery and equipment and parts thereof; sound recorders and reproducers; television image and sound recorders and reproducers, parts and accessories of such articles",22725065.0,,22725065.0,False,-0.036114614360845954,-0.5800265950978589,25469995.0,33250098.916666668,8704358.210830893,False
2024-04-01,2024,4,2,202404,M,imports,DEU,Germany,85,"Electrical machinery and equipment and parts thereof; sound recorders and reproducers; television image and sound recorders and reproducers, parts and accessories of such articles",25855467.0,,25855467.0,False,0.13775106913885615,-0.0026217593411242968,24052351.333333332,33244435.166666668,8709579.462895961,False
2024-05-01,2024,5,2,202405,M,imports,DEU,Germany,85,"Electrical machinery and equipment and parts thereof; sound recorders and reproducers; television image and sound recorders and reproducers, parts and accessories of such articles",30814499.0,,30814499.0,False,0.19179819881033278,-0.16705515081980105,26465010.333333332,32729423.0,8650182.258845808,False
2024-06-01,2024,6,2,202406,M,imports,DEU,Germany,85,"Electrical machinery and equipment and parts thereof; sound recorders and reproducers; television image and sound recorders and reproducers, parts and accessories of such articles",28261173.0,,28261173.0,False,-0.08286118816989363,-0.48882776902225167,28310379.666666668,30477271.75,4984863.274522502,False
2024-07-01,2024,7,3,202407,M,imports,DEU,Germany,85,"Electrical machinery and equipment and parts thereof; sound recorders and reproducers; television image and sound recorders and reproducers, parts and accessories of such articles",32128741.0,,32128741.0,False,0.1368509367958648,-0.060140439184066974,30401471.0,30305948.583333332,4880091.169462159,False
2024-08-01,2024,8,3,202408,M,imports,DEU,Germany,85,"Electrical machinery and equipment and parts thereof; sound recorders and reproducers; television image and sound recorders and reproducers, parts and accessories of such articles",30082796.0,,30082796.0,False,-0.06367958831626797,-0.10432065865376128,30157570.0,30013967.5,4769529.034933324,False
2024-09-01,2024,9,3,202409,M,imports,DEU,Germany,85,"Electrical machinery and equipment and parts thereof; sound recorders and reproducers; television image and sound recorders and reproducers, parts and accessories of such articles",34905377.0,,34905377.0,False,0.1603102650431829,0.20278987034785434,32372304.666666668,30504386.833333332,4956950.557457777,False
2024-10-01,2024,10,4,202410,M,imports,DEU,Germany,85,"Electrical machinery and equipment and parts thereof; sound recorders and reproducers; television image and sound recorders and reproducers, parts and accessories of such articles",34856652.0,,34856652.0,False,-0.0013959167379856696,-0.07628266271223261,33281608.333333332,30264508.416666668,4634378.466943603,False
2024-11-01,2024,11,4,202411,M,imports,DEU,Germany,85,"Electrical machinery and equipment and parts thereof; sound recorders and reproducers; television image and sound recorders and reproducers, parts and accessories of such articles",52057663.0,,52057663.0,False,0.4934785761983107,0.36318071099114446,40606564.0,31420282.0,7582133.2836196795,True
2024-12-01,2024,12,4,202412,M,imports,DEU,Germany,85,"Electrical machinery and equipment and parts thereof; sound recorders and reproducers; television image and sound recorders and reproducers, parts and accessories of such articles",34459288.0,,34459288.0,False,-0.3380554175088497,0.08803808755073361,40457867.666666664,31652636.75,7633068.095674069,False
2015-01-01,2015,1,1,201501,X,exports,JPN,Japan,85,"Electrical machinery and equipment and parts thereof; sound recorders and reproducers; television image and sound recorders and reproducers, parts and accessories of such articles",98768198.0,98768198.0,0.0,False,,,98768198.0,,,False
2015-02-01,2015,2,1,201502,X,exports,JPN,Japan,85,"Electrical machinery and equipment and parts thereof; sound recorders and reproducers; television image and sound recorders and reproducers, parts and accessories of such articles",103063126.0,103063126.0,0.0,False,0.043484928215456575,,100915662.0,,,False
2015-03-01,2015,3,1,201503,X,exports,JPN,Japan,85,"Electrical machinery and equipment and parts thereof; sound recorders and reproducers; television image and sound recorders and reproducers, parts and accessories of such articles",110230991.0,110230991.0,0.0,False,0.06954829800136286,,104020771.66666667,,,False
2015-04-01,2015,4,2,201504,X,exports,JPN,Japan,85,"Electrical machinery and equipment and parts thereof; sound recorders and reproducers; television image and sound recorders and reproducers, parts and accessories of such articles",99905666.0,99905666.0,0.0,False,-0.09366989180021068,,104399927.66666667,,,False
2015-05-01,2015,5,2,201505,X,exports,JPN,Japan,85,"Electrical machinery and equipment and parts thereof; sound recorders and reproducers; television image and sound recorders and reproducers, parts and accessories of such articles",89867925.0,89867925.0,0.0,False,-0.10047218943518177,,100001527.33333333,,,False
2015-06-01,2015,6,2,201506,X,exports,JPN,Japan,85,"Electrical machinery and equipment and parts thereof; sound recorders and reproducers; television image and sound recorders and reproducers, parts and accessories of such articles",96946817.0,96946817.0,0.0,False,0.07876995045785251,,95573469.33333333,99797120.5,6742641.359181275,False
2015-07-01,2015,7,3,201507,X,exports,JPN,Japan,85,"Electrical machinery and equipment and parts thereof; sound recorders and reproducers; television image and sound recorders and reproducers, parts and accessories of such articles",77082365.0,77082365.0,0.0,False,-0.20490050746070398,,87965702.33333333,96552155.42857143,10563834.465713274,False
2015-08-01,2015,8,3,201508,X,exports,JPN,Japan,85,"Electrical machinery and equipment and parts thereof; sound recorders and reproducers; television image and sound recorders and reproducers, parts and accessories of such articles",88672575.0,88672575.0,0.0,False,0.15036136994499327,,87567252.33333333,95567207.875,10169242.18259569,False
2015-09-01,2015,9,3,201509,X,exports,JPN,Japan,85,"Electrical machinery and equipment and parts thereof; sound recorders and reproducers; television image and sound recorders and reproducers, parts and accessories of such articles",94482671.101,94482671.101,0.0,False,0.06552303348583255,,86745870.367,95446703.78899999,9519322.027325917,False
2015-10-01,2015,10,4,201510,X,exports,JPN,Japan,85,"Electrical machinery and equipment and parts thereof; sound recorders and reproducers; television image and sound recorders and reproducers, parts and accessories of such articles",97572445.45,97572445.45,0.0,False,0.03270202157702662,,93575897.18366666,95659277.9551,9000042.189579133,False
2015-11-01,2015,11,4,201511,X,exports,JPN,Japan,85,"Electrical machinery and equipment and parts thereof; sound recorders and reproducers; television image and sound recorders and reproducers, parts and accessories of such articles",97111718.59,97111718.59,0.0,False,-0.004721895181320379,,96388945.047,95791318.01281819,8549413.068629235,False
2015-12-01,2015,12,4,201512,X,exports,JPN,Japan,85,"Electrical machinery and equipment and parts thereof; sound recorders and reproducers; television image and sound recorders and reproducers, parts and accessories of such articles",91403501.71,91403501.71,0.0,False,-0.058779897656839664,,95362555.25,95425666.65425001,8249369.99851001,False
2016-01-01,2016,1,1,201601,X,exports,JPN,Japan,85,"Electrical machinery and equipment and parts thereof; sound recorders and reproducers; television image and sound recorders and reproducers, parts and accessories of such articles",90638995.892,90638995.892,0.0,False,-0.008364075814355276,-0.08230586638828818,93051405.39733334,94748233.14525001,8283641.416973316,False
2016-02-01,2016,2,1,201602,X,exports,JPN,Japan,85,"Electrical machinery and equipment and parts thereof; sound recorders and reproducers; television image and sound recorders and reproducers, parts and accessories of such articles",87925242.826,87925242.826,0.0,False,-0.029940237524625157,-0.1468797208227508,89989246.80933332,93486742.88075,8051681.517413389,False
2016-03-01,2016,3,1,201603,X,exports,JPN,Japan,85,"Electrical machinery and equipment and parts thereof; sound recorders and reproducers; television image and sound recorders and reproducers, parts and accessories of such articles",92741750.829,92741750.829,0.0,False,0.054779581473907824,-0.15865991961371373,90435329.84900002,92029306.19983333,6088894.777812589,False
2016-04-01,2016,4,2,201604,X,exports,JPN,Japan,85,"Electrical machinery and equipment and parts thereof; sound recorders and reproducers; television image and sound recorders and reproducers, parts and accessories of such articles",88831206.109,88831206.109,0.0,False,-0.042165957457611314,-0.11084916736354078,89832733.25466667,91106434.54224999,5606745.378242398,False
2016-05-01,2016,5,2,201605,X,exports,JPN,Japan,85,"Electrical machinery and equipment and parts thereof; sound recorders and reproducers; television image and sound recorders and reproducers, parts and accessories of such articles",86263115.289,86263115.289,0.0,False,-0.0289097821867782,-0.04011230604245053,89278690.74233334,90806033.733,5773233.526363073,False
2016-06-01,2016,6,2,201606,X,exports,JPN,Japan,85,"Electrical machinery and equipment and parts thereof; sound recorders and reproducers; television image and sound recorders and reproducers, parts and accessories of such articles",105491774.637,105491774.637,0.0,False,0.22290708240225077,0.08814067239567014,93528698.67833333,91518113.53608334,6996814.5600486025,False
2016-07-01,2016,7,3,201607,X,exports,JPN,Japan,85,"Electrical machinery and equipment and parts thereof; sound recorders and reproducers; television image and sound recorders and reproducers, parts and accessories of such articles",61035221.751,61035221.751,0.0,False,-0.42142198326813796,-0.20818177087586764,84263370.559,90180851.59866667,10608170.846430758,True
2016-08-01,2016,8,3,201608,X,exports,JPN,Japan,85,"Electrical machinery and equipment and parts thereof; sound recorders and reproducers; television image and sound recorders and reproducers, parts and accessories of such articles",92054613.472,92054613.472,0.0,False,0.5082211685499738,0.03814074951584523,86193869.95333333,90462688.138,10609382.978454536,False
2016-09-01,2016,9,3,201609,X,exports,JPN,Japan,85,"Electrical machinery and equipment and parts thereof; sound recorders and reproducers; television image and sound recorders and reproducers, parts and accessories of such articles",94759266.287,94759266.287,0.0,False,0.02938095890025827,0.002927470008805333,82616367.17,90485737.73683333,10619206.546195207,False
2016-10-01,2016,10,4,201610,X,exports,JPN,Japan,85,"Electrical machinery and equipment and parts thereof; sound recorders and reproducers; television image and sound recorders and reproducers, parts and accessories of such articles",97902198.422,97902198.422,0.0,False,0.03316754401074529,0.0033795706408628057,94905359.39366667,90513217.15116668,10639619.037278153,False
2016-11-01,2016,11,4,201611,X,exports,JPN,Japan,85,"Electrical machinery and equipment and parts thereof; sound recorders and reproducers; television image and sound recorders and reproducers, parts and accessories of such articles",134443821.01,134443821.01,0.0,False,0.37324619035100826,0.38442427919141187,109035095.23966666,93624225.68616666,16556881.76270978,True
2016-12-01,2016,12,4,201612,X,exports,JPN,Japan,85,"Electrical machinery and equipment and parts thereof; sound recorders and reproducers; television image and sound recorders and reproducers, parts and accessories of such articles",99011928.161,99011928.161,0.0,False,-0.2635442267470556,0.08323998871662064,110452649.19766666,94258261.22375,16609705.21595965,False
2017-01-01,2017,1,1,201701,X,exports,JPN,Japan,85,"Electrical machinery and equipment and parts thereof; sound recorders and reproducers; television image and sound recorders and reproducers, parts and accessories of such articles",104084704.6,104084704.6,0.0,False,0.05123399304729559,0.1483435311223118,112513484.59033333,95378736.94941665,16795832.000922106,False
2017-02-01,2017,2,1,201702,X,exports,JPN,Japan,85,"Electrical machinery and equipment and parts thereof; sound recorders and reproducers; television image and sound recorders and reproducers, parts and accessories of such articles",98026733.26,98026733.26,0.0,False,-0.05820232053576857,0.11488726228473878,100374455.34033334,96220527.81891666,16640732.244685745,False
2017-03-01,2017,3,1,201703,X,exports,JPN,Japan,85,"Electrical machinery and equipment and parts thereof; sound recorders and reproducers; television image and sound recorders and reproducers, parts and accessories of such articles",119866577.11,119866577.11,0.0,False,0.22279477366723377,0.2924769700651173,107326004.99,98480930.009,17918437.449713197,False
2017-04-01,2017,4,2,201704,X,exports,JPN,Japan,85,"Electrical machinery and equipment and parts thereof; sound recorders and reproducers; television image and sound recorders and reproducers, parts and accessories of such articles",97463865.88,97463865.88,,False,-0.1868970631358008,0.09718048588023587,105119058.75,99200318.32325,17667333.54519331,False
2017-05-01,2017,5,2,201705,X,exports,JPN,Japan,85,"Electrical machinery and equipment and parts thereof; sound recorders and reproducers; television image and sound recorders and reproducers, parts and accessories of such articles",117590291.4,117590291.4,0.0,False,0.20650140786309645,0.3631584137211741,111640244.79666667,101810916.3325,17894942.516587354,False
2017-06-01,2017,6,2,201706,X,exports,JPN,Japan,85,"Electrical machinery and equipment and parts thereof; sound recorders and reproducers; television image and sound recorders and reproducers, parts and accessories of such articles",96921584.39,96921584.39,,False,-0.17576882210192402,-0.08124036472502472,103991913.88999999,101096733.81191666,17905699.481920395,False
2017-07-01,2017,7,3,201707,X,exports,JPN,Japan,85,"Electrical machinery and equipment and parts thereof; sound recorders and reproducers; television image and sound recorders and reproducers, parts and accessories of such articles",106573487.09,106573487.09,0.0,False,0.0995846566143821,0.7460981386252423,107028454.29333334,104891589.25683333,12717252.980225315,False
2017-08-01,2017,8,3,201708,X,exports,JPN,Japan,85,"Electrical machinery and equipment and parts thereof; sound recorders and reproducers; television image and sound recorders and reproducers, parts and accessories of such articles",114928987.53,114928987.53,0.0,False,0.07840130475362872,0.24848699261507012,106141353.00333333,106797787.09500001,12326512.783458939,False
2017-09-01,2017,9,3,201709,X,exports,JPN,Japan,85,"Electrical machinery and equipment and parts thereof; sound recorders and reproducers; television image and sound recorders and reproducers, parts and accessories of such articles",109547085.07,109547085.07,0.0,False,-0.046828068145951085,0.1560567041349996,110349853.23,108030105.32691665,11738752.63941331,False
2017-10-01,2017,10,4,201710,X,exports,JPN,Japan,85,"Electrical machinery and equipment and parts thereof; sound recorders and reproducers; television image and sound recorders and reproducers, parts and accessories of such articles",121662810.34,121662810.34,0.0,False,0.11059833552173592,0.2426974296897979,115379627.64666666,110010156.32008334,11878209.129231209,False
2017-11-01,2017,11,4,201711,X,exports,JPN,Japan,85,"Electrical machinery and equipment and parts thereof; sound recorders and reproducers; television image and sound recorders and reproducers, parts and accessories of such articles",128051734.43,128051734.43,0.0,False,0.052513369304436175,-0.04754466610648134,119753876.61333334,109477482.43841666,10774971.192712786,False
2017-12-01,2017,12,4,201712,X,exports,JPN,Japan,85,"Electrical machinery and equipment and parts thereof; sound recorders and reproducers; television image and sound recorders and reproducers, parts and accessories of such articles",109414835.4,109414835.4,0.0,False,-0.1455419492204374,0.10506721192303403,119709793.39,110344391.375,10262720.582537495,False
2018-01-01,2018,1,1,201801,X,exports,JPN,Japan,85,"Electrical machinery and equipment and parts thereof; sound recorders and reproducers; television image and sound recorders and reproducers, parts and accessories of such articles",128866892.42,128866892.42,0.0,False,0.17778262836924208,0.23809634581025674,122111154.08333333,112409573.69333334,11326868.305265315,False
2018-02-01,2018,2,1,201802,X,exports,JPN,Japan,85,"Electrical machinery and equipment and parts thereof; sound recorders and reproducers; television image and sound recorders and reproducers, parts and accessories of such articles",121834020.45,121834020.45,0.0,False,-0.05457469981567198,0.24286525112343615,120038582.75666666,114393514.29250002,10642962.915292982,False
2018-03-01,2018,3,1,201803,X,exports,JPN,Japan,85,"Electrical machinery and equipment and parts thereof; sound recorders and reproducers; television image and sound recorders and reproducers, parts and accessories of such articles",135849712.04,135849712.04,0.0,False,0.11503922745249917,0.13334104731573748,128850208.30333333,115725442.20333333,12266454.171805162,False
2018-04-01,2018,4,2,201804,X,exports,JPN,Japan,85,"Electrical machinery and equipment and parts thereof; sound recorders and reproducers; television image and sound recorders and reproducers, parts and accessories of such articles",123674613.97,123674613.97,0.0,False,-0.08962181728007723,0.26892785191048496,127119448.82,117909671.21083336,10985853.561059779,False
2018-05-01,2018,5,2,201805,X,exports,JPN,Japan,85,"Electrical machinery and equipment and parts thereof; sound recorders and reproducers; television image and sound recorders and reproducers, parts and accessories of such articles",143040726.9,143040726.9,0.0,False,0.156589232893807,0.21643313573759881,134188350.96999998,120030540.83583333,13160096.932873894,False
2018-06-01,2018,6,2,201806,X,exports,JPN,Japan,85,"Electrical machinery and equipment and parts thereof; sound recorders and reproducers; television image and sound recorders and reproducers, parts and accessories of such articles",94348233.61,94348233.61,0.0,False,-0.3404099961267745,-0.026550853416151043,120354524.82666667,119816094.9375,13585001.274854997,False
2018-07-01,2018,7,3,201807,X,exports,JPN,Japan,85,"Electrical machinery and equipment and parts thereof; sound recorders and reproducers; television image and sound recorders and reproducers, parts and accessories of such articles",135789631.4,135789631.4,0.0,False,0.4392387245033449,0.2741408309679061,124392863.96999998,122250773.63,13613930.487500722,False
2018-08-01,2018,8,3,201808,X,exports,JPN,Japan,85,"Electrical machinery and equipment and parts thereof; sound recorders and reproducers; television image and sound recorders and reproducers, parts and accessories of such articles",129699784.92,129699784.92,0.0,False,-0.044847654546325,0.1285210781670234,119945883.31,123481673.41250001,13559391.186095508,False
2018-09-01,2018,9,3,201809,X,exports,JPN,Japan,85,"Electrical machinery and equipment and parts thereof; sound recorders and reproducers; television image and sound recorders and reproducers, parts and accessories of such articles",125814466.24,125814466.24,0.0,False,-0.02995624612944814,0.14849670495207823,130434627.51999998,124837288.51,12833354.430416044,False
2018-10-01,2018,10,4,201810,X,exports,JPN,Japan,85,"Electrical machinery and equipment and parts thereof; sound recorders and reproducers; television image and sound recorders and reproducers, parts and accessories of such articles",136669396.67,136669396.67,0.0,False,0.08627728395948875,0.1233457149975612,130727882.61,126087837.37083332,13221194.581296777,False
2018-11-01,2018,11,4,201811,X,exports,JPN,Japan,85,"Electrical machinery and equipment and parts thereof; sound recorders and reproducers; television image and sound recorders and reproducers, parts and accessories of such articles",135259638.49,135259638.49,0.0,False,-0.010315097705479448,0.05628899984904323,132581167.13333333,126688496.04250002,13479733.615367612,False
2018-12-01,2018,12,4,201812,X,exports,JPN,Japan,85,"Electrical machinery and equipment and parts thereof; sound recorders and reproducers; television image and sound recorders and reproducers, parts and accessories of such articles",122109323.28,122109323.28,0.0,False,-0.09722275881265374,0.1160216330225361,131346119.47999997,127746370.03250001,12460467.320894709,False
2019-01-01,2019,1,1,201901,X,exports,JPN,Japan,85,"Electrical machinery and equipment and parts thereof; sound recorders and reproducers; television image and sound recorders and reproducers, parts and accessories of such articles",141750421.449,141750421.449,0.0,False,0.16084847283906756,0.0999754769208705,133039794.40633333,128819997.45158333,13104202.93452355,False
2019-02-01,2019,2,1,201902,X,exports,JPN,Japan,85,"Electrical machinery and equipment and parts thereof; sound recorders and reproducers; television image and sound recorders and reproducers, parts and accessories of such articles",130477875.507,130477875.507,0.0,False,-0.07952389719035668,0.07094779459032452,131445873.412,129540318.70633332,12921581.005505964,False
2019-03-01,2019,3,1,201903,X,exports,JPN,Japan,85,"Electrical machinery and equipment and parts thereof; sound recorders and reproducers; television image and sound recorders and reproducers, parts and accessories of such articles",134186035.647,134186035.647,0.0,False,0.028419838425412403,-0.012246447695893004,135471444.201,129401679.00691666,12856492.532283252,False
2019-04-01,2019,4,2,201904,X,exports,JPN,Japan,85,"Electrical machinery and equipment and parts thereof; sound recorders and reproducers; television image and sound recorders and reproducers, parts and accessories of such articles",127534969.179,127534969.179,0.0,False,-0.04956601062048516,0.031213804394298883,130732960.111,129723375.27433331,12748001.17074379,False
2019-05-01,2019,5,2,201905,X,exports,JPN,Japan,85,"Electrical machinery and equipment and parts thereof; sound recorders and reproducers; television image and sound recorders and reproducers, parts and accessories of such articles",153762222.839,153762222.839,0.0,False,0.20564754771837568,0.07495414887324636,138494409.22166666,130616833.26924999,14073062.611675741,False
2019-06-01,2019,6,2,201906,X,exports,JPN,Japan,85,"Electrical machinery and equipment and parts thereof; sound recorders and reproducers; television image and sound recorders and reproducers, parts and accessories of such articles",99310264.191,99310264.191,0.0,False,-0.35413092788737244,0.052592723691162746,126869152.06966667,131030335.81766665,12937613.022471013,True
2019-07-01,2019,7,3,201907,X,exports,JPN,Japan,85,"Electrical machinery and equipment and parts thereof; sound recorders and reproducers; television image and sound recorders and reproducers, parts and accessories of such articles",130291671.223,130291671.223,0.0,False,0.3119658102249585,-0.04048880699001589,127788052.751,130572172.46958333,12850807.91592639,False
2019-08-01,2019,8,3,201908,X,exports,JPN,Japan,85,"Electrical machinery and equipment and parts thereof; sound recorders and reproducers; television image and sound recorders and reproducers, parts and accessories of such articles",117888858.287,117888858.287,0.0,False,-0.09519267670434617,-0.09106357917466934,115830264.56699999,129587928.58349998,13365683.573656905,False
2019-09-01,2019,9,3,201909,X,exports,JPN,Japan,85,"Electrical machinery and equipment and parts thereof; sound recorders and reproducers; television image and sound recorders and reproducers, parts and accessories of such articles",110080907.683,110080907.683,0.0,False,-0.06623145492673765,-0.12505365262995372,119420479.06433333,128276798.70375,14493611.692799486,False
2019-10-01,2019,10,4,201910,X,exports,JPN,Japan,85,"Electrical machinery and equipment and parts thereof; sound recorders and reproducers; television image and sound recorders and reproducers, parts and accessories of such articles",114412835.582,114412835.582,0.0,False,0.03935221820185797,-0.1628496329850666,114127533.85066666,126422085.27975,14743894.91254645,False
2019-11-01,2019,11,4,201911,X,exports,JPN,Japan,85,"Electrical machinery and equipment and parts thereof; sound recorders and reproducers; television image and sound recorders and reproducers, parts and accessories of such articles",106131781.164,106131781.164,0.0,False,-0.07237871848797017,-0.21534773899424164,110208508.143,123994763.83591668,15533243.6195279,False
2019-12-01,2019,12,4,201912,X,exports,JPN,Japan,85,"Electrical machinery and equipment and parts thereof; sound recorders and reproducers; television image and sound recorders and reproducers, parts and accessories of such articles",95648334.109,95648334.109,0.0,False,-0.09877764172072523,-0.21669917136731842,105397650.28500001,121789681.40499999,17569898.744022213,False
2020-01-01,2020,1,1,202001,X,exports,JPN,Japan,85,"Electrical machinery and equipment and parts thereof; sound recorders and reproducers; television image and sound recorders and reproducers, parts and accessories of such articles",129130988.505,129130988.505,0.0,False,0.3500599849218855,-0.08902571727831032,110303701.25933333,120738061.99300002,16618466.089392435,False
2020-02-01,2020,2,1,202002,X,exports,JPN,Japan,85,"Electrical machinery and equipment and parts thereof; sound recorders and reproducers; television image and sound recorders and reproducers, parts and accessories of such articles",121477528.523,121477528.523,0.0,False,-0.05926896456541608,-0.06897987071775347,115418950.37900001,119988033.07766668,16339689.242017172,False
2020-03-01,2020,3,1,202003,X,exports,JPN,Japan,85,"Electrical machinery and equipment and parts thereof; sound recorders and reproducers; television image and sound recorders and reproducers, parts and accessories of such articles",116303399.632,116303399.632,0.0,False,-0.042593300620372365,-0.13326748889164164,122303972.21999998,118497813.40975,15731219.916138358,False
2020-04-01,2020,4,2,202004,X,exports,JPN,Japan,85,"Electrical machinery and equipment and parts thereof; sound recorders and reproducers; television image and sound recorders and reproducers, parts and accessories of such articles",96505893.055,96505893.055,0.0,False,-0.17022293965302848,-0.2432985739028921,111428940.40333332,115912057.06608333,16634916.254168568,False
2020-05-01,2020,5,2,202005,X,exports,JPN,Japan,85,"Electrical machinery and equipment and parts thereof; sound recorders and reproducers; television image and sound recorders and reproducers, parts and accessories of such articles",59679946.317,59679946.317,0.0,False,-0.38159272529618893,-0.611868603255761,90829746.33466667,108071867.35591668,19154200.01551589,True
2020-06-01,2020,6,2,202006,X,exports,JPN,Japan,85,"Electrical machinery and equipment and parts thereof; sound recorders and reproducers; television image and sound recorders and reproducers, parts and accessories of such articles",91314061.436,91314061.436,0.0,False,0.5300627274523693,-0.08051738478533477,82499966.936,107405517.12633334,19620136.359147143,False
2020-07-01,2020,7,3,202007,X,exports,JPN,Japan,85,"Electrical machinery and equipment and parts thereof; sound recorders and reproducers; television image and sound recorders and reproducers, parts and accessories of such articles",109786610.972,109786610.972,0.0,False,0.20229687789045503,-0.15737813521406663,86926872.90833335,105696762.10541667,18293820.844939586,False
2020-08-01,2020,8,3,202008,X,exports,JPN,Japan,85,"Electrical machinery and equipment and parts thereof; sound recorders and reproducers; television image and sound recorders and reproducers, parts and accessories of such articles",99803525.091,99803525.091,0.0,False,-0.09093172466673627,-0.15341002923254476,100301399.16633333,104189651.00575002,17939618.722462144,False
2020-09-01,2020,9,3,202009,X,exports,JPN,Japan,85,"Electrical machinery and equipment and parts thereof; sound recorders and reproducers; television image and sound recorders and reproducers, parts and accessories of such articles",121214861.761,121214861.761,0.0,False,0.21453487389826487,0.10114337092915737,110268332.608,105117480.51225,18549564.081832983,False
2020-10-01,2020,10,4,202010,X,exports,JPN,Japan,85,"Electrical machinery and equipment and parts thereof; sound recorders and reproducers; television image and sound recorders and reproducers, parts and accessories of such articles",127491683.852,127491683.852,0.0,False,0.05178261147033303,0.11431277097075654,116170023.568,106207384.53475,19505002.30421772,False
2020-11-01,2020,11,4,202011,X,exports,JPN,Japan,85,"Electrical machinery and equipment and parts thereof; sound recorders and reproducers; television image and sound recorders and reproducers, parts and accessories of such articles",122213431.148,122213431.148,0.0,False,-0.04140076077532484,0.15152530003383102,123639992.25366665,107547522.03341667,20044342.78360854,False
2020-12-01,2020,12,4,202012,X,exports,JPN,Japan,85,"Electrical machinery and equipment and parts thereof; sound recorders and reproducers; television image and sound recorders and reproducers, parts and accessories of such articles",128759531.218,128759531.218,0.0,False,0.05356285318651022,0.3461764119306747,126154882.07266666,110306788.45916666,20530528.26620044,False
2021-01-01,2021,1,1,202101,X,exports,JPN,Japan,85,"Electrical machinery and equipment and parts thereof; sound recorders and reproducers; television image and sound recorders and reproducers, parts and accessories of such articles",134800155.53,134800155.53,,False,0.046913997393891904,0.043902452003459214,128591039.29866667,110779219.04458332,21061435.535521902,False
2021-02-01,2021,2,1,202102,X,exports,JPN,Japan,85,"Electrical machinery and equipment and parts thereof; sound recorders and reproducers; television image and sound recorders and reproducers, parts and accessories of such articles",121232919.462,121232919.462,,False,-0.10064703571488531,-0.00201361571950065,128264202.07000001,110758834.95616667,21050255.39809387,False
2021-03-01,2021,3,1,202103,X,exports,JPN,Japan,85,"Electrical machinery and equipment and parts thereof; sound recorders and reproducers; television image and sound recorders and reproducers, parts and accessories of such articles",146840539.82,146840539.82,,False,0.2112266245145289,0.26256446745859296,134291204.93733335,113303596.63849999,23486327.279296685,False
2021-04-01,2021,4,2,202104,X,exports,JPN,Japan,85,"Electrical machinery and equipment and parts thereof; sound recorders and reproducers; television image and sound recorders and reproducers, parts and accessories of such articles",138978265.757,138978265.757,,False,-0.053542938977463095,0.44010133845188526,135683908.34633335,116842961.03033334,23921051.673558827,False
2021-05-01,2021,5,2,202105,X,exports,JPN,Japan,85,"Electrical machinery and equipment and parts thereof; sound recorders and reproducers; television image and sound recorders and reproducers, parts and accessories of such articles",114387899.469,114387899.469,,False,-0.17693677607832325,0.916689047631001,133402235.01533334,121401957.12633334,15907081.25953756,False
2021-06-01,2021,6,2,202106,X,exports,JPN,Japan,85,"Electrical machinery and equipment and parts thereof; sound recorders and reproducers; television image and sound recorders and reproducers, parts and accessories of such articles",128486858.629,128486858.629,,False,0.12325568723133107,0.40708732706028616,127284341.28500001,124499690.22575001,12838686.332332702,False
2021-07-01,2021,7,3,202107,X,exports,JPN,Japan,85,"Electrical machinery and equipment and parts thereof; sound recorders and reproducers; television image and sound recorders and reproducers, parts and accessories of such articles",111746063.755,111746063.755,,False,-0.13029188395319313,0.017847830128390862,118206940.61766666,124662977.95766665,12645555.692767913,False
2021-08-01,2021,8,3,202108,X,exports,JPN,Japan,85,"Electrical machinery and equipment and parts thereof; sound recorders and reproducers; television image and sound recorders and reproducers, parts and accessories of such articles",122130895.881,122130895.881,,False,0.09293241996217816,0.22371324830102024,120787939.42166667,126523592.19016665,10026724.678281361,False
2021-09-01,2021,9,3,202109,X,exports,JPN,Japan,85,"Electrical machinery and equipment and parts thereof; sound recorders and reproducers; television image and sound recorders and reproducers, parts and accessories of such articles",119274485.361,119274485.361,,False,-0.02338810748414699,-0.016007743372474015,117717148.33233333,126361894.15683334,10135179.334278857,False
2021-10-01,2021,10,4,202110,X,exports,JPN,Japan,85,"Electrical machinery and equipment and parts thereof; sound recorders and reproducers; television image and sound recorders and reproducers, parts and accessories of such articles",111236797.697,111236797.697,,False,-0.06738815631585315,-0.12749761916918168,117547392.97966667,125007320.31058334,11018225.133521233,False
2021-11-01,2021,11,4,202111,X,exports,JPN,Japan,85,"Electrical machinery and equipment and parts thereof; sound recorders and reproducers; television image and sound recorders and reproducers, parts and accessories of such articles",141990360.502,141990360.502,,False,0.2764693288705615,0.16182287959864428,124167214.52,126655397.75674999,11997871.259255134,False
2021-12-01,2021,12,4,202112,X,exports,JPN,Japan,85,"Electrical machinery and equipment and parts thereof; sound recorders and reproducers; television image and sound recorders and reproducers, parts and accessories of such articles",141218781.925,141218781.925,,False,-0.005434020832626341,0.09676371596837763,131481980.04133333,127693668.649,12714225.267754313,False
2022-01-01,2022,1,1,202201,X,exports,JPN,Japan,85,"Electrical machinery and equipment and parts thereof; sound recorders and reproducers; television image and sound recorders and reproducers, parts and accessories of such articles",143397408.136,143397408.136,,False,0.01542731201404246,0.06377776473771712,142202183.521,128410106.36616667,13376073.101576883,False
2022-02-01,2022,2,1,202202,X,exports,JPN,Japan,85,"Electrical machinery and equipment and parts thereof; sound recorders and reproducers; television image and sound recorders and reproducers, parts and accessories of such articles",131949727.619,131949727.619,,False,-0.07983185097838641,0.08839849938909672,138855305.89333335,129303173.71258332,13210046.876041511,False
2022-03-01,2022,3,1,202203,X,exports,JPN,Japan,85,"Electrical machinery and equipment and parts thereof; sound recorders and reproducers; television image and sound recorders and reproducers, parts and accessories of such articles",145227310.768,145227310.768,,False,0.10062607470731999,-0.010986264787486544,140191482.17433333,129168737.95825,13022221.491983213,False
2022-04-01,2022,4,2,202204,X,exports,JPN,Japan,85,"Electrical machinery and equipment and parts thereof; sound recorders and reproducers; television image and sound recorders and reproducers, parts and accessories of such articles",116087323.449,116087323.449,,False,-0.20065087733774134,-0.16470879229435942,131088120.61199999,127261159.43258333,13130779.51850092,False
2022-05-01,2022,5,2,202205,X,exports,JPN,Japan,85,"Electrical machinery and equipment and parts thereof; sound recorders and reproducers; television image and sound recorders and reproducers, parts and accessories of such articles",102374190.183,102374190.183,,False,-0.11812774089863931,-0.10502605032323198,121229608.13333333,126260016.99208333,14579574.94237613,False
2022-06-01,2022,6,2,202206,X,exports,JPN,Japan,85,"Electrical machinery and equipment and parts thereof; sound recorders and reproducers; television image and sound recorders and reproducers, parts and accessories of such articles",123571877.448,123571877.448,,False,0.20706085417728692,-0.03825279280266147,114011130.36,125850435.227,14580367.386470798,False
2022-07-01,2022,7,3,202207,X,exports,JPN,Japan,85,"Electrical machinery and equipment and parts thereof; sound recorders and reproducers; television image and sound recorders and reproducers, parts and accessories of such articles",112659275.726,112659275.726,,False,-0.0883097509511589,0.008172207058695147,112868447.78566666,125926536.22458334,14502232.24945272,False
2022-08-01,2022,8,3,202208,X,exports,JPN,Japan,85,"Electrical machinery and equipment and parts thereof; sound recorders and reproducers; television image and sound recorders and reproducers, parts and accessories of such articles",126336468.983,126336468.983,,False,0.12140317047896243,0.034434964811015156,120855874.05233334,126277000.64975001,14452899.670926776,False
2022-09-01,2022,9,3,202209,X,exports,JPN,Japan,85,"Electrical machinery and equipment and parts thereof; sound recorders and reproducers; television image and sound recorders and reproducers, parts and accessories of such articles",146039622.115,146039622.115,,False,0.15595776334900813,0.22439951573039107,128345122.27466667,128507428.71258335,15313623.383844497,False
2022-10-01,2022,10,4,202210,X,exports,JPN,Japan,85,"Electrical machinery and equipment and parts thereof; sound recorders and reproducers; television image and sound recorders and reproducers, parts and accessories of such articles",138026202.708,138026202.708,,False,-0.05487154301652308,0.24083222068269317,136800764.60200003,130739879.13016666,14497974.833059506,False
2022-11-01,2022,11,4,202211,X,exports,JPN,Japan,85,"Electrical machinery and equipment and parts thereof; sound recorders and reproducers; television image and sound recorders and reproducers, parts and accessories of such articles",134353569.975,134353569.975,,False,-0.026608228444635396,-0.05378386603147223,139473131.59933332,130103479.91958332,14121966.769481009,False
2022-12-01,2022,12,4,202212,X,exports,JPN,Japan,85,"Electrical machinery and equipment and parts thereof; sound recorders and reproducers; television image and sound recorders and reproducers, parts and accessories of such articles",125313005.442,125313005.442,,False,-0.06728935103609246,-0.11263216029895673,132564259.375,128777998.546,13724713.265459055,False
2023-01-01,2023,1,1,202301,X,exports,JPN,Japan,85,"Electrical machinery and equipment and parts thereof; sound recorders and reproducers; television image and sound recorders and reproducers, parts and accessories of such articles",131932288.791,131932288.791,,False,0.05282199820882649,-0.07995346285566296,130532954.736,127822571.93391667,12994102.251218501,False
2023-02-01,2023,2,1,202302,X,exports,JPN,Japan,85,"Electrical machinery and equipment and parts thereof; sound recorders and reproducers; television image and sound recorders and reproducers, parts and accessories of such articles",122401271.216,122401271.216,,False,-0.07224173598699946,-0.0723643509941212,126548855.14966667,127026867.23366667,13010740.186656656,False
2023-03-01,2023,3,1,202303,X,exports,JPN,Japan,85,"Electrical machinery and equipment and parts thereof; sound recorders and reproducers; television image and sound recorders and reproducers, parts and accessories of such articles",136610640.218,136610640.218,,False,0.11608841036401407,-0.05933230123475264,130314733.40833335,126308811.3545,12122399.51897095,False
2023-04-01,2023,4,2,202304,X,exports,JPN,Japan,85,"Electrical machinery and equipment and parts thereof; sound recorders and reproducers; television image and sound recorders and reproducers, parts and accessories of such articles",119468242.8,119468242.8,,False,-0.12548361819141296,0.02912393231708288,126160051.41133332,126590554.63375,11900497.632508405,False
2023-05-01,2023,5,2,202305,X,exports,JPN,Japan,85,"Electrical machinery and equipment and parts thereof; sound recorders and reproducers; television image and sound recorders and reproducers, parts and accessories of such articles",151059708.104,151059708.104,,False,0.26443399989474026,0.47556437647000416,135712863.70733333,130647681.12716667,11170676.477647016,False
2023-06-01,2023,6,2,202306,X,exports,JPN,Japan,85,"Electrical machinery and equipment and parts thereof; sound recorders and reproducers; television image and sound recorders and reproducers, parts and accessories of such articles",135056148.262,135056148.262,,False,-0.10594194866960849,0.09293595801223198,135194699.722,131604703.695,11000004.219336009,False
2023-07-01,2023,7,3,202307,X,exports,JPN,Japan,85,"Electrical machinery and equipment and parts thereof; sound recorders and reproducers; television image and sound recorders and reproducers, parts and accessories of such articles",131664803.548,131664803.548,,False,-0.025110628117581246,0.16869918344072765,139260219.97133332,133188497.68016666,9253866.76669848,False
2023-08-01,2023,8,3,202308,X,exports,JPN,Japan,85,"Electrical machinery and equipment and parts thereof; sound recorders and reproducers; television image and sound recorders and reproducers, parts and accessories of such articles",166192073.283,166192073.283,,False,0.2622361390788288,0.315471887261334,144304341.69766667,136509798.03849998,12975108.421182433,True
2023-09-01,2023,9,3,202309,X,exports,JPN,Japan,85,"Electrical machinery and equipment and parts thereof; sound recorders and reproducers; television image and sound recorders and reproducers, parts and accessories of such articles",134243712.31,134243712.31,,False,-0.1922375739220532,-0.08077198252205298,144033529.71366665,135526805.55475,12629727.308934107,False
2023-10-01,2023,10,4,202310,X,exports,JPN,Japan,85,"Electrical machinery and equipment and parts thereof; sound recorders and reproducers; television image and sound recorders and reproducers, parts and accessories of such articles",150089008.3,150089008.3,,False,0.11803380372415151,0.08739504061789893,150174931.29766667,136532039.35408333,13308558.263718272,False
2023-11-01,2023,11,4,202311,X,exports,JPN,Japan,85,"Electrical machinery and equipment and parts thereof; sound recorders and reproducers; television image and sound recorders and reproducers, parts and accessories of such articles",150572266.62,150572266.62,,False,0.003219811533660355,0.12071652914037134,144968329.07666668,137883597.40783334,13878553.423497878,False
2023-12-01,2023,12,4,202312,X,exports,JPN,Japan,85,"Electrical machinery and equipment and parts thereof; sound recorders and reproducers; television image and sound recorders and reproducers, parts and accessories of such articles",130109436.679,130109436.679,,False,-0.13590039122305397,0.03827560611192893,143590237.19966668,138283300.01091668,13548758.222311048,False
2024-01-01,2024,1,1,202401,X,exports,JPN,Japan,85,"Electrical machinery and equipment and parts thereof; sound recorders and reproducers; television image and sound recorders and reproducers, parts and accessories of such articles",137205196.942,137205196.942,,False,0.054536861000377135,0.03996677537636795,139295633.41366667,138722709.0235,13408841.528093183,False
2024-02-01,2024,2,1,202402,X,exports,JPN,Japan,85,"Electrical machinery and equipment and parts thereof; sound recorders and reproducers; television image and sound recorders and reproducers, parts and accessories of such articles",126598771.961,126598771.961,,False,-0.07730337638364826,0.034292950582128556,131304468.52733333,139072500.75225,12992653.900395293,False
2024-03-01,2024,3,1,202403,X,exports,JPN,Japan,85,"Electrical machinery and equipment and parts thereof; sound recorders and reproducers; television image and sound recorders and reproducers, parts and accessories of such articles",141144429.413,141144429.413,,False,0.1148957231313501,0.033187672554385816,134982799.43866667,139450316.5185,12980470.656743754,False
2024-04-01,2024,4,2,202404,X,exports,JPN,Japan,85,"Electrical machinery and equipment and parts thereof; sound recorders and reproducers; television image and sound recorders and reproducers, parts and accessories of such articles",111934726.483,111934726.483,,False,-0.20694903122623454,-0.06305873544663876,126559309.28566666,138822523.49208334,14163056.100221934,False
2024-05-01,2024,5,2,202405,X,exports,JPN,Japan,85,"Electrical machinery and equipment and parts thereof; sound recorders and reproducers; television image and sound recorders and reproducers, parts and accessories of such articles",154024738.854,154024738.854,,False,0.3760228277092579,0.019628203888482743,135701298.25,139069609.38791665,14419493.70717325,False
2024-06-01,2024,6,2,202406,X,exports,JPN,Japan,85,"Electrical machinery and equipment and parts thereof; sound recorders and reproducers; television image and sound recorders and reproducers, parts and accessories of such articles",158160143.864,158160143.864,,False,0.026848966216524106,0.17106955810097424,141373203.067,140994942.35475,15347482.880555777,False
2024-07-01,2024,7,3,202407,X,exports,JPN,Japan,85,"Electrical machinery and equipment and parts thereof; sound recorders and reproducers; television image and sound recorders and reproducers, parts and accessories of such articles",171399729.574,171399729.574,,False,0.08371000042453525,0.30178851868726,161194870.764,144306186.19025,17312174.13292393,False
2024-08-01,2024,8,3,202408,X,exports,JPN,Japan,85,"Electrical machinery and equipment and parts thereof; sound recorders and reproducers; television image and sound recorders and reproducers, parts and accessories of such articles",152280162.181,152280162.181,,False,-0.11154957735651116,-0.08370983541621813,160613345.2063333,143146860.26508334,16139417.882233037,False
2024-09-01,2024,9,3,202409,X,exports,JPN,Japan,85,"Electrical machinery and equipment and parts thereof; sound recorders and reproducers; television image and sound recorders and reproducers, parts and accessories of such articles",135774965.286,135774965.286,,False,-0.10838704568348123,0.011406515431158448,153151619.01366666,143274464.67975,16068524.576675866,False
2024-10-01,2024,10,4,202410,X,exports,JPN,Japan,85,"Electrical machinery and equipment and parts thereof; sound recorders and reproducers; television image and sound recorders and reproducers, parts and accessories of such articles",158632766.057,158632766.057,,False,0.16835062872490303,0.056924606630237795,148895964.50800002,143986444.49283332,16579090.709178591,False
2024-11-01,2024,11,4,202411,X,exports,JPN,Japan,85,"Electrical machinery and equipment and parts thereof; sound recorders and reproducers; television image and sound recorders and reproducers, parts and accessories of such articles",140994877.175,140994877.175,,False,-0.11118692134298624,-0.06360659675244507,145134202.83933333,143188328.70575,16463351.289196149,False
2024-12-01,2024,12,4,202412,X,exports,JPN,Japan,85,"Electrical machinery and equipment and parts thereof; sound recorders and reproducers; television image and sound recorders and reproducers, parts and accessories of such articles",122475604.261,122475604.261,,False,-0.13134713320835234,-0.058672396198546584,140701082.4976667,142552176.00425002,17147924.726141304,False
2015-01-01,2015,1,1,201501,M,imports,JPN,Japan,85,"Electrical machinery and equipment and parts thereof; sound recorders and reproducers; television image and sound recorders and reproducers, parts and accessories of such articles",141260366.0,0.0,141260366.0,False,,,141260366.0,,,False
2015-02-01,2015,2,1,201502,M,imports,JPN,Japan,85,"Electrical machinery and equipment and parts thereof; sound recorders and reproducers; television image and sound recorders and reproducers, parts and accessories of such articles",125278211.0,0.0,125278211.0,False,-0.11313969694797477,,133269288.5,,,False
2015-03-01,2015,3,1,201503,M,imports,JPN,Japan,85,"Electrical machinery and equipment and parts thereof; sound recorders and reproducers; television image and sound recorders and reproducers, parts and accessories of such articles",134948615.0,0.0,134948615.0,False,0.07719142796507517,,133829064.0,,,False
2015-04-01,2015,4,2,201504,M,imports,JPN,Japan,85,"Electrical machinery and equipment and parts thereof; sound recorders and reproducers; television image and sound recorders and reproducers, parts and accessories of such articles",140715700.0,0.0,140715700.0,False,0.04273541451314644,,133647508.66666667,,,False
2015-05-01,2015,5,2,201505,M,imports,JPN,Japan,85,"Electrical machinery and equipment and parts thereof; sound recorders and reproducers; television image and sound recorders and reproducers, parts and accessories of such articles",99465519.0,0.0,99465519.0,False,-0.29314554808027815,,125043278.0,,,False
2015-06-01,2015,6,2,201506,M,imports,JPN,Japan,85,"Electrical machinery and equipment and parts thereof; sound recorders and reproducers; television image and sound recorders and reproducers, parts and accessories of such articles",116719326.0,0.0,116719326.0,False,0.1734652085814783,,118966848.33333333,126397956.16666667,16243698.248199582,False
2015-07-01,2015,7,3,201507,M,imports,JPN,Japan,85,"Electrical machinery and equipment and parts thereof; sound recorders and reproducers; television image and sound recorders and reproducers, parts and accessories of such articles",98400464.0,0.0,98400464.0,False,-0.15694797620747059,,104861769.66666667,122398314.42857143,18217062.941482354,False
2015-08-01,2015,8,3,201508,M,imports,JPN,Japan,85,"Electrical machinery and equipment and parts thereof; sound recorders and reproducers; television image and sound recorders and reproducers, parts and accessories of such articles",107488199.0,0.0,107488199.0,False,0.09235459499459275,,107535996.33333333,120534550.0,17670358.119967204,False
2015-09-01,2015,9,3,201509,M,imports,JPN,Japan,85,"Electrical machinery and equipment and parts thereof; sound recorders and reproducers; television image and sound recorders and reproducers, parts and accessories of such articles",107583585.0,0.0,107583585.0,False,0.0008874090447825722,,104490749.33333333,119095553.8888889,17083552.026643656,False
2015-10-01,2015,10,4,201510,M,imports,JPN,Japan,85,"Electrical machinery and equipment and parts thereof; sound recorders and reproducers; television image and sound recorders and reproducers, parts and accessories of such articles",103476924.0,0.0,103476924.0,False,-0.03817181775453937,,106182902.66666667,117533690.9,16846791.44664846,False
2015-11-01,2015,11,4,201511,M,imports,JPN,Japan,85,"Electrical machinery and equipment and parts thereof; sound recorders and reproducers; television image and sound recorders and reproducers, parts and accessories of such articles",101841905.0,0.0,101841905.0,False,-0.01580080791732852,,104300804.66666667,116107164.9090909,16667863.81850751,False
2015-12-01,2015,12,4,201512,M,imports,JPN,Japan,85,"Electrical machinery and equipment and parts thereof; sound recorders and reproducers; television image and sound recorders and reproducers, parts and accessories of such articles",116733575.0,0.0,116733575.0,False,0.14622340381398002,,107350801.33333333,116159365.75,15893213.340610089,False
2016-01-01,2016,1,1,201601,M,imports,JPN,Japan,85,"Electrical machinery and equipment and parts thereof; sound recorders and reproducers; television image and sound recorders and reproducers, parts and accessories of such articles",91096190.0,0.0,91096190.0,False,-0.21962306046054014,-0.3551185475478663,103223890.0,111979017.75,15276051.92183103,False
2016-02-01,2016,2,1,201602,M,imports,JPN,Japan,85,"Electrical machinery and equipment and parts thereof; sound recorders and reproducers; television image and sound recorders and reproducers, parts and accessories of such articles",131104433.0,0.0,131104433.0,False,0.4391867870654085,0.046506267558370507,112978066.0,112464536.25,15820066.70001234,False
2016-03-01,2016,3,1,201603,M,imports,JPN,Japan,85,"Electrical machinery and equipment and parts thereof; sound recorders and reproducers; television image and sound recorders and reproducers, parts and accessories of such articles",123106385.0,0.0,123106385.0,False,-0.06100516829968672,-0.08775362385156749,115102336.0,111477683.75,14613344.547868297,False
2016-04-01,2016,4,2,201604,M,imports,JPN,Japan,85,"Electrical machinery and equipment and parts thereof; sound recorders and reproducers; television image and sound recorders and reproducers, parts and accessories of such articles",141340750.0,0.0,141340750.0,False,0.1481187592341373,0.004441935050601975,131850522.66666667,111529771.25,14727700.560960822,True
2016-05-01,2016,5,2,201605,M,imports,JPN,Japan,85,"Electrical machinery and equipment and parts thereof; sound recorders and reproducers; television image and sound recorders and reproducers, parts and accessories of such articles",114300781.0,0.0,114300781.0,False,-0.19131049608835382,0.14914979732825806,126249305.33333333,112766043.08333333,14237430.494933952,False
2016-06-01,2016,6,2,201606,M,imports,JPN,Japan,85,"Electrical machinery and equipment and parts thereof; sound recorders and reproducers; television image and sound recorders and reproducers, parts and accessories of such articles",136749322.0,0.0,136749322.0,False,0.19639884175419597,0.17160822193233027,130796951.0,114435209.41666667,15828296.080335038,False
2016-07-01,2016,7,3,201607,M,imports,JPN,Japan,85,"Electrical machinery and equipment and parts thereof; sound recorders and reproducers; television image and sound recorders and reproducers, parts and accessories of such articles",104710125.0,0.0,104710125.0,False,-0.23429145045413824,0.06412226877304161,118586742.66666667,114961014.5,15344620.257691486,False
2016-08-01,2016,8,3,201608,M,imports,JPN,Japan,85,"Electrical machinery and equipment and parts thereof; sound recorders and reproducers; television image and sound recorders and reproducers, parts and accessories of such articles",145109297.0,0.0,145109297.0,False,0.3858191555019155,0.3500021244192584,128856248.0,118096106.0,17386414.39594462,False
2016-09-01,2016,9,3,201609,M,imports,JPN,Japan,85,"Electrical machinery and equipment and parts thereof; sound recorders and reproducers; television image and sound recorders and reproducers, parts and accessories of such articles",129611074.0,0.0,129611074.0,False,-0.10680379080053015,0.20474767595818633,126476832.0,119931730.08333333,17338366.97244906,False
2016-10-01,2016,10,4,201610,M,imports,JPN,Japan,85,"Electrical machinery and equipment and parts thereof; sound recorders and reproducers; television image and sound recorders and reproducers, parts and accessories of such articles",139606133.0,0.0,139606133.0,False,0.07711577947421366,0.3491523288805918,138108834.66666666,122942497.5,17358135.38274969,False
2016-11-01,2016,11,4,201611,M,imports,JPN,Japan,85,"Electrical machinery and equipment and parts thereof; sound recorders and reproducers; television image and sound recorders and reproducers, parts and accessories of such articles",137013868.0,0.0,137013868.0,False,-0.01856841776428264,0.3453584553431124,135410358.33333334,125873494.41666667,16415162.205095721,False
2016-12-01,2016,12,4,201612,M,imports,JPN,Japan,85,"Electrical machinery and equipment and parts thereof; sound recorders and reproducers; television image and sound recorders and reproducers, parts and accessories of such articles",134575340.0,0.0,134575340.0,False,-0.01779767286038525,0.15284175953662005,137065113.66666666,127360308.16666667,16319786.263368605,False
2017-01-01,2017,1,1,201701,M,imports,JPN,Japan,85,"Electrical machinery and equipment and parts thereof; sound recorders and reproducers; television image and sound recorders and reproducers, parts and accessories of such articles",121831850.0,0.0,121831850.0,False,-0.09469409477248947,0.3373978648283753,131140352.66666667,129921613.16666667,11933314.117745787,False
2017-02-01,2017,2,1,201702,M,imports,JPN,Japan,85,"Electrical machinery and equipment and parts thereof; sound recorders and reproducers; television image and sound recorders and reproducers, parts and accessories of such articles",130294330.0,0.0,130294330.0,False,0.06946032585075246,-0.006179066424092605,128900506.66666667,129854104.58333333,11928304.803489812,False
2017-03-01,2017,3,1,201703,M,imports,JPN,Japan,85,"Electrical machinery and equipment and parts thereof; sound recorders and reproducers; television image and sound recorders and reproducers, parts and accessories of such articles",140210980.0,0.0,140210980.0,False,0.07610960507644493,0.13894157480133962,130779053.33333333,131279487.5,12069802.896809312,False
2017-04-01,2017,4,2,201704,M,imports,JPN,Japan,85,"Electrical machinery and equipment and parts thereof; sound recorders and reproducers; television image and sound recorders and reproducers, parts and accessories of such articles",126752911.0,,126752911.0,False,-0.09598441577114714,-0.10321042586798213,132419407.0,130063834.25,11693077.592675818,False
2017-05-01,2017,5,2,201705,M,imports,JPN,Japan,85,"Electrical machinery and equipment and parts thereof; sound recorders and reproducers; television image and sound recorders and reproducers, parts and accessories of such articles",123101204.0,0.0,123101204.0,False,-0.028809649981135332,0.07699355090145876,130021698.33333333,130797202.83333333,10860935.494444573,False
2017-06-01,2017,6,2,201706,M,imports,JPN,Japan,85,"Electrical machinery and equipment and parts thereof; sound recorders and reproducers; television image and sound recorders and reproducers, parts and accessories of such articles",114315303.0,,114315303.0,False,-0.07137136530362453,-0.16405214060220352,121389806.0,128927701.25,11645693.638189139,False
2017-07-01,2017,7,3,201707,M,imports,JPN,Japan,85,"Electrical machinery and equipment and parts thereof; sound recorders and reproducers; television image and sound recorders and reproducers, parts and accessories of such articles",176465913.0,0.0,176465913.0,False,0.5436770788246958,0.6852803203128637,137960806.66666666,134907350.25,15771551.29991688,True
2017-08-01,2017,8,3,201708,M,imports,JPN,Japan,85,"Electrical machinery and equipment and parts thereof; sound recorders and reproducers; television image and sound recorders and reproducers, parts and accessories of such articles",167040839.0,0.0,167040839.0,False,-0.053410167662238495,0.15113809007013512,152607351.66666666,136734978.75,18152282.113010176,False
2017-09-01,2017,9,3,201709,M,imports,JPN,Japan,85,"Electrical machinery and equipment and parts thereof; sound recorders and reproducers; television image and sound recorders and reproducers, parts and accessories of such articles",147349393.0,0.0,147349393.0,False,-0.11788402236174111,0.13685805118781746,163618715.0,138213172.0,18241446.09644547,False
2017-10-01,2017,10,4,201710,M,imports,JPN,Japan,85,"Electrical machinery and equipment and parts thereof; sound recorders and reproducers; television image and sound recorders and reproducers, parts and accessories of such articles",173498631.0,0.0,173498631.0,False,0.1774641718408707,0.24277227132994228,162629621.0,141037546.83333334,20905962.76552336,False
2017-11-01,2017,11,4,201711,M,imports,JPN,Japan,85,"Electrical machinery and equipment and parts thereof; sound recorders and reproducers; television image and sound recorders and reproducers, parts and accessories of such articles",184505155.0,0.0,184505155.0,False,0.06343867923661017,0.34661664321453944,168451059.66666666,144995154.08333334,24295422.646554712,False
2017-12-01,2017,12,4,201712,M,imports,JPN,Japan,85,"Electrical machinery and equipment and parts thereof; sound recorders and reproducers; television image and sound recorders and reproducers, parts and accessories of such articles",127444931.0,0.0,127444931.0,False,-0.3092608659091395,-0.05298451410191496,161816239.0,144400953.33333334,24657921.625329632,False
2018-01-01,2018,1,1,201801,M,imports,JPN,Japan,85,"Electrical machinery and equipment and parts thereof; sound recorders and reproducers; television image and sound recorders and reproducers, parts and accessories of such articles",136343612.0,0.0,136343612.0,False,0.06982373429979738,0.11911303981676391,149431232.66666666,145610266.83333334,23791043.276611593,False
2018-02-01,2018,2,1,201802,M,imports,JPN,Japan,85,"Electrical machinery and equipment and parts thereof; sound recorders and reproducers; television image and sound recorders and reproducers, parts and accessories of such articles",127424938.0,0.0,127424938.0,False,-0.06541321495868835,-0.0220223857784142,130404493.66666667,145371150.83333334,23972699.03308951,False
2018-03-01,2018,3,1,201803,M,imports,JPN,Japan,85,"Electrical machinery and equipment and parts thereof; sound recorders and reproducers; television image and sound recorders and reproducers, parts and accessories of such articles",148651283.0,0.0,148651283.0,False,0.16657920602637444,0.06019716144912479,137473277.66666666,146074509.41666666,23931319.59413444,False
2018-04-01,2018,4,2,201804,M,imports,JPN,Japan,85,"Electrical machinery and equipment and parts thereof; sound recorders and reproducers; television image and sound recorders and reproducers, parts and accessories of such articles",151398429.0,0.0,151398429.0,False,0.018480472852696384,0.1944374910648008,142491550.0,148128302.58333334,23167751.471270528,False
2018-05-01,2018,5,2,201805,M,imports,JPN,Japan,85,"Electrical machinery and equipment and parts thereof; sound recorders and reproducers; television image and sound recorders and reproducers, parts and accessories of such articles",166858223.0,0.0,166858223.0,False,0.10211330528403306,0.3554556541949012,155635978.33333334,151774720.83333334,22297757.027940396,False
2018-06-01,2018,6,2,201806,M,imports,JPN,Japan,85,"Electrical machinery and equipment and parts thereof; sound recorders and reproducers; television image and sound recorders and reproducers, parts and accessories of such articles",105513990.0,0.0,105513990.0,False,-0.3676428520996535,-0.07699155554003123,141256880.66666666,151041278.08333334,23740034.515673872,False
2018-07-01,2018,7,3,201807,M,imports,JPN,Japan,85,"Electrical machinery and equipment and parts thereof; sound recorders and reproducers; television image and sound recorders and reproducers, parts and accessories of such articles",181354149.0,0.0,181354149.0,False,0.718768752845002,0.02770073787564864,151242120.66666666,151448631.08333334,24252363.46837647,False
2018-08-01,2018,8,3,201808,M,imports,JPN,Japan,85,"Electrical machinery and equipment and parts thereof; sound recorders and reproducers; television image and sound recorders and reproducers, parts and accessories of such articles",153271565.0,0.0,153271565.0,False,-0.1548494156590815,-0.0824305845350789,146713234.66666666,150301191.58333334,23768495.579612605,False
2018-09-01,2018,9,3,201809,M,imports,JPN,Japan,85,"Electrical machinery and equipment and parts thereof; sound recorders and reproducers; television image and sound recorders and reproducers, parts and accessories of such articles",124387434.0,0.0,124387434.0,False,-0.1884506822906128,-0.1558334142577703,153004382.66666666,148387695.0,24923933.897901796,False
2018-10-01,2018,10,4,201810,M,imports,JPN,Japan,85,"Electrical machinery and equipment and parts thereof; sound recorders and reproducers; television image and sound recorders and reproducers, parts and accessories of such articles",172044169.0,0.0,172044169.0,False,0.38313142628217567,-0.008383132429442663,149901056.0,148266489.83333334,24793915.41455323,False
2018-11-01,2018,11,4,201811,M,imports,JPN,Japan,85,"Electrical machinery and equipment and parts thereof; sound recorders and reproducers; television image and sound recorders and reproducers, parts and accessories of such articles",132807969.0,0.0,132807969.0,False,-0.22805887713637074,-0.28019372141661847,143079857.33333334,143958391.0,22289681.8445091,False
2018-12-01,2018,12,4,201812,M,imports,JPN,Japan,85,"Electrical machinery and equipment and parts thereof; sound recorders and reproducers; television image and sound recorders and reproducers, parts and accessories of such articles",106101945.0,0.0,106101945.0,False,-0.20108751154834692,-0.16746830048501493,136984694.33333334,142179808.83333334,24471848.338856857,False
2019-01-01,2019,1,1,201901,M,imports,JPN,Japan,85,"Electrical machinery and equipment and parts thereof; sound recorders and reproducers; television image and sound recorders and reproducers, parts and accessories of such articles",130999956.0,0.0,130999956.0,False,0.23466121191275047,-0.03919256591207221,123303290.0,141734504.16666666,24635770.986817013,False
2019-02-01,2019,2,1,201902,M,imports,JPN,Japan,85,"Electrical machinery and equipment and parts thereof; sound recorders and reproducers; television image and sound recorders and reproducers, parts and accessories of such articles",132474740.0,0.0,132474740.0,False,0.011257896911049281,0.039629621008722804,123192213.66666667,142155321.0,24411226.627631273,False
2019-03-01,2019,3,1,201903,M,imports,JPN,Japan,85,"Electrical machinery and equipment and parts thereof; sound recorders and reproducers; television image and sound recorders and reproducers, parts and accessories of such articles",127281004.0,0.0,127281004.0,False,-0.03920548173938665,-0.14376114735585566,130251900.0,140374464.41666666,24672358.884143163,False
2019-04-01,2019,4,2,201904,M,imports,JPN,Japan,85,"Electrical machinery and equipment and parts thereof; sound recorders and reproducers; television image and sound recorders and reproducers, parts and accessories of such articles",130857235.0,0.0,130857235.0,False,0.02809713066059727,-0.1356764012392757,130204326.33333333,138662698.25,24550257.102357276,False
2019-05-01,2019,5,2,201905,M,imports,JPN,Japan,85,"Electrical machinery and equipment and parts thereof; sound recorders and reproducers; television image and sound recorders and reproducers, parts and accessories of such articles",116773610.0,0.0,116773610.0,False,-0.10762587945557611,-0.30016268961464365,124970616.33333333,134488980.5,23558383.745916955,False
2019-06-01,2019,6,2,201906,M,imports,JPN,Japan,85,"Electrical machinery and equipment and parts thereof; sound recorders and reproducers; television image and sound recorders and reproducers, parts and accessories of such articles",104120885.0,0.0,104120885.0,False,-0.10835260638084243,-0.013203035919691741,117250576.66666667,134372888.41666666,23717046.637538623,False
2019-07-01,2019,7,3,201907,M,imports,JPN,Japan,85,"Electrical machinery and equipment and parts thereof; sound recorders and reproducers; television image and sound recorders and reproducers, parts and accessories of such articles",136957634.0,0.0,136957634.0,False,0.3153713973906387,-0.24480562063126554,119284043.0,130673178.83333333,18641764.364893615,False
2019-08-01,2019,8,3,201908,M,imports,JPN,Japan,85,"Electrical machinery and equipment and parts thereof; sound recorders and reproducers; television image and sound recorders and reproducers, parts and accessories of such articles",132062669.0,0.0,132062669.0,False,-0.035740724025650206,-0.13837462937107736,124380396.0,128905770.83333333,17258536.80230663,False
2019-09-01,2019,9,3,201909,M,imports,JPN,Japan,85,"Electrical machinery and equipment and parts thereof; sound recorders and reproducers; television image and sound recorders and reproducers, parts and accessories of such articles",113593937.0,0.0,113593937.0,False,-0.1398482412921701,-0.08677321054794007,127538080.0,128006312.75,17788547.407604106,False
2019-10-01,2019,10,4,201910,M,imports,JPN,Japan,85,"Electrical machinery and equipment and parts thereof; sound recorders and reproducers; television image and sound recorders and reproducers, parts and accessories of such articles",130328080.0,0.0,130328080.0,False,0.1473154592749084,-0.24247313490758293,125328228.66666667,124529972.0,11288751.79324554,False
2019-11-01,2019,11,4,201911,M,imports,JPN,Japan,85,"Electrical machinery and equipment and parts thereof; sound recorders and reproducers; television image and sound recorders and reproducers, parts and accessories of such articles",122670534.0,0.0,122670534.0,False,-0.05875591814135528,-0.07633152646133756,122197517.0,123685185.75,10988272.248960849,False
2019-12-01,2019,12,4,201912,M,imports,JPN,Japan,85,"Electrical machinery and equipment and parts thereof; sound recorders and reproducers; television image and sound recorders and reproducers, parts and accessories of such articles",100251400.0,0.0,100251400.0,False,-0.18275891747565065,-0.05514078936064748,117750004.66666667,123197640.33333333,11928891.398978306,False
2020-01-01,2020,1,1,202001,M,imports,JPN,Japan,85,"Electrical machinery and equipment and parts thereof; sound recorders and reproducers; television image and sound recorders and reproducers, parts and accessories of such articles",106182790.0,0.0,106182790.0,False,0.059165158790799977,-0.1894440788972479,109701574.66666667,121129543.16666667,12586383.846005715,False
2020-02-01,2020,2,1,202002,M,imports,JPN,Japan,85,"Electrical machinery and equipment and parts thereof; sound recorders and reproducers; television image and sound recorders and reproducers, parts and accessories of such articles",123941911.0,0.0,123941911.0,False,0.16725046497648055,-0.06441098884209928,110125367.0,120418474.08333333,12119541.441432327,False
2020-03-01,2020,3,1,202003,M,imports,JPN,Japan,85,"Electrical machinery and equipment and parts thereof; sound recorders and reproducers; television image and sound recorders and reproducers, parts and accessories of such articles",108592559.0,0.0,108592559.0,False,-0.12384311227862221,-0.1468282336930654,112905753.33333333,118861103.66666667,12355967.463615285,False
2020-04-01,2020,4,2,202004,M,imports,JPN,Japan,85,"Electrical machinery and equipment and parts thereof; sound recorders and reproducers; television image and sound recorders and reproducers, parts and accessories of such articles",112759628.0,0.0,112759628.0,False,0.038373430356310134,-0.1383003927906623,115098032.66666667,117352969.75,11852872.590060394,False
2020-05-01,2020,5,2,202005,M,imports,JPN,Japan,85,"Electrical machinery and equipment and parts thereof; sound recorders and reproducers; television image and sound recorders and reproducers, parts and accessories of such articles",52091693.0,0.0,52091693.0,False,-0.5380288679207066,-0.5539086870740744,91147960.0,111962810.0,22269933.24632234,True
2020-06-01,2020,6,2,202006,M,imports,JPN,Japan,85,"Electrical machinery and equipment and parts thereof; sound recorders and reproducers; television image and sound recorders and reproducers, parts and accessories of such articles",74765617.0,0.0,74765617.0,False,0.4352694776113344,-0.28193448413351463,79872312.66666667,109516537.66666667,24690398.564808037,False
2020-07-01,2020,7,3,202007,M,imports,JPN,Japan,85,"Electrical machinery and equipment and parts thereof; sound recorders and reproducers; television image and sound recorders and reproducers, parts and accessories of such articles",56231250.0,0.0,56231250.0,False,-0.24789960604484818,-0.5894259534302411,61029520.0,102789339.0,27384500.070319038,False
2020-08-01,2020,8,3,202008,M,imports,JPN,Japan,85,"Electrical machinery and equipment and parts thereof; sound recorders and reproducers; television image and sound recorders and reproducers, parts and accessories of such articles",52407808.0,0.0,52407808.0,False,-0.06799496721129261,-0.6031595575279491,61134891.666666664,96151433.91666667,29235172.924197886,False
2020-09-01,2020,9,3,202009,M,imports,JPN,Japan,85,"Electrical machinery and equipment and parts thereof; sound recorders and reproducers; television image and sound recorders and reproducers, parts and accessories of such articles",75825857.0,0.0,75825857.0,False,0.4468427490804423,-0.33248323807986335,61488305.0,93004093.91666667,29219650.718560375,False
2020-10-01,2020,10,4,202010,M,imports,JPN,Japan,85,"Electrical machinery and equipment and parts thereof; sound recorders and reproducers; television image and sound recorders and reproducers, parts and accessories of such articles",79796816.0,0.0,79796816.0,False,0.05236945755852118,-0.3877235358642589,69343493.66666667,88793155.25,26900888.915065095,False
2020-11-01,2020,11,4,202011,M,imports,JPN,Japan,85,"Electrical machinery and equipment and parts thereof; sound recorders and reproducers; television image and sound recorders and reproducers, parts and accessories of such articles",90940455.0,0.0,90940455.0,False,0.13965017100431676,-0.2586609674333039,82187709.33333333,86148982.0,24740967.76926996,False
2020-12-01,2020,12,4,202012,M,imports,JPN,Japan,85,"Electrical machinery and equipment and parts thereof; sound recorders and reproducers; television image and sound recorders and reproducers, parts and accessories of such articles",91153380.0,0.0,91153380.0,False,0.002341367216603496,-0.09075204934793923,87296883.66666667,85390813.66666667,24406665.116122853,False
2021-01-01,2021,1,1,202101,M,imports,JPN,Japan,85,"Electrical machinery and equipment and parts thereof; sound recorders and reproducers; television image and sound recorders and reproducers, parts and accessories of such articles",95247769.0,,95247769.0,False,0.04491757738440416,-0.10298298810946671,92447201.33333333,84479561.91666667,23755242.588017467,False
2021-02-01,2021,2,1,202102,M,imports,JPN,Japan,85,"Electrical machinery and equipment and parts thereof; sound recorders and reproducers; television image and sound recorders and reproducers, parts and accessories of such articles",108610502.0,,108610502.0,False,0.14029444616177833,-0.12369834284707781,98337217.0,83201944.5,21769170.555755455,False
2021-03-01,2021,3,1,202103,M,imports,JPN,Japan,85,"Electrical machinery and equipment and parts thereof; sound recorders and reproducers; television image and sound recorders and reproducers, parts and accessories of such articles",112246068.0,,112246068.0,False,0.03347342966889144,0.0336441928769724,105368113.0,83506403.58333333,22178265.598914266,False
2021-04-01,2021,4,2,202104,M,imports,JPN,Japan,85,"Electrical machinery and equipment and parts thereof; sound recorders and reproducers; television image and sound recorders and reproducers, parts and accessories of such articles",108298711.0,,108298711.0,False,-0.0351669957828723,-0.03956129582123136,109718427.0,83134660.5,21675036.264972057,False
2021-05-01,2021,5,2,202105,M,imports,JPN,Japan,85,"Electrical machinery and equipment and parts thereof; sound recorders and reproducers; television image and sound recorders and reproducers, parts and accessories of such articles",79252743.0,,79252743.0,False,-0.26820234268531595,0.5214084710205138,99932507.33333333,85398081.33333333,19441767.909257855,False
2021-06-01,2021,6,2,202106,M,imports,JPN,Japan,85,"Electrical machinery and equipment and parts thereof; sound recorders and reproducers; television image and sound recorders and reproducers, parts and accessories of such articles",108056989.0,,108056989.0,False,0.3634479376947244,0.4452764965478717,98536147.66666667,88172362.33333333,20149042.187601786,False
2021-07-01,2021,7,3,202107,M,imports,JPN,Japan,85,"Electrical machinery and equipment and parts thereof; sound recorders and reproducers; television image and sound recorders and reproducers, parts and accessories of such articles",93765886.0,,93765886.0,False,-0.1322552398716199,0.6675049194175837,93691872.66666667,91300248.66666667,17475883.868408807,False
2021-08-01,2021,8,3,202108,M,imports,JPN,Japan,85,"Electrical machinery and equipment and parts thereof; sound recorders and reproducers; television image and sound recorders and reproducers, parts and accessories of such articles",116243805.0,,116243805.0,False,0.23972384796747925,1.2180627169142428,106022226.66666667,96619915.08333333,13913513.832803886,False
2021-09-01,2021,9,3,202109,M,imports,JPN,Japan,85,"Electrical machinery and equipment and parts thereof; sound recorders and reproducers; television image and sound recorders and reproducers, parts and accessories of such articles",110213961.0,,110213961.0,False,-0.05187239010285327,0.4535142148146114,106741217.33333333,99485590.41666667,12732580.36531186,False
2021-10-01,2021,10,4,202110,M,imports,JPN,Japan,85,"Electrical machinery and equipment and parts thereof; sound recorders and reproducers; television image and sound recorders and reproducers, parts and accessories of such articles",102013607.0,,102013607.0,False,-0.07440394960489627,0.27841701102460026,109490457.66666667,101336989.66666667,11122930.900420371,False
2021-11-01,2021,11,4,202111,M,imports,JPN,Japan,85,"Electrical machinery and equipment and parts thereof; sound recorders and reproducers; television image and sound recorders and reproducers, parts and accessories of such articles",123046590.0,,123046590.0,False,0.20617821110864165,0.353045682474318,111758052.66666667,104012500.91666667,12203702.858864881,False
2021-12-01,2021,12,4,202112,M,imports,JPN,Japan,85,"Electrical machinery and equipment and parts thereof; sound recorders and reproducers; television image and sound recorders and reproducers, parts and accessories of such articles",111428352.0,,111428352.0,False,-0.09442145450759754,0.22242699063929394,112162849.66666667,105702081.91666667,11652606.603503415,False
2022-01-01,2022,1,1,202201,M,imports,JPN,Japan,85,"Electrical machinery and equipment and parts thereof; sound recorders and reproducers; television image and sound recorders and reproducers, parts and accessories of such articles",130976536.0,,130976536.0,False,0.17543276598042112,0.3751139514879347,121817159.33333333,108679479.16666667,13200352.217254644,False
2022-02-01,2022,2,1,202202,M,imports,JPN,Japan,85,"Electrical machinery and equipment and parts thereof; sound recorders and reproducers; television image and sound recorders and reproducers, parts and accessories of such articles",92039321.0,,92039321.0,False,-0.29728389671261424,-0.15257438916910637,111481403.0,107298547.41666667,14047803.844016593,False
2022-03-01,2022,3,1,202203,M,imports,JPN,Japan,85,"Electrical machinery and equipment and parts thereof; sound recorders and reproducers; television image and sound recorders and reproducers, parts and accessories of such articles",142259888.0,,142259888.0,False,0.5456425194618721,0.267393063603796,121758581.66666667,109799699.08333333,17303433.660259277,False
2022-04-01,2022,4,2,202204,M,imports,JPN,Japan,85,"Electrical machinery and equipment and parts thereof; sound recorders and reproducers; television image and sound recorders and reproducers, parts and accessories of such articles",107921370.0,,107921370.0,False,-0.2413787785352397,-0.0034842612300344245,114073526.33333333,109768254.0,17306751.88837826,False
2022-05-01,2022,5,2,202205,M,imports,JPN,Japan,85,"Electrical machinery and equipment and parts thereof; sound recorders and reproducers; television image and sound recorders and reproducers, parts and accessories of such articles",91577811.0,,91577811.0,False,-0.1514395063739461,0.1555159800588859,113919689.66666667,110795343.0,15614087.850291433,False
2022-06-01,2022,6,2,202206,M,imports,JPN,Japan,85,"Electrical machinery and equipment and parts thereof; sound recorders and reproducers; television image and sound recorders and reproducers, parts and accessories of such articles",104790694.0,,104790694.0,False,0.14428039779199353,-0.030227521886622255,101429958.33333333,110523151.75,15694426.640828354,False
2022-07-01,2022,7,3,202207,M,imports,JPN,Japan,85,"Electrical machinery and equipment and parts thereof; sound recorders and reproducers; television image and sound recorders and reproducers, parts and accessories of such articles",116045842.0,,116045842.0,False,0.10740598778742694,0.23761260038645604,104138115.66666667,112379814.75,14825632.243646212,False
2022-08-01,2022,8,3,202208,M,imports,JPN,Japan,85,"Electrical machinery and equipment and parts thereof; sound recorders and reproducers; television image and sound recorders and reproducers, parts and accessories of such articles",111819994.0,,111819994.0,False,-0.03641533317497059,-0.038056316205409835,110885510.0,112011163.83333333,14775733.245309504,False
2022-09-01,2022,9,3,202209,M,imports,JPN,Japan,85,"Electrical machinery and equipment and parts thereof; sound recorders and reproducers; television image and sound recorders and reproducers, parts and accessories of such articles",159755896.0,,159755896.0,False,0.4286881110009717,0.44950689141822964,129207244.0,116139658.41666667,20165995.509203177,True
2022-10-01,2022,10,4,202210,M,imports,JPN,Japan,85,"Electrical machinery and equipment and parts thereof; sound recorders and reproducers; television image and sound recorders and reproducers, parts and accessories of such articles",117526012.0,,117526012.0,False,-0.26434006542080923,0.1520621165762721,129700634.0,117432358.83333333,19669230.420943677,False
2022-11-01,2022,11,4,202211,M,imports,JPN,Japan,85,"Electrical machinery and equipment and parts thereof; sound recorders and reproducers; television image and sound recorders and reproducers, parts and accessories of such articles",126872832.0,,126872832.0,False,0.07952979805015414,0.031095880023981115,134718246.66666666,117751212.33333333,19799099.635723047,False
2022-12-01,2022,12,4,202212,M,imports,JPN,Japan,85,"Electrical machinery and equipment and parts thereof; sound recorders and reproducers; television image and sound recorders and reproducers, parts and accessories of such articles",113857112.0,,113857112.0,False,-0.10258870866853509,0.021796607025113213,119418652.0,117953609.0,19740916.649807848,False
2023-01-01,2023,1,1,202301,M,imports,JPN,Japan,85,"Electrical machinery and equipment and parts thereof; sound recorders and reproducers; television image and sound recorders and reproducers, parts and accessories of such articles",109085224.0,,109085224.0,False,-0.041911198309684816,-0.1671391889612961,116605056.0,116129333.0,19437212.486484062,False
2023-02-01,2023,2,1,202302,M,imports,JPN,Japan,85,"Electrical machinery and equipment and parts thereof; sound recorders and reproducers; television image and sound recorders and reproducers, parts and accessories of such articles",106885695.0,,106885695.0,False,-0.020163399948649352,0.16130468846027224,109942677.0,117366530.83333333,18197416.862794004,False
2023-03-01,2023,3,1,202303,M,imports,JPN,Japan,85,"Electrical machinery and equipment and parts thereof; sound recorders and reproducers; television image and sound recorders and reproducers, parts and accessories of such articles",120398389.0,,120398389.0,False,0.12642191267970881,-0.15367296647949003,112123102.66666667,115544739.25,16493226.221969249,False
2023-04-01,2023,4,2,202304,M,imports,JPN,Japan,85,"Electrical machinery and equipment and parts thereof; sound recorders and reproducers; television image and sound recorders and reproducers, parts and accessories of such articles",83156221.0,,83156221.0,False,-0.30932447111065586,-0.22947400500938786,103480101.66666667,113480976.83333333,18906666.92239679,False
2023-05-01,2023,5,2,202305,M,imports,JPN,Japan,85,"Electrical machinery and equipment and parts thereof; sound recorders and reproducers; television image and sound recorders and reproducers, parts and accessories of such articles",122620748.0,,122620748.0,False,0.47458297798309035,0.33897880568470895,108725119.33333333,116067888.25,17724056.61185679,False
2023-06-01,2023,6,2,202306,M,imports,JPN,Japan,85,"Electrical machinery and equipment and parts thereof; sound recorders and reproducers; television image and sound recorders and reproducers, parts and accessories of such articles",138443813.0,,138443813.0,False,0.12904068241371358,0.32114606474502394,114740260.66666667,118872314.83333333,18426002.39610292,False
2023-07-01,2023,7,3,202307,M,imports,JPN,Japan,85,"Electrical machinery and equipment and parts thereof; sound recorders and reproducers; television image and sound recorders and reproducers, parts and accessories of such articles",148797204.0,,148797204.0,False,0.07478406420372141,0.2822277940815838,136620588.33333334,121601595.0,20299609.50707021,False
2023-08-01,2023,8,3,202308,M,imports,JPN,Japan,85,"Electrical machinery and equipment and parts thereof; sound recorders and reproducers; television image and sound recorders and reproducers, parts and accessories of such articles",143562643.0,,143562643.0,False,-0.03517916237189511,0.28387274819564023,143601220.0,124246815.75,20966330.59514755,False
2023-09-01,2023,9,3,202309,M,imports,JPN,Japan,85,"Electrical machinery and equipment and parts thereof; sound recorders and reproducers; television image and sound recorders and reproducers, parts and accessories of such articles",118279118.0,,118279118.0,False,-0.1761149312359762,-0.2596259608471665,136879655.0,120790417.58333333,17752888.57845956,False
2023-10-01,2023,10,4,202310,M,imports,JPN,Japan,85,"Electrical machinery and equipment and parts thereof; sound recorders and reproducers; television image and sound recorders and reproducers, parts and accessories of such articles",144946741.0,,144946741.0,False,0.22546349221170225,0.23331625512826903,135596167.33333334,123075478.33333333,19014418.37442651,False
2023-11-01,2023,11,4,202311,M,imports,JPN,Japan,85,"Electrical machinery and equipment and parts thereof; sound recorders and reproducers; television image and sound recorders and reproducers, parts and accessories of such articles",124013581.0,,124013581.0,False,-0.1444196665311709,-0.022536353567011114,129079813.33333333,122837207.41666667,18980391.874203715,False
2023-12-01,2023,12,4,202312,M,imports,JPN,Japan,85,"Electrical machinery and equipment and parts thereof; sound recorders and reproducers; television image and sound recorders and reproducers, parts and accessories of such articles",126304246.0,,126304246.0,False,0.01847108180837065,0.10932241105852047,131754856.0,123874468.58333333,18784121.308829654,False
2024-01-01,2024,1,1,202401,M,imports,JPN,Japan,85,"Electrical machinery and equipment and parts thereof; sound recorders and reproducers; television image and sound recorders and reproducers, parts and accessories of such articles",108684285.0,,108684285.0,False,-0.13950410661570312,-0.003675465707436265,119667370.66666667,123841057.0,18813152.73162035,False
2024-02-01,2024,2,1,202402,M,imports,JPN,Japan,85,"Electrical machinery and equipment and parts thereof; sound recorders and reproducers; television image and sound recorders and reproducers, parts and accessories of such articles",110892808.0,,110892808.0,False,0.020320536681085022,0.03748970336956692,115293779.66666667,124174983.08333333,18518091.018837396,False
2024-03-01,2024,3,1,202403,M,imports,JPN,Japan,85,"Electrical machinery and equipment and parts thereof; sound recorders and reproducers; television image and sound recorders and reproducers, parts and accessories of such articles",102444167.0,,102444167.0,False,-0.07618745662928839,-0.14912344051380955,107340420.0,122678797.91666667,19547656.239288542,False
2024-04-01,2024,4,2,202404,M,imports,JPN,Japan,85,"Electrical machinery and equipment and parts thereof; sound recorders and reproducers; television image and sound recorders and reproducers, parts and accessories of such articles",111378375.0,,111378375.0,False,0.08721050950611953,0.33938716382987155,108238450.0,125030644.08333333,15674271.959908968,False
2024-05-01,2024,5,2,202405,M,imports,JPN,Japan,85,"Electrical machinery and equipment and parts thereof; sound recorders and reproducers; television image and sound recorders and reproducers, parts and accessories of such articles",108351178.0,,108351178.0,False,-0.027179396359481856,-0.11637157848686419,107391240.0,123841513.25,16398279.899351604,False
2024-06-01,2024,6,2,202406,M,imports,JPN,Japan,85,"Electrical machinery and equipment and parts thereof; sound recorders and reproducers; television image and sound recorders and reproducers, parts and accessories of such articles",115569704.0,,115569704.0,False,0.06662157378667355,-0.16522304972920676,111766419.0,121935337.5,15867442.42046114,False
2024-07-01,2024,7,3,202407,M,imports,JPN,Japan,85,"Electrical machinery and equipment and parts thereof; sound recorders and reproducers; television image and sound recorders and reproducers, parts and accessories of such articles",135254590.0,,135254590.0,False,0.1703291201645718,-0.09101390104077489,119725157.33333333,120806786.33333333,14174535.75028975,False
2024-08-01,2024,8,3,202408,M,imports,JPN,Japan,85,"Electrical machinery and equipment and parts thereof; sound recorders and reproducers; television image and sound recorders and reproducers, parts and accessories of such articles",136154903.0,,136154903.0,False,0.006656432140306645,-0.05159935652619607,128993065.66666667,120189474.66666667,13222758.924578637,False
2024-09-01,2024,9,3,202409,M,imports,JPN,Japan,85,"Electrical machinery and equipment and parts thereof; sound recorders and reproducers; television image and sound recorders and reproducers, parts and accessories of such articles",107754168.0,,107754168.0,False,-0.20859134980985594,-0.08898400814926599,126387887.0,119312395.5,13701396.956905602,False
2024-10-01,2024,10,4,202410,M,imports,JPN,Japan,85,"Electrical machinery and equipment and parts thereof; sound recorders and reproducers; television image and sound recorders and reproducers, parts and accessories of such articles",134563393.0,,134563393.0,False,0.24879988865024694,-0.07163560855776674,126157488.0,118447116.5,12178594.58541639,False
2024-11-01,2024,11,4,202411,M,imports,JPN,Japan,85,"Electrical machinery and equipment and parts thereof; sound recorders and reproducers; television image and sound recorders and reproducers, parts and accessories of such articles",112872156.0,,112872156.0,False,-0.1611971615489809,-0.0898403619197159,118396572.33333333,117518664.41666667,12140279.333050845,False
2024-12-01,2024,12,4,202412,M,imports,JPN,Japan,85,"Electrical machinery and equipment and parts thereof; sound recorders and reproducers; television image and sound recorders and reproducers, parts and accessories of such articles",115026621.0,,115026621.0,False,0.01908765701259396,-0.0892893576990278,120820723.33333333,116578862.33333333,11830912.153770618,False
2015-01-01,2015,1,1,201501,X,exports,KOR,South Korea,85,"Electrical machinery and equipment and parts thereof; sound recorders and reproducers; television image and sound recorders and reproducers, parts and accessories of such articles",29433590.0,29433590.0,0.0,False,,,29433590.0,,,False
2015-02-01,2015,2,1,201502,X,exports,KOR,South Korea,85,"Electrical machinery and equipment and parts thereof; sound recorders and reproducers; television image and sound recorders and reproducers, parts and accessories of such articles",28268061.0,28268061.0,0.0,False,-0.03959860146179928,,28850825.5,,,False
2015-03-01,2015,3,1,201503,X,exports,KOR,South Korea,85,"Electrical machinery and equipment and parts thereof; sound recorders and reproducers; television image and sound recorders and reproducers, parts and accessories of such articles",30252463.0,30252463.0,0.0,False,0.07019943815743135,,29318038.0,,,False
2015-04-01,2015,4,2,201504,X,exports,KOR,South Korea,85,"Electrical machinery and equipment and parts thereof; sound recorders and reproducers; television image and sound recorders and reproducers, parts and accessories of such articles",24460441.0,24460441.0,0.0,False,-0.1914562130032189,,27660321.666666668,,,False
2015-05-01,2015,5,2,201505,X,exports,KOR,South Korea,85,"Electrical machinery and equipment and parts thereof; sound recorders and reproducers; television image and sound recorders and reproducers, parts and accessories of such articles",21013174.0,21013174.0,0.0,False,-0.1409323323320295,,25242026.0,,,False
2015-06-01,2015,6,2,201506,X,exports,KOR,South Korea,85,"Electrical machinery and equipment and parts thereof; sound recorders and reproducers; television image and sound recorders and reproducers, parts and accessories of such articles",19648596.0,19648596.0,0.0,False,-0.06493916625827212,,21707403.666666668,25512720.833333332,4498253.99186304,False
2015-07-01,2015,7,3,201507,X,exports,KOR,South Korea,85,"Electrical machinery and equipment and parts thereof; sound recorders and reproducers; television image and sound recorders and reproducers, parts and accessories of such articles",19865334.0,19865334.0,0.0,False,0.01103071181269133,,20175701.333333332,24705951.285714287,4627963.612668598,False
2015-08-01,2015,8,3,201508,X,exports,KOR,South Korea,85,"Electrical machinery and equipment and parts thereof; sound recorders and reproducers; television image and sound recorders and reproducers, parts and accessories of such articles",21103767.0,21103767.0,0.0,False,0.062341413439109594,,20205899.0,24255678.25,4469932.060458822,False
2015-09-01,2015,9,3,201509,X,exports,KOR,South Korea,85,"Electrical machinery and equipment and parts thereof; sound recorders and reproducers; television image and sound recorders and reproducers, parts and accessories of such articles",31244302.634,31244302.634,0.0,False,0.48050832033920776,,24071134.544666667,25032192.070444446,4786388.979914711,False
2015-10-01,2015,10,4,201510,X,exports,KOR,South Korea,85,"Electrical machinery and equipment and parts thereof; sound recorders and reproducers; television image and sound recorders and reproducers, parts and accessories of such articles",29372598.97,29372598.97,0.0,False,-0.05990543895075495,,27240222.868,25466232.7604,4716771.1953638885,False
2015-11-01,2015,11,4,201511,X,exports,KOR,South Korea,85,"Electrical machinery and equipment and parts thereof; sound recorders and reproducers; television image and sound recorders and reproducers, parts and accessories of such articles",21889768.0,21889768.0,0.0,False,-0.2547554943177709,,27502223.201333333,25141099.600363635,4602821.389949928,False
2015-12-01,2015,12,4,201512,X,exports,KOR,South Korea,85,"Electrical machinery and equipment and parts thereof; sound recorders and reproducers; television image and sound recorders and reproducers, parts and accessories of such articles",28769527.07,28769527.07,0.0,False,0.3142910911618615,,26677298.01333333,25443468.556166667,4511883.395847989,False
2016-01-01,2016,1,1,201601,X,exports,KOR,South Korea,85,"Electrical machinery and equipment and parts thereof; sound recorders and reproducers; television image and sound recorders and reproducers, parts and accessories of such articles",25740859.248,25740859.248,0.0,False,-0.10527346572749907,-0.12545974690820927,25466718.105999995,25135740.993499998,4337563.482460987,False
2016-02-01,2016,2,1,201602,X,exports,KOR,South Korea,85,"Electrical machinery and equipment and parts thereof; sound recorders and reproducers; television image and sound recorders and reproducers, parts and accessories of such articles",25620953.585,25620953.585,0.0,False,-0.004658184167232737,-0.09364304877508223,26710446.63433333,24915148.708916664,4229754.965735309,False
2016-03-01,2016,3,1,201603,X,exports,KOR,South Korea,85,"Electrical machinery and equipment and parts thereof; sound recorders and reproducers; television image and sound recorders and reproducers, parts and accessories of such articles",25669231.229,25669231.229,0.0,False,0.0018843031677111544,-0.1514994587713404,25677014.687333334,24533212.728,3897905.1862956425,False
2016-04-01,2016,4,2,201604,X,exports,KOR,South Korea,85,"Electrical machinery and equipment and parts thereof; sound recorders and reproducers; television image and sound recorders and reproducers, parts and accessories of such articles",28194107.068,28194107.068,0.0,False,0.09836195780368784,0.15264099563863143,26494763.960666668,24844351.567,4038062.951167325,False
2016-05-01,2016,5,2,201605,X,exports,KOR,South Korea,85,"Electrical machinery and equipment and parts thereof; sound recorders and reproducers; television image and sound recorders and reproducers, parts and accessories of such articles",21070214.023,21070214.023,0.0,False,-0.25267312164979117,0.0027144886821952596,24977850.77333333,24849104.902250003,4033173.7772704987,False
2016-06-01,2016,6,2,201606,X,exports,KOR,South Korea,85,"Electrical machinery and equipment and parts thereof; sound recorders and reproducers; television image and sound recorders and reproducers, parts and accessories of such articles",21283952.95,21283952.95,0.0,False,0.010144127001590286,0.08323021909555273,23516091.347,24985384.648083333,3865624.1112593245,False
2016-07-01,2016,7,3,201607,X,exports,KOR,South Korea,85,"Electrical machinery and equipment and parts thereof; sound recorders and reproducers; television image and sound recorders and reproducers, parts and accessories of such articles",16293892.106,16293892.106,0.0,False,-0.23445178890042595,-0.17978262504924403,19549353.026333332,24687764.490250003,4396669.590155823,False
2016-08-01,2016,8,3,201608,X,exports,KOR,South Korea,85,"Electrical machinery and equipment and parts thereof; sound recorders and reproducers; television image and sound recorders and reproducers, parts and accessories of such articles",20460330.181,20460330.181,0.0,False,0.2557055151645302,-0.030489192711424362,19346058.412333332,24634144.755333334,4447976.048948821,False
2016-09-01,2016,9,3,201609,X,exports,KOR,South Korea,85,"Electrical machinery and equipment and parts thereof; sound recorders and reproducers; television image and sound recorders and reproducers, parts and accessories of such articles",22343934.678,22343934.678,0.0,False,0.09206129521551709,-0.284863709722061,19699385.655,23892447.425666664,3960933.041177984,False
2016-10-01,2016,10,4,201610,X,exports,KOR,South Korea,85,"Electrical machinery and equipment and parts thereof; sound recorders and reproducers; television image and sound recorders and reproducers, parts and accessories of such articles",22235038.785,22235038.785,0.0,False,-0.00487362206206321,-0.24300063444470876,21679767.881333333,23297650.743583333,3580863.8046342907,False
2016-11-01,2016,11,4,201611,X,exports,KOR,South Korea,85,"Electrical machinery and equipment and parts thereof; sound recorders and reproducers; television image and sound recorders and reproducers, parts and accessories of such articles",23342844.872,23342844.872,0.0,False,0.049822538998552934,0.0663815565336281,22640606.11166667,23418740.482916668,3553390.153982806,False
2016-12-01,2016,12,4,201612,X,exports,KOR,South Korea,85,"Electrical machinery and equipment and parts thereof; sound recorders and reproducers; television image and sound recorders and reproducers, parts and accessories of such articles",18618249.915,18618249.915,0.0,False,-0.20240013515521438,-0.35284824565592,21398711.190666664,22572800.72,3367205.7616338935,False
2017-01-01,2017,1,1,201701,X,exports,KOR,South Korea,85,"Electrical machinery and equipment and parts thereof; sound recorders and reproducers; television image and sound recorders and reproducers, parts and accessories of such articles",16898985.58,16898985.58,0.0,False,-0.09234296149472443,-0.3434956689989668,19620026.789,21835977.914333332,3572107.9884882737,False
2017-02-01,2017,2,1,201702,X,exports,KOR,South Korea,85,"Electrical machinery and equipment and parts thereof; sound recorders and reproducers; television image and sound recorders and reproducers, parts and accessories of such articles",15984403.92,15984403.92,0.0,False,-0.05412050656356604,-0.37611986739798,17167213.13833333,21032932.108916666,3723827.416322317,False
2017-03-01,2017,3,1,201703,X,exports,KOR,South Korea,85,"Electrical machinery and equipment and parts thereof; sound recorders and reproducers; television image and sound recorders and reproducers, parts and accessories of such articles",18106242.39,18106242.39,0.0,False,0.1327442975427513,-0.2946324637278446,16996543.963333335,20402683.039,3501161.799258386,False
2017-04-01,2017,4,2,201704,X,exports,KOR,South Korea,85,"Electrical machinery and equipment and parts thereof; sound recorders and reproducers; television image and sound recorders and reproducers, parts and accessories of such articles",21774277.77,21774277.77,,False,0.20258402052685653,-0.2277011037276806,18621641.36,19867697.264166668,2568691.561964583,False
2017-05-01,2017,5,2,201705,X,exports,KOR,South Korea,85,"Electrical machinery and equipment and parts thereof; sound recorders and reproducers; television image and sound recorders and reproducers, parts and accessories of such articles",28847030.86,28847030.86,0.0,False,0.3248214781086629,0.3690905478468762,22909183.673333332,20515765.333916668,3652177.6609581695,True
2017-06-01,2017,6,2,201706,X,exports,KOR,South Korea,85,"Electrical machinery and equipment and parts thereof; sound recorders and reproducers; television image and sound recorders and reproducers, parts and accessories of such articles",23964954.18,23964954.18,,False,-0.16924017947266823,0.12596350106101895,24862087.603333335,20739182.10308333,3783099.1286452888,False
2017-07-01,2017,7,3,201707,X,exports,KOR,South Korea,85,"Electrical machinery and equipment and parts thereof; sound recorders and reproducers; television image and sound recorders and reproducers, parts and accessories of such articles",27249777.07,27249777.07,0.0,False,0.1370677726036027,0.6723921388902316,26687254.036666665,21652172.51675,3931861.170540311,False
2017-08-01,2017,8,3,201708,X,exports,KOR,South Korea,85,"Electrical machinery and equipment and parts thereof; sound recorders and reproducers; television image and sound recorders and reproducers, parts and accessories of such articles",21041801.36,21041801.36,0.0,False,-0.22781748614136466,0.028419442592376498,24085510.87,21700628.448333334,3919400.9743659445,False
2017-09-01,2017,9,3,201709,X,exports,KOR,South Korea,85,"Electrical machinery and equipment and parts thereof; sound recorders and reproducers; television image and sound recorders and reproducers, parts and accessories of such articles",26208922.92,26208922.92,0.0,False,0.2455646012238566,0.1729770650379452,24833500.45,22022710.801833335,4130207.738616094,False
2017-10-01,2017,10,4,201710,X,exports,KOR,South Korea,85,"Electrical machinery and equipment and parts thereof; sound recorders and reproducers; television image and sound recorders and reproducers, parts and accessories of such articles",29044975.67,29044975.67,0.0,False,0.10820943533836758,0.3062705197345579,25431899.983333334,22590205.542250004,4602837.987657103,False
2017-11-01,2017,11,4,201711,X,exports,KOR,South Korea,85,"Electrical machinery and equipment and parts thereof; sound recorders and reproducers; television image and sound recorders and reproducers, parts and accessories of such articles",31257983.47,31257983.47,0.0,False,0.07619244805516479,0.3390820031321158,28837294.02,23249800.425416667,5243094.300403149,False
2017-12-01,2017,12,4,201712,X,exports,KOR,South Korea,85,"Electrical machinery and equipment and parts thereof; sound recorders and reproducers; television image and sound recorders and reproducers, parts and accessories of such articles",18774051.04,18774051.04,0.0,False,-0.3993838067635269,0.008368193880267771,26359003.393333334,23262783.852499995,5230760.9899176825,False
2018-01-01,2018,1,1,201801,X,exports,KOR,South Korea,85,"Electrical machinery and equipment and parts thereof; sound recorders and reproducers; television image and sound recorders and reproducers, parts and accessories of such articles",25330096.13,25330096.13,0.0,False,0.34920780155714337,0.4989122281977829,25120710.213333335,23965376.39833333,4850695.189578426,False
2018-02-01,2018,2,1,201802,X,exports,KOR,South Korea,85,"Electrical machinery and equipment and parts thereof; sound recorders and reproducers; television image and sound recorders and reproducers, parts and accessories of such articles",23614420.9,23614420.9,0.0,False,-0.06773267741246436,0.4773413521196854,22572856.02333333,24601211.146666665,4160392.247458394,False
2018-03-01,2018,3,1,201803,X,exports,KOR,South Korea,85,"Electrical machinery and equipment and parts thereof; sound recorders and reproducers; television image and sound recorders and reproducers, parts and accessories of such articles",31060698.23,31060698.23,0.0,False,0.31532754334873414,0.715469038852296,26668405.086666662,25680749.133333337,3999466.1829438847,False
2018-04-01,2018,4,2,201804,X,exports,KOR,South Korea,85,"Electrical machinery and equipment and parts thereof; sound recorders and reproducers; television image and sound recorders and reproducers, parts and accessories of such articles",31840472.65,31840472.65,0.0,False,0.02510485805006324,0.46229753226850656,28838530.593333334,26519598.706666667,4158132.002394209,False
2018-05-01,2018,5,2,201805,X,exports,KOR,South Korea,85,"Electrical machinery and equipment and parts thereof; sound recorders and reproducers; television image and sound recorders and reproducers, parts and accessories of such articles",35795922.6,35795922.6,0.0,False,0.12422711162235212,0.24088758991260706,32899031.159999996,27098673.018333334,4924890.39183203,False
2018-06-01,2018,6,2,201806,X,exports,KOR,South Korea,85,"Electrical machinery and equipment and parts thereof; sound recorders and reproducers; television image and sound recorders and reproducers, parts and accessories of such articles",20695342.0,20695342.0,0.0,False,-0.42185197372172223,-0.13643306619499662,29443912.416666668,26826205.336666662,5196953.563991687,False
2018-07-01,2018,7,3,201807,X,exports,KOR,South Korea,85,"Electrical machinery and equipment and parts thereof; sound recorders and reproducers; television image and sound recorders and reproducers, parts and accessories of such articles",21160573.56,21160573.56,0.0,False,0.022480013135322885,-0.2234588376395844,25883946.05333333,26318771.71083333,5443275.1973014185,False
2018-08-01,2018,8,3,201808,X,exports,KOR,South Korea,85,"Electrical machinery and equipment and parts thereof; sound recorders and reproducers; television image and sound recorders and reproducers, parts and accessories of such articles",22628832.42,22628832.42,0.0,False,0.06938653415214913,0.07542277549568133,21494915.99333333,26451024.299166664,5321321.098187211,False
2018-09-01,2018,9,3,201809,X,exports,KOR,South Korea,85,"Electrical machinery and equipment and parts thereof; sound recorders and reproducers; television image and sound recorders and reproducers, parts and accessories of such articles",19301524.86,19301524.86,0.0,False,-0.14703841091947956,-0.26355138977225856,21030310.279999997,25875407.794166666,5709336.510990692,False
2018-10-01,2018,10,4,201810,X,exports,KOR,South Korea,85,"Electrical machinery and equipment and parts thereof; sound recorders and reproducers; television image and sound recorders and reproducers, parts and accessories of such articles",18002455.54,18002455.54,0.0,False,-0.06730397361983353,-0.38018692993451564,19977604.27333333,24955197.783333335,6032770.631848747,False
2018-11-01,2018,11,4,201811,X,exports,KOR,South Korea,85,"Electrical machinery and equipment and parts thereof; sound recorders and reproducers; television image and sound recorders and reproducers, parts and accessories of such articles",22113697.76,22113697.76,0.0,False,0.22837119141136908,-0.2925424066071399,19805892.719999995,24193173.974166665,5734412.770150962,False
2018-12-01,2018,12,4,201812,X,exports,KOR,South Korea,85,"Electrical machinery and equipment and parts thereof; sound recorders and reproducers; television image and sound recorders and reproducers, parts and accessories of such articles",22978589.01,22978589.01,0.0,False,0.03911110929464012,0.22395475334768244,21031580.77,24543552.138333336,5496722.43637181,False
2019-01-01,2019,1,1,201901,X,exports,KOR,South Korea,85,"Electrical machinery and equipment and parts thereof; sound recorders and reproducers; television image and sound recorders and reproducers, parts and accessories of such articles",27529355.094,27529355.094,0.0,False,0.19804375638641525,0.08682394858325404,24207213.954666663,24726823.71866666,5561612.251047287,False
2019-02-01,2019,2,1,201902,X,exports,KOR,South Korea,85,"Electrical machinery and equipment and parts thereof; sound recorders and reproducers; television image and sound recorders and reproducers, parts and accessories of such articles",27962821.767,27962821.767,0.0,False,0.015745616688800368,0.18414175327077364,26156921.957,25089190.457583334,5623856.381823567,False
2019-03-01,2019,3,1,201903,X,exports,KOR,South Korea,85,"Electrical machinery and equipment and parts thereof; sound recorders and reproducers; television image and sound recorders and reproducers, parts and accessories of such articles",38529348.381,38529348.381,0.0,False,0.3778776942486526,0.24045338889987966,31340508.413999993,25711577.970166665,6662213.063769462,False
2019-04-01,2019,4,2,201904,X,exports,KOR,South Korea,85,"Electrical machinery and equipment and parts thereof; sound recorders and reproducers; television image and sound recorders and reproducers, parts and accessories of such articles",28195832.021,28195832.021,0.0,False,-0.2681985757406624,-0.11446565724896662,31562667.38966666,25407857.91775,6436664.365728134,False
2019-05-01,2019,5,2,201905,X,exports,KOR,South Korea,85,"Electrical machinery and equipment and parts thereof; sound recorders and reproducers; television image and sound recorders and reproducers, parts and accessories of such articles",29396721.338,29396721.338,0.0,False,0.04259102253501812,-0.1787689992937911,32040633.913333327,24874591.145916667,5723347.652545495,False
2019-06-01,2019,6,2,201906,X,exports,KOR,South Korea,85,"Electrical machinery and equipment and parts thereof; sound recorders and reproducers; television image and sound recorders and reproducers, parts and accessories of such articles",19526429.946,19526429.946,0.0,False,-0.33576164084805804,-0.05648189114246105,25706327.768333327,24777181.808083337,5810231.052504489,False
2019-07-01,2019,7,3,201907,X,exports,KOR,South Korea,85,"Electrical machinery and equipment and parts thereof; sound recorders and reproducers; television image and sound recorders and reproducers, parts and accessories of such articles",23544840.647,23544840.647,0.0,False,0.20579341498230064,0.11267497453410247,24155997.31033333,24975870.732000005,5715304.141861023,False
2019-08-01,2019,8,3,201908,X,exports,KOR,South Korea,85,"Electrical machinery and equipment and parts thereof; sound recorders and reproducers; television image and sound recorders and reproducers, parts and accessories of such articles",24806409.161,24806409.161,0.0,False,0.05358152696441132,0.09623018548121798,22625893.251333326,25157335.46041667,5668386.741696517,False
2019-09-01,2019,9,3,201909,X,exports,KOR,South Korea,85,"Electrical machinery and equipment and parts thereof; sound recorders and reproducers; television image and sound recorders and reproducers, parts and accessories of such articles",22904693.936,22904693.936,0.0,False,-0.07666225339819943,0.18667794913277125,23751981.247999996,25457599.550083335,5419985.445761263,False
2019-10-01,2019,10,4,201910,X,exports,KOR,South Korea,85,"Electrical machinery and equipment and parts thereof; sound recorders and reproducers; television image and sound recorders and reproducers, parts and accessories of such articles",30187889.606,30187889.606,0.0,False,0.31797830131896143,0.6768762205203036,25966330.900999993,26473052.388916668,5023231.509172606,False
2019-11-01,2019,11,4,201911,X,exports,KOR,South Korea,85,"Electrical machinery and equipment and parts thereof; sound recorders and reproducers; television image and sound recorders and reproducers, parts and accessories of such articles",22224896.355,22224896.355,0.0,False,-0.2637810511079023,0.005028493931988898,25105826.632333327,26482318.9385,5014553.630300334,False
2019-12-01,2019,12,4,201912,X,exports,KOR,South Korea,85,"Electrical machinery and equipment and parts thereof; sound recorders and reproducers; television image and sound recorders and reproducers, parts and accessories of such articles",21088880.916,21088880.916,0.0,False,-0.05111454383653069,-0.08223777766239793,24500555.62566666,26324843.264,5162088.165010112,False
2020-01-01,2020,1,1,202001,X,exports,KOR,South Korea,85,"Electrical machinery and equipment and parts thereof; sound recorders and reproducers; television image and sound recorders and reproducers, parts and accessories of such articles",23317000.714,23317000.714,0.0,False,0.10565377114484731,-0.15301318776327155,22210259.32833333,25973813.732333332,5215678.320118254,False
2020-02-01,2020,2,1,202002,X,exports,KOR,South Korea,85,"Electrical machinery and equipment and parts thereof; sound recorders and reproducers; television image and sound recorders and reproducers, parts and accessories of such articles",26284743.586,26284743.586,0.0,False,0.12727807098355082,-0.06001104591598716,23563541.738666665,25833973.883916665,5179875.094509673,False
2020-03-01,2020,3,1,202003,X,exports,KOR,South Korea,85,"Electrical machinery and equipment and parts thereof; sound recorders and reproducers; television image and sound recorders and reproducers, parts and accessories of such articles",27882947.24,27882947.24,0.0,False,0.06080347136622821,-0.2763192628051313,25828230.51333333,24946773.788833335,3420824.4092761246,False
2020-04-01,2020,4,2,202004,X,exports,KOR,South Korea,85,"Electrical machinery and equipment and parts thereof; sound recorders and reproducers; television image and sound recorders and reproducers, parts and accessories of such articles",19849591.492,19849591.492,0.0,False,-0.28810999349722977,-0.29600972664271086,24672427.43933333,24251253.744749997,3546346.9863120974,False
2020-05-01,2020,5,2,202005,X,exports,KOR,South Korea,85,"Electrical machinery and equipment and parts thereof; sound recorders and reproducers; television image and sound recorders and reproducers, parts and accessories of such articles",14607718.406,14607718.406,0.0,False,-0.26407964557419916,-0.5030834140296738,20780085.71266666,23018836.83375,4119113.609270841,True
2020-06-01,2020,6,2,202006,X,exports,KOR,South Korea,85,"Electrical machinery and equipment and parts thereof; sound recorders and reproducers; television image and sound recorders and reproducers, parts and accessories of such articles",19184219.488,19184219.488,0.0,False,0.31329335319882956,-0.01752550051117252,17880509.79533333,22990319.295583334,4146583.385542289,False
2020-07-01,2020,7,3,202007,X,exports,KOR,South Korea,85,"Electrical machinery and equipment and parts thereof; sound recorders and reproducers; television image and sound recorders and reproducers, parts and accessories of such articles",19791318.314,19791318.314,0.0,False,0.03164574020745259,-0.159420162967986,17861085.402666662,22677525.767833333,4241437.656832619,False
2020-08-01,2020,8,3,202008,X,exports,KOR,South Korea,85,"Electrical machinery and equipment and parts thereof; sound recorders and reproducers; television image and sound recorders and reproducers, parts and accessories of such articles",16261162.185,16261162.185,0.0,False,-0.17836892282728,-0.3444773856844471,18412233.328999992,21965421.853166666,4557114.32484499,False
2020-09-01,2020,9,3,202009,X,exports,KOR,South Korea,85,"Electrical machinery and equipment and parts thereof; sound recorders and reproducers; television image and sound recorders and reproducers, parts and accessories of such articles",24647799.901,24647799.901,0.0,False,0.5157465143380833,0.07610256525891868,20233426.799999993,22110680.68358333,4617160.865913178,False
2020-10-01,2020,10,4,202010,X,exports,KOR,South Korea,85,"Electrical machinery and equipment and parts thereof; sound recorders and reproducers; television image and sound recorders and reproducers, parts and accessories of such articles",47075800.236,47075800.236,0.0,False,0.9099392410310041,0.5594266724310348,29328254.10733333,23518006.56941667,8359801.082788839,True
2020-11-01,2020,11,4,202011,X,exports,KOR,South Korea,85,"Electrical machinery and equipment and parts thereof; sound recorders and reproducers; television image and sound recorders and reproducers, parts and accessories of such articles",56582998.381,56582998.381,0.0,False,0.20195510426458152,1.54592856034941,42768866.17266666,26381181.73825,12656285.899562571,True
2020-12-01,2020,12,4,202012,X,exports,KOR,South Korea,85,"Electrical machinery and equipment and parts thereof; sound recorders and reproducers; television image and sound recorders and reproducers, parts and accessories of such articles",75359245.4,75359245.4,0.0,False,0.33183549045193206,2.5734113014420514,59672681.338999994,30903712.111916665,18798936.625580538,True
2021-01-01,2021,1,1,202101,X,exports,KOR,South Korea,85,"Electrical machinery and equipment and parts thereof; sound recorders and reproducers; television image and sound recorders and reproducers, parts and accessories of such articles",63829783.213,63829783.213,,False,-0.1529933338079843,1.7374782887352787,65257342.33133333,34279777.32016667,20839635.255952604,False
2021-02-01,2021,2,1,202102,X,exports,KOR,South Korea,85,"Electrical machinery and equipment and parts thereof; sound recorders and reproducers; television image and sound recorders and reproducers, parts and accessories of such articles",50203332.0,50203332.0,,False,-0.2134810824521921,0.9099799028185962,63130786.87099999,36272993.02133333,21147014.611711252,False
2021-03-01,2021,3,1,202103,X,exports,KOR,South Korea,85,"Electrical machinery and equipment and parts thereof; sound recorders and reproducers; television image and sound recorders and reproducers, parts and accessories of such articles",61216889.948,61216889.948,,False,0.21937902344808502,1.1954956705645583,58416668.386999995,39050821.58033334,22112044.526382964,False
2021-04-01,2021,4,2,202104,X,exports,KOR,South Korea,85,"Electrical machinery and equipment and parts thereof; sound recorders and reproducers; television image and sound recorders and reproducers, parts and accessories of such articles",67614876.859,67614876.859,,False,0.10451342622003001,2.4063611276963,59678366.268999994,43031262.02758333,22634364.03450722,False
2021-05-01,2021,5,2,202105,X,exports,KOR,South Korea,85,"Electrical machinery and equipment and parts thereof; sound recorders and reproducers; television image and sound recorders and reproducers, parts and accessories of such articles",65407528.974,65407528.974,,False,-0.03264589077937785,3.4776006188026187,64746431.92699999,47264579.57491667,21560077.898077898,False
2021-06-01,2021,6,2,202106,X,exports,KOR,South Korea,85,"Electrical machinery and equipment and parts thereof; sound recorders and reproducers; television image and sound recorders and reproducers, parts and accessories of such articles",57076831.047,57076831.047,,False,-0.12736603962384085,1.9751969363518986,63366412.29333333,50422297.20483333,19774469.3928586,False
2021-07-01,2021,7,3,202107,X,exports,KOR,South Korea,85,"Electrical machinery and equipment and parts thereof; sound recorders and reproducers; television image and sound recorders and reproducers, parts and accessories of such articles",64773772.602,64773772.602,,False,0.13485229319514858,2.2728376945046795,62419377.540999986,54170835.06216666,17582055.89103583,False
2021-08-01,2021,8,3,202108,X,exports,KOR,South Korea,85,"Electrical machinery and equipment and parts thereof; sound recorders and reproducers; television image and sound recorders and reproducers, parts and accessories of such articles",75223687.796,75223687.796,,False,0.1613294204462834,3.6259724206791066,65691430.48166666,59084378.86308333,13872077.714495245,False
2021-09-01,2021,9,3,202109,X,exports,KOR,South Korea,85,"Electrical machinery and equipment and parts thereof; sound recorders and reproducers; television image and sound recorders and reproducers, parts and accessories of such articles",90526708.919,90526708.919,,False,0.2034335403031613,2.6728109317102655,76841389.77233332,64574287.947916664,11900545.705224551,True
2021-10-01,2021,10,4,202110,X,exports,KOR,South Korea,85,"Electrical machinery and equipment and parts thereof; sound recorders and reproducers; television image and sound recorders and reproducers, parts and accessories of such articles",58068902.795,58068902.795,,False,-0.3585439757126492,0.23351918616124356,74606433.17,65490379.82783333,10803640.55096001,False
2021-11-01,2021,11,4,202111,X,exports,KOR,South Korea,85,"Electrical machinery and equipment and parts thereof; sound recorders and reproducers; television image and sound recorders and reproducers, parts and accessories of such articles",59713690.448,59713690.448,,False,0.02832475858561634,0.055329200582824756,69436434.054,65751270.83341667,10604960.534185618,False
2021-12-01,2021,12,4,202112,X,exports,KOR,South Korea,85,"Electrical machinery and equipment and parts thereof; sound recorders and reproducers; television image and sound recorders and reproducers, parts and accessories of such articles",63617479.034,63617479.034,,False,0.06537510170133443,-0.15581056184514297,60466690.758999996,64772790.302916676,10170670.263227558,False
2022-01-01,2022,1,1,202201,X,exports,KOR,South Korea,85,"Electrical machinery and equipment and parts thereof; sound recorders and reproducers; television image and sound recorders and reproducers, parts and accessories of such articles",62083870.729,62083870.729,,False,-0.024106712939385266,-0.027352630639115416,61805013.40366667,64627297.595916666,10197837.909024866,False
2022-02-01,2022,2,1,202202,X,exports,KOR,South Korea,85,"Electrical machinery and equipment and parts thereof; sound recorders and reproducers; television image and sound recorders and reproducers, parts and accessories of such articles",65001963.682,65001963.682,,False,0.04700243265658566,0.2947738943303604,63567771.14833333,65860516.90274999,9134323.436482988,False
2022-03-01,2022,3,1,202203,X,exports,KOR,South Korea,85,"Electrical machinery and equipment and parts thereof; sound recorders and reproducers; television image and sound recorders and reproducers, parts and accessories of such articles",62470840.389,62470840.389,,False,-0.038939181981988424,0.020483733199532894,63185558.26666666,65965012.77283334,9083402.015843464,False
2022-04-01,2022,4,2,202204,X,exports,KOR,South Korea,85,"Electrical machinery and equipment and parts thereof; sound recorders and reproducers; television image and sound recorders and reproducers, parts and accessories of such articles",49579626.617,49579626.617,,False,-0.20635569638134588,-0.2667349417733855,59017476.89599999,64462075.25266666,10208031.987759693,False
2022-05-01,2022,5,2,202205,X,exports,KOR,South Korea,85,"Electrical machinery and equipment and parts thereof; sound recorders and reproducers; television image and sound recorders and reproducers, parts and accessories of such articles",33985349.127,33985349.127,,False,-0.31452995018427576,-0.48040616026773564,48678605.37766666,61843560.26541666,13456666.450069385,True
2022-06-01,2022,6,2,202206,X,exports,KOR,South Korea,85,"Electrical machinery and equipment and parts thereof; sound recorders and reproducers; television image and sound recorders and reproducers, parts and accessories of such articles",54962317.213,54962317.213,,False,0.6172356213735242,-0.03704679806520439,46175764.319,61667350.77925,13538355.58881505,False
2022-07-01,2022,7,3,202207,X,exports,KOR,South Korea,85,"Electrical machinery and equipment and parts thereof; sound recorders and reproducers; television image and sound recorders and reproducers, parts and accessories of such articles",62987140.652,62987140.652,,False,0.1460059154329456,-0.027582644614169483,50644935.664,61518464.783416666,13510883.750219807,False
2022-08-01,2022,8,3,202208,X,exports,KOR,South Korea,85,"Electrical machinery and equipment and parts thereof; sound recorders and reproducers; television image and sound recorders and reproducers, parts and accessories of such articles",53669719.387,53669719.387,,False,-0.14792576974525906,-0.28653166363569493,57206392.41733333,59722300.749333344,12944071.933643125,False
2022-09-01,2022,9,3,202209,X,exports,KOR,South Korea,85,"Electrical machinery and equipment and parts thereof; sound recorders and reproducers; television image and sound recorders and reproducers, parts and accessories of such articles",55772047.408,55772047.408,,False,0.03917158585906866,-0.3839161052689677,57476302.48233333,56826078.956750005,8576260.634458987,False
2022-10-01,2022,10,4,202210,X,exports,KOR,South Korea,85,"Electrical machinery and equipment and parts thereof; sound recorders and reproducers; television image and sound recorders and reproducers, parts and accessories of such articles",45451660.867,45451660.867,,False,-0.1850458611551642,-0.21728052917656304,51631142.55399999,55774642.129416674,9163372.017970221,False
2022-11-01,2022,11,4,202211,X,exports,KOR,South Korea,85,"Electrical machinery and equipment and parts thereof; sound recorders and reproducers; television image and sound recorders and reproducers, parts and accessories of such articles",46696190.154,46696190.154,,False,0.027381381961854467,-0.21799858954180573,49306632.80966666,54689850.43825,9421552.499899745,False
2022-12-01,2022,12,4,202212,X,exports,KOR,South Korea,85,"Electrical machinery and equipment and parts thereof; sound recorders and reproducers; television image and sound recorders and reproducers, parts and accessories of such articles",47215171.578,47215171.578,,False,0.011113999285347509,-0.2578270579887939,46454340.86633333,53322991.48358333,9195704.518409297,False
2023-01-01,2023,1,1,202301,X,exports,KOR,South Korea,85,"Electrical machinery and equipment and parts thereof; sound recorders and reproducers; television image and sound recorders and reproducers, parts and accessories of such articles",47978484.134,47978484.134,,False,0.016166679702497744,-0.22719889126389847,47296615.288666666,52147542.600666665,8869771.905592421,False
2023-02-01,2023,2,1,202302,X,exports,KOR,South Korea,85,"Electrical machinery and equipment and parts thereof; sound recorders and reproducers; television image and sound recorders and reproducers, parts and accessories of such articles",52170107.027,52170107.027,,False,0.08736463789254234,-0.1974072155385257,49121254.24633333,51078221.21275001,7899622.4264134625,False
2023-03-01,2023,3,1,202303,X,exports,KOR,South Korea,85,"Electrical machinery and equipment and parts thereof; sound recorders and reproducers; television image and sound recorders and reproducers, parts and accessories of such articles",63115539.925,63115539.925,,False,0.20980276870690173,0.010320007414427623,54421377.02866667,51131946.17408333,7985868.273544332,False
2023-04-01,2023,4,2,202304,X,exports,KOR,South Korea,85,"Electrical machinery and equipment and parts thereof; sound recorders and reproducers; television image and sound recorders and reproducers, parts and accessories of such articles",46479232.816,46479232.816,,False,-0.26358496067321724,-0.06253362545366425,53921626.589333326,50873580.024,8090128.786937024,False
2023-05-01,2023,5,2,202305,X,exports,KOR,South Korea,85,"Electrical machinery and equipment and parts thereof; sound recorders and reproducers; television image and sound recorders and reproducers, parts and accessories of such articles",44619733.442,44619733.442,,False,-0.04000710126523177,0.3129108450603326,51404835.394333325,51759778.71691667,6497734.559356256,False
2023-06-01,2023,6,2,202306,X,exports,KOR,South Korea,85,"Electrical machinery and equipment and parts thereof; sound recorders and reproducers; television image and sound recorders and reproducers, parts and accessories of such articles",35720802.98,35720802.98,,False,-0.19943934612624903,-0.3500855715095085,42273256.41266666,50156319.1975,7865723.102331063,False
2023-07-01,2023,7,3,202307,X,exports,KOR,South Korea,85,"Electrical machinery and equipment and parts thereof; sound recorders and reproducers; television image and sound recorders and reproducers, parts and accessories of such articles",50479850.891,50479850.891,,False,0.4131779433755609,-0.1985689401286207,43606795.771,49114045.050749995,6762223.06066195,False
2023-08-01,2023,8,3,202308,X,exports,KOR,South Korea,85,"Electrical machinery and equipment and parts thereof; sound recorders and reproducers; television image and sound recorders and reproducers, parts and accessories of such articles",55184179.956,55184179.956,,False,0.09319221396192212,0.028218157022204204,47128277.94233333,49240250.09816667,6868276.907676052,False
2023-09-01,2023,9,3,202309,X,exports,KOR,South Korea,85,"Electrical machinery and equipment and parts thereof; sound recorders and reproducers; television image and sound recorders and reproducers, parts and accessories of such articles",57037429.38,57037429.38,,False,0.03358298384569003,0.022688461887423905,54233820.075666666,49345698.59583333,6986374.404471896,False
2023-10-01,2023,10,4,202310,X,exports,KOR,South Korea,85,"Electrical machinery and equipment and parts thereof; sound recorders and reproducers; television image and sound recorders and reproducers, parts and accessories of such articles",63075211.318,63075211.318,,False,0.10585648763682065,0.38774271643383473,58432273.55133333,50814327.80008334,7887603.792106072,False
2023-11-01,2023,11,4,202311,X,exports,KOR,South Korea,85,"Electrical machinery and equipment and parts thereof; sound recorders and reproducers; television image and sound recorders and reproducers, parts and accessories of such articles",50960516.924,50960516.924,,False,-0.19206744045489688,0.0913206571229177,57024385.87399999,51169688.364250004,7780536.143099134,False
2023-12-01,2023,12,4,202312,X,exports,KOR,South Korea,85,"Electrical machinery and equipment and parts thereof; sound recorders and reproducers; television image and sound recorders and reproducers, parts and accessories of such articles",64175163.813,64175163.813,,False,0.25931147654384423,0.35920640904548873,59403630.685,52583021.050500005,8503679.666986013,False
2024-01-01,2024,1,1,202401,X,exports,KOR,South Korea,85,"Electrical machinery and equipment and parts thereof; sound recorders and reproducers; television image and sound recorders and reproducers, parts and accessories of such articles",62333735.087,62333735.087,,False,-0.028693790815489617,0.2992018445790605,59156471.94133332,53779291.963250004,8801550.181188181,False
2024-02-01,2024,2,1,202402,X,exports,KOR,South Korea,85,"Electrical machinery and equipment and parts thereof; sound recorders and reproducers; television image and sound recorders and reproducers, parts and accessories of such articles",93321456.731,93321456.731,,False,0.49712602013580676,0.7887917439521952,73276785.21033333,57208571.10525,14371733.604125557,True
2024-03-01,2024,3,1,202403,X,exports,KOR,South Korea,85,"Electrical machinery and equipment and parts thereof; sound recorders and reproducers; television image and sound recorders and reproducers, parts and accessories of such articles",58529800.379,58529800.379,,False,-0.3728151871041543,-0.07265626740180342,71394997.399,56826426.143083334,14260928.643606734,False
2024-04-01,2024,4,2,202404,X,exports,KOR,South Korea,85,"Electrical machinery and equipment and parts thereof; sound recorders and reproducers; television image and sound recorders and reproducers, parts and accessories of such articles",51947271.486,51947271.486,,False,-0.11246457104544905,0.11764477033531606,67932842.86533333,57282096.032249995,13984943.40809382,False
2024-05-01,2024,5,2,202405,X,exports,KOR,South Korea,85,"Electrical machinery and equipment and parts thereof; sound recorders and reproducers; television image and sound recorders and reproducers, parts and accessories of such articles",75785063.055,75785063.055,,False,0.458884381933792,0.6984651679623095,62087378.306666665,59879206.83333334,14309722.097308591,False
2024-06-01,2024,6,2,202406,X,exports,KOR,South Korea,85,"Electrical machinery and equipment and parts thereof; sound recorders and reproducers; television image and sound recorders and reproducers, parts and accessories of such articles",102521811.632,102521811.632,,False,0.35279707503305957,1.8700869823503616,76751382.05766666,65445957.55433334,16828947.77600269,True
2024-07-01,2024,7,3,202407,X,exports,KOR,South Korea,85,"Electrical machinery and equipment and parts thereof; sound recorders and reproducers; television image and sound recorders and reproducers, parts and accessories of such articles",120344812.626,120344812.626,,False,0.17384594273436482,1.3840168007995475,99550562.43766665,71268037.69891667,22357607.71216946,True
2024-08-01,2024,8,3,202408,X,exports,KOR,South Korea,85,"Electrical machinery and equipment and parts thereof; sound recorders and reproducers; television image and sound recorders and reproducers, parts and accessories of such articles",150134727.496,150134727.496,,False,0.24753800533621018,1.7206117335748563,124333783.91799998,79180583.32725,31200892.45304801,True
2024-09-01,2024,9,3,202409,X,exports,KOR,South Korea,85,"Electrical machinery and equipment and parts thereof; sound recorders and reproducers; television image and sound recorders and reproducers, parts and accessories of such articles",129624413.623,129624413.623,,False,-0.1366127225531245,1.27262019049639,133367984.58166666,85229498.68083334,33471345.700804442,False
2024-10-01,2024,10,4,202410,X,exports,KOR,South Korea,85,"Electrical machinery and equipment and parts thereof; sound recorders and reproducers; television image and sound recorders and reproducers, parts and accessories of such articles",143515755.508,143515755.508,,False,0.10716609237980124,1.2753115290323946,141091632.20899996,91932877.36333333,36544981.83495095,False
2024-11-01,2024,11,4,202411,X,exports,KOR,South Korea,85,"Electrical machinery and equipment and parts thereof; sound recorders and reproducers; television image and sound recorders and reproducers, parts and accessories of such articles",140336932.62,140336932.62,,False,-0.022149643965904353,1.753836520718414,137825700.58366665,99380912.00466667,36543165.354741305,False
2024-12-01,2024,12,4,202412,X,exports,KOR,South Korea,85,"Electrical machinery and equipment and parts thereof; sound recorders and reproducers; television image and sound recorders and reproducers, parts and accessories of such articles",142412107.55,142412107.55,,False,0.014787090548851411,1.2191156062331938,142088265.22599998,105900657.31608333,36670010.55209756,False
2015-01-01,2015,1,1,201501,M,imports,KOR,South Korea,85,"Electrical machinery and equipment and parts thereof; sound recorders and reproducers; television image and sound recorders and reproducers, parts and accessories of such articles",67328999.0,0.0,67328999.0,False,,,67328999.0,,,False
2015-02-01,2015,2,1,201502,M,imports,KOR,South Korea,85,"Electrical machinery and equipment and parts thereof; sound recorders and reproducers; television image and sound recorders and reproducers, parts and accessories of such articles",63694448.0,0.0,63694448.0,False,-0.053981955085950384,,65511723.5,,,False
2015-03-01,2015,3,1,201503,M,imports,KOR,South Korea,85,"Electrical machinery and equipment and parts thereof; sound recorders and reproducers; television image and sound recorders and reproducers, parts and accessories of such articles",83732882.0,0.0,83732882.0,False,0.3146025223422928,,71585443.0,,,False
2015-04-01,2015,4,2,201504,M,imports,KOR,South Korea,85,"Electrical machinery and equipment and parts thereof; sound recorders and reproducers; television image and sound recorders and reproducers, parts and accessories of such articles",64257054.0,0.0,64257054.0,False,-0.2325947409764303,,70561461.33333333,,,False
2015-05-01,2015,5,2,201505,M,imports,KOR,South Korea,85,"Electrical machinery and equipment and parts thereof; sound recorders and reproducers; television image and sound recorders and reproducers, parts and accessories of such articles",61282194.0,0.0,61282194.0,False,-0.046296240098402275,,69757376.66666667,,,False
2015-06-01,2015,6,2,201506,M,imports,KOR,South Korea,85,"Electrical machinery and equipment and parts thereof; sound recorders and reproducers; television image and sound recorders and reproducers, parts and accessories of such articles",58106761.0,0.0,58106761.0,False,-0.051816568447272005,,61215336.333333336,66400389.666666664,9035195.816419935,False
2015-07-01,2015,7,3,201507,M,imports,KOR,South Korea,85,"Electrical machinery and equipment and parts thereof; sound recorders and reproducers; television image and sound recorders and reproducers, parts and accessories of such articles",45923907.0,0.0,45923907.0,False,-0.2096632782543154,,55104287.333333336,63475177.85714286,11310482.679720312,False
2015-08-01,2015,8,3,201508,M,imports,KOR,South Korea,85,"Electrical machinery and equipment and parts thereof; sound recorders and reproducers; television image and sound recorders and reproducers, parts and accessories of such articles",63936664.0,0.0,63936664.0,False,0.3922304999006292,,55989110.666666664,63532863.625,10472743.254802385,False
2015-09-01,2015,9,3,201509,M,imports,KOR,South Korea,85,"Electrical machinery and equipment and parts thereof; sound recorders and reproducers; television image and sound recorders and reproducers, parts and accessories of such articles",78019170.0,0.0,78019170.0,False,0.22025712821050525,,62626580.333333336,65142453.222222224,10921793.140975373,False
2015-10-01,2015,10,4,201510,M,imports,KOR,South Korea,85,"Electrical machinery and equipment and parts thereof; sound recorders and reproducers; television image and sound recorders and reproducers, parts and accessories of such articles",76211390.0,0.0,76211390.0,False,-0.023170971954713182,,72722408.0,66249346.9,10875833.294079388,False
2015-11-01,2015,11,4,201511,M,imports,KOR,South Korea,85,"Electrical machinery and equipment and parts thereof; sound recorders and reproducers; television image and sound recorders and reproducers, parts and accessories of such articles",60551437.0,0.0,60551437.0,False,-0.2054804800174882,,71593999.0,65731355.09090909,10459772.727630515,False
2015-12-01,2015,12,4,201512,M,imports,KOR,South Korea,85,"Electrical machinery and equipment and parts thereof; sound recorders and reproducers; television image and sound recorders and reproducers, parts and accessories of such articles",53906297.0,0.0,53906297.0,False,-0.10974372086330508,,63556374.666666664,64745933.583333336,10541035.775478488,False
2016-01-01,2016,1,1,201601,M,imports,KOR,South Korea,85,"Electrical machinery and equipment and parts thereof; sound recorders and reproducers; television image and sound recorders and reproducers, parts and accessories of such articles",59130768.0,0.0,59130768.0,False,0.09691763839760692,-0.12176374402952284,57862834.0,64062747.666666664,10623750.104193145,False
2016-02-01,2016,2,1,201602,M,imports,KOR,South Korea,85,"Electrical machinery and equipment and parts thereof; sound recorders and reproducers; television image and sound recorders and reproducers, parts and accessories of such articles",60838409.0,0.0,60838409.0,False,0.028879060052120487,-0.04483968524226789,57958491.333333336,63824744.416666664,10664664.243398087,False
2016-03-01,2016,3,1,201603,M,imports,KOR,South Korea,85,"Electrical machinery and equipment and parts thereof; sound recorders and reproducers; television image and sound recorders and reproducers, parts and accessories of such articles",65535118.0,0.0,65535118.0,False,0.07719973413505943,-0.21733115551904691,61834765.0,62308264.083333336,8686879.250338327,False
2016-04-01,2016,4,2,201604,M,imports,KOR,South Korea,85,"Electrical machinery and equipment and parts thereof; sound recorders and reproducers; television image and sound recorders and reproducers, parts and accessories of such articles",56069902.0,0.0,56069902.0,False,-0.14442967814599805,-0.12741250166868834,60814476.333333336,61626001.416666664,8840064.65112665,False
2016-05-01,2016,5,2,201605,M,imports,KOR,South Korea,85,"Electrical machinery and equipment and parts thereof; sound recorders and reproducers; television image and sound recorders and reproducers, parts and accessories of such articles",65832869.0,0.0,65832869.0,False,0.1741213494541154,0.07425770363247763,62479296.333333336,62005224.333333336,8921210.601068221,False
2016-06-01,2016,6,2,201606,M,imports,KOR,South Korea,85,"Electrical machinery and equipment and parts thereof; sound recorders and reproducers; television image and sound recorders and reproducers, parts and accessories of such articles",60959493.0,0.0,60959493.0,False,-0.07402648667795408,0.04909466559321718,60954088.0,62242952.0,8845570.791043174,False
2016-07-01,2016,7,3,201607,M,imports,KOR,South Korea,85,"Electrical machinery and equipment and parts thereof; sound recorders and reproducers; television image and sound recorders and reproducers, parts and accessories of such articles",43561419.0,0.0,43561419.0,False,-0.2854038500615482,-0.05144353245032052,56784593.666666664,62046078.0,9258454.032879991,False
2016-08-01,2016,8,3,201608,M,imports,KOR,South Korea,85,"Electrical machinery and equipment and parts thereof; sound recorders and reproducers; television image and sound recorders and reproducers, parts and accessories of such articles",61932798.0,0.0,61932798.0,False,0.4217350908610209,-0.03134142250524674,55484570.0,61879089.166666664,9239306.229159188,False
2016-09-01,2016,9,3,201609,M,imports,KOR,South Korea,85,"Electrical machinery and equipment and parts thereof; sound recorders and reproducers; television image and sound recorders and reproducers, parts and accessories of such articles",55263961.0,0.0,55263961.0,False,-0.10767860027896692,-0.2916617672297719,53586059.333333336,59982821.75,7857366.6970252115,False
2016-10-01,2016,10,4,201610,M,imports,KOR,South Korea,85,"Electrical machinery and equipment and parts thereof; sound recorders and reproducers; television image and sound recorders and reproducers, parts and accessories of such articles",64435880.0,0.0,64435880.0,False,0.16596564621924226,-0.15451115640326207,60544213.0,59001529.25,6208706.542304777,False
2016-11-01,2016,11,4,201611,M,imports,KOR,South Korea,85,"Electrical machinery and equipment and parts thereof; sound recorders and reproducers; television image and sound recorders and reproducers, parts and accessories of such articles",59110273.0,0.0,59110273.0,False,-0.08264971317222636,-0.023800657282501803,59603371.333333336,58881432.25,6189910.690424784,False
2016-12-01,2016,12,4,201612,M,imports,KOR,South Korea,85,"Electrical machinery and equipment and parts thereof; sound recorders and reproducers; television image and sound recorders and reproducers, parts and accessories of such articles",62061454.0,0.0,62061454.0,False,0.04992670225021634,0.1512839399820025,61869202.333333336,59561028.666666664,6039892.307964619,False
2017-01-01,2017,1,1,201701,M,imports,KOR,South Korea,85,"Electrical machinery and equipment and parts thereof; sound recorders and reproducers; television image and sound recorders and reproducers, parts and accessories of such articles",56814030.0,0.0,56814030.0,False,-0.08455206350789013,-0.03917990715087616,59328585.666666664,59367967.166666664,6091699.97567415,False
2017-02-01,2017,2,1,201702,M,imports,KOR,South Korea,85,"Electrical machinery and equipment and parts thereof; sound recorders and reproducers; television image and sound recorders and reproducers, parts and accessories of such articles",53090334.0,0.0,53090334.0,False,-0.06554183887325016,-0.12735499049621757,57321939.333333336,58722294.25,6327721.486631283,False
2017-03-01,2017,3,1,201703,M,imports,KOR,South Korea,85,"Electrical machinery and equipment and parts thereof; sound recorders and reproducers; television image and sound recorders and reproducers, parts and accessories of such articles",82810623.0,0.0,82810623.0,False,0.5598060279673509,0.26360683443035837,64238329.0,60161919.666666664,9290285.296391789,True
2017-04-01,2017,4,2,201704,M,imports,KOR,South Korea,85,"Electrical machinery and equipment and parts thereof; sound recorders and reproducers; television image and sound recorders and reproducers, parts and accessories of such articles",74866688.0,,74866688.0,False,-0.09592893655684731,0.3352384314850416,70255881.66666667,61728318.5,10088002.546967106,False
2017-05-01,2017,5,2,201705,M,imports,KOR,South Korea,85,"Electrical machinery and equipment and parts thereof; sound recorders and reproducers; television image and sound recorders and reproducers, parts and accessories of such articles",70832714.0,0.0,70832714.0,False,-0.0538820950647636,0.07594754832878392,76170008.33333333,62144972.25,10372188.458953213,False
2017-06-01,2017,6,2,201706,M,imports,KOR,South Korea,85,"Electrical machinery and equipment and parts thereof; sound recorders and reproducers; television image and sound recorders and reproducers, parts and accessories of such articles",56591387.0,,56591387.0,False,-0.20105578617247388,-0.07165587810909124,67430263.0,61780963.416666664,10493513.782836454,False
2017-07-01,2017,7,3,201707,M,imports,KOR,South Korea,85,"Electrical machinery and equipment and parts thereof; sound recorders and reproducers; television image and sound recorders and reproducers, parts and accessories of such articles",89154479.0,0.0,89154479.0,False,0.575407208167561,1.046638540402001,72192860.0,65580385.083333336,11502499.504032062,True
2017-08-01,2017,8,3,201708,M,imports,KOR,South Korea,85,"Electrical machinery and equipment and parts thereof; sound recorders and reproducers; television image and sound recorders and reproducers, parts and accessories of such articles",74616146.0,0.0,74616146.0,False,-0.16306901417706676,0.2047921038542453,73454004.0,66637330.75,11717573.893120276,False
2017-09-01,2017,9,3,201709,M,imports,KOR,South Korea,85,"Electrical machinery and equipment and parts thereof; sound recorders and reproducers; television image and sound recorders and reproducers, parts and accessories of such articles",65299147.0,0.0,65299147.0,False,-0.12486572276193408,0.1815864411166619,76356590.66666667,67473596.25,11177745.885092555,False
2017-10-01,2017,10,4,201710,M,imports,KOR,South Korea,85,"Electrical machinery and equipment and parts thereof; sound recorders and reproducers; television image and sound recorders and reproducers, parts and accessories of such articles",76614028.0,0.0,76614028.0,False,0.17327762336619812,0.18899637903602784,72176440.33333333,68488441.91666667,11426933.357896194,False
2017-11-01,2017,11,4,201711,M,imports,KOR,South Korea,85,"Electrical machinery and equipment and parts thereof; sound recorders and reproducers; television image and sound recorders and reproducers, parts and accessories of such articles",86302436.0,0.0,86302436.0,False,0.12645736365669213,0.46002431760042795,76071870.33333333,70754455.5,12075871.464419898,False
2017-12-01,2017,12,4,201712,M,imports,KOR,South Korea,85,"Electrical machinery and equipment and parts thereof; sound recorders and reproducers; television image and sound recorders and reproducers, parts and accessories of such articles",67858083.0,0.0,67858083.0,False,-0.21371764060055032,0.09340143722704264,76924849.0,71237507.91666667,11809526.242556293,False
2018-01-01,2018,1,1,201801,M,imports,KOR,South Korea,85,"Electrical machinery and equipment and parts thereof; sound recorders and reproducers; television image and sound recorders and reproducers, parts and accessories of such articles",104211233.0,0.0,104211233.0,False,0.5357232092748627,0.8342517332426516,86123917.33333333,75187274.83333333,14225891.686756568,True
2018-02-01,2018,2,1,201802,M,imports,KOR,South Korea,85,"Electrical machinery and equipment and parts thereof; sound recorders and reproducers; television image and sound recorders and reproducers, parts and accessories of such articles",85219425.0,0.0,85219425.0,False,-0.18224338637275317,0.6051777899909239,85762913.66666667,77864699.08333333,12622065.716677884,False
2018-03-01,2018,3,1,201803,M,imports,KOR,South Korea,85,"Electrical machinery and equipment and parts thereof; sound recorders and reproducers; television image and sound recorders and reproducers, parts and accessories of such articles",80813496.0,0.0,80813496.0,False,-0.05170099422754848,-0.024116797189172257,90081384.66666667,77698271.83333333,12563955.790019695,False
2018-04-01,2018,4,2,201804,M,imports,KOR,South Korea,85,"Electrical machinery and equipment and parts thereof; sound recorders and reproducers; television image and sound recorders and reproducers, parts and accessories of such articles",89022435.0,0.0,89022435.0,False,0.10157881302400273,0.18907938067194863,85018452.0,78877917.41666667,12933054.465986917,False
2018-05-01,2018,5,2,201805,M,imports,KOR,South Korea,85,"Electrical machinery and equipment and parts thereof; sound recorders and reproducers; television image and sound recorders and reproducers, parts and accessories of such articles",96653225.0,0.0,96653225.0,False,0.08571760590462385,0.3645280484381834,88829718.66666667,81029626.66666667,13603411.688817969,False
2018-06-01,2018,6,2,201806,M,imports,KOR,South Korea,85,"Electrical machinery and equipment and parts thereof; sound recorders and reproducers; television image and sound recorders and reproducers, parts and accessories of such articles",81041661.0,0.0,81041661.0,False,-0.16152139775987817,0.4320493858897645,88905773.66666667,83067149.5,11235234.757403506,False
2018-07-01,2018,7,3,201807,M,imports,KOR,South Korea,85,"Electrical machinery and equipment and parts thereof; sound recorders and reproducers; television image and sound recorders and reproducers, parts and accessories of such articles",72757199.0,0.0,72757199.0,False,-0.1022247310553025,-0.1839198678958126,83484028.33333333,81700709.5,11423138.798792742,False
2018-08-01,2018,8,3,201808,M,imports,KOR,South Korea,85,"Electrical machinery and equipment and parts thereof; sound recorders and reproducers; television image and sound recorders and reproducers, parts and accessories of such articles",98977749.0,0.0,98977749.0,False,0.36038426932845513,0.32649237874065484,84258869.66666667,83730843.08333333,12188731.180465683,False
2018-09-01,2018,9,3,201809,M,imports,KOR,South Korea,85,"Electrical machinery and equipment and parts thereof; sound recorders and reproducers; television image and sound recorders and reproducers, parts and accessories of such articles",93787744.0,0.0,93787744.0,False,-0.052436078335141745,0.4362782411231192,88507564.0,86104892.83333333,10987585.286212824,False
2018-10-01,2018,10,4,201810,M,imports,KOR,South Korea,85,"Electrical machinery and equipment and parts thereof; sound recorders and reproducers; television image and sound recorders and reproducers, parts and accessories of such articles",92261023.0,0.0,92261023.0,False,-0.016278470244470378,0.20423146267678294,95008838.66666667,87408809.08333333,10683106.404463492,False
2018-11-01,2018,11,4,201811,M,imports,KOR,South Korea,85,"Electrical machinery and equipment and parts thereof; sound recorders and reproducers; television image and sound recorders and reproducers, parts and accessories of such articles",94662189.0,0.0,94662189.0,False,0.02602578989396198,0.09686578256029765,93570318.66666667,88105455.16666667,10875243.180440413,False
2018-12-01,2018,12,4,201812,M,imports,KOR,South Korea,85,"Electrical machinery and equipment and parts thereof; sound recorders and reproducers; television image and sound recorders and reproducers, parts and accessories of such articles",87620692.0,0.0,87620692.0,False,-0.07438552894651529,0.291234413444895,91514634.66666667,89752339.25,8835425.832387798,False
2019-01-01,2019,1,1,201901,M,imports,KOR,South Korea,85,"Electrical machinery and equipment and parts thereof; sound recorders and reproducers; television image and sound recorders and reproducers, parts and accessories of such articles",101511789.0,0.0,101511789.0,False,0.15853671870110309,-0.025903579895269035,94598223.33333333,89527385.58333333,8460228.054948457,False
2019-02-01,2019,2,1,201902,M,imports,KOR,South Korea,85,"Electrical machinery and equipment and parts thereof; sound recorders and reproducers; television image and sound recorders and reproducers, parts and accessories of such articles",93757044.0,0.0,93757044.0,False,-0.07639255574542181,0.1001839545385339,94296508.33333333,90238853.83333333,8423923.115660409,False
2019-03-01,2019,3,1,201903,M,imports,KOR,South Korea,85,"Electrical machinery and equipment and parts thereof; sound recorders and reproducers; television image and sound recorders and reproducers, parts and accessories of such articles",88001998.0,0.0,88001998.0,False,-0.06138254529441012,0.0889517513262883,94423610.33333333,90837895.66666667,7934087.720714246,False
2019-04-01,2019,4,2,201904,M,imports,KOR,South Korea,85,"Electrical machinery and equipment and parts thereof; sound recorders and reproducers; television image and sound recorders and reproducers, parts and accessories of such articles",102280931.0,0.0,102280931.0,False,0.16225691830315037,0.14893432200545842,94679991.0,91942770.33333333,8557003.571870632,False
2019-05-01,2019,5,2,201905,M,imports,KOR,South Korea,85,"Electrical machinery and equipment and parts thereof; sound recorders and reproducers; television image and sound recorders and reproducers, parts and accessories of such articles",111478358.0,0.0,111478358.0,False,0.08992318421505185,0.1533847732447624,100587095.66666667,93178198.08333333,10209535.796716228,False
2019-06-01,2019,6,2,201906,M,imports,KOR,South Korea,85,"Electrical machinery and equipment and parts thereof; sound recorders and reproducers; television image and sound recorders and reproducers, parts and accessories of such articles",64865143.0,0.0,64865143.0,False,-0.41813689972003354,-0.19960743400854042,92874810.66666667,91830154.91666667,12717588.909048589,True
2019-07-01,2019,7,3,201907,M,imports,KOR,South Korea,85,"Electrical machinery and equipment and parts thereof; sound recorders and reproducers; television image and sound recorders and reproducers, parts and accessories of such articles",71399920.0,0.0,71399920.0,False,0.10074404676792281,-0.018654910011035475,82581140.33333333,91717048.33333333,12907260.38960549,False
2019-08-01,2019,8,3,201908,M,imports,KOR,South Korea,85,"Electrical machinery and equipment and parts thereof; sound recorders and reproducers; television image and sound recorders and reproducers, parts and accessories of such articles",83557016.0,0.0,83557016.0,False,0.17026764175646125,-0.1557999970276147,73274026.33333333,90431987.25,12886295.920547832,False
2019-09-01,2019,9,3,201909,M,imports,KOR,South Korea,85,"Electrical machinery and equipment and parts thereof; sound recorders and reproducers; television image and sound recorders and reproducers, parts and accessories of such articles",76621501.0,0.0,76621501.0,False,-0.08300338298342291,-0.18303290246537973,77192812.33333333,89001467.0,13421606.11219344,False
2019-10-01,2019,10,4,201910,M,imports,KOR,South Korea,85,"Electrical machinery and equipment and parts thereof; sound recorders and reproducers; television image and sound recorders and reproducers, parts and accessories of such articles",83424773.0,0.0,83424773.0,False,0.08879063854413394,-0.09577446371909404,81201096.66666667,88265112.83333333,13468828.7203752,False
2019-11-01,2019,11,4,201911,M,imports,KOR,South Korea,85,"Electrical machinery and equipment and parts thereof; sound recorders and reproducers; television image and sound recorders and reproducers, parts and accessories of such articles",71841972.0,0.0,71841972.0,False,-0.13884126481231185,-0.24107003272447036,77296082.0,86363428.08333333,14080621.534498515,False
2019-12-01,2019,12,4,201912,M,imports,KOR,South Korea,85,"Electrical machinery and equipment and parts thereof; sound recorders and reproducers; television image and sound recorders and reproducers, parts and accessories of such articles",55705208.0,0.0,55705208.0,False,-0.2246147140838506,-0.36424597057507835,70323984.33333333,83703804.41666667,16608775.063797517,False
2020-01-01,2020,1,1,202001,M,imports,KOR,South Korea,85,"Electrical machinery and equipment and parts thereof; sound recorders and reproducers; television image and sound recorders and reproducers, parts and accessories of such articles",77195890.0,0.0,77195890.0,False,0.38579304829092465,-0.23953768561797295,68247690.0,81677479.5,15696908.275307573,False
2020-02-01,2020,2,1,202002,M,imports,KOR,South Korea,85,"Electrical machinery and equipment and parts thereof; sound recorders and reproducers; television image and sound recorders and reproducers, parts and accessories of such articles",78675823.0,0.0,78675823.0,False,0.019171137219870182,-0.16085427138679842,70525640.33333333,80420711.08333333,15238893.673857197,False
2020-03-01,2020,3,1,202003,M,imports,KOR,South Korea,85,"Electrical machinery and equipment and parts thereof; sound recorders and reproducers; television image and sound recorders and reproducers, parts and accessories of such articles",72008396.0,0.0,72008396.0,False,-0.08474556408517009,-0.1817413509179644,75960036.33333333,79087910.91666667,15214937.465206623,False
2020-04-01,2020,4,2,202004,M,imports,KOR,South Korea,85,"Electrical machinery and equipment and parts thereof; sound recorders and reproducers; television image and sound recorders and reproducers, parts and accessories of such articles",62392133.0,0.0,62392133.0,False,-0.133543635661597,-0.3899925197200248,71025450.66666667,75763844.41666667,13995705.00764532,False
2020-05-01,2020,5,2,202005,M,imports,KOR,South Korea,85,"Electrical machinery and equipment and parts thereof; sound recorders and reproducers; television image and sound recorders and reproducers, parts and accessories of such articles",50930065.0,0.0,50930065.0,False,-0.18371014820089582,-0.5431394405719538,61776864.666666664,70718153.33333333,10402619.787131028,False
2020-06-01,2020,6,2,202006,M,imports,KOR,South Korea,85,"Electrical machinery and equipment and parts thereof; sound recorders and reproducers; television image and sound recorders and reproducers, parts and accessories of such articles",59590672.0,0.0,59590672.0,False,0.17004900739867512,-0.08131441258057504,57637623.333333336,70278614.08333333,10777098.009735096,False
2020-07-01,2020,7,3,202007,M,imports,KOR,South Korea,85,"Electrical machinery and equipment and parts thereof; sound recorders and reproducers; television image and sound recorders and reproducers, parts and accessories of such articles",103136928.0,0.0,103136928.0,False,0.7307562499043474,0.44449640839933724,71219221.66666667,72923364.75,14371939.990662528,True
2020-08-01,2020,8,3,202008,M,imports,KOR,South Korea,85,"Electrical machinery and equipment and parts thereof; sound recorders and reproducers; television image and sound recorders and reproducers, parts and accessories of such articles",70637316.0,0.0,70637316.0,False,-0.31511130523492037,-0.1546213665648376,77788305.33333333,71846723.08333333,13981549.019030787,False
2020-09-01,2020,9,3,202009,M,imports,KOR,South Korea,85,"Electrical machinery and equipment and parts thereof; sound recorders and reproducers; television image and sound recorders and reproducers, parts and accessories of such articles",95344246.0,0.0,95344246.0,False,0.34977164194630506,0.24435367038815903,89706163.33333333,73406951.83333333,15522547.110354837,False
2020-10-01,2020,10,4,202010,M,imports,KOR,South Korea,85,"Electrical machinery and equipment and parts thereof; sound recorders and reproducers; television image and sound recorders and reproducers, parts and accessories of such articles",73979570.0,0.0,73979570.0,False,-0.22407934297367038,-0.11321820438156904,79987044.0,72619851.58333333,15204607.5125569,False
2020-11-01,2020,11,4,202011,M,imports,KOR,South Korea,85,"Electrical machinery and equipment and parts thereof; sound recorders and reproducers; television image and sound recorders and reproducers, parts and accessories of such articles",74802736.0,0.0,74802736.0,False,0.011126936801606258,0.04121217608002192,81375517.33333333,72866581.91666667,15214856.266048407,False
2020-12-01,2020,12,4,202012,M,imports,KOR,South Korea,85,"Electrical machinery and equipment and parts thereof; sound recorders and reproducers; television image and sound recorders and reproducers, parts and accessories of such articles",82085468.0,0.0,82085468.0,False,0.09735916611392392,0.47356900633061105,76955924.66666667,75064936.91666667,14393471.66599929,False
2021-01-01,2021,1,1,202101,M,imports,KOR,South Korea,85,"Electrical machinery and equipment and parts thereof; sound recorders and reproducers; television image and sound recorders and reproducers, parts and accessories of such articles",90528625.0,,90528625.0,False,0.10285812100139324,0.17271301619814206,82472276.33333333,76175998.16666667,15071536.97742086,False
2021-02-01,2021,2,1,202102,M,imports,KOR,South Korea,85,"Electrical machinery and equipment and parts thereof; sound recorders and reproducers; television image and sound recorders and reproducers, parts and accessories of such articles",78681988.0,,78681988.0,False,-0.13086067528364642,7.835952348411723e-05,83765360.33333333,76176511.91666667,15071630.041419355,False
2021-03-01,2021,3,1,202103,M,imports,KOR,South Korea,85,"Electrical machinery and equipment and parts thereof; sound recorders and reproducers; television image and sound recorders and reproducers, parts and accessories of such articles",96055320.0,,96055320.0,False,0.2208044362071786,0.3339461137281825,88421977.66666667,78180422.25,16034905.94181192,False
2021-04-01,2021,4,2,202104,M,imports,KOR,South Korea,85,"Electrical machinery and equipment and parts thereof; sound recorders and reproducers; television image and sound recorders and reproducers, parts and accessories of such articles",112776718.0,,112776718.0,False,0.17408091503937517,0.8075470828990572,95838008.66666667,82379137.66666667,18000968.061261848,False
2021-05-01,2021,5,2,202105,M,imports,KOR,South Korea,85,"Electrical machinery and equipment and parts thereof; sound recorders and reproducers; television image and sound recorders and reproducers, parts and accessories of such articles",102050302.0,,102050302.0,False,-0.09511197160392626,1.0037339830608896,103627446.66666667,86639157.41666667,15795628.50330694,False
2021-06-01,2021,6,2,202106,M,imports,KOR,South Korea,85,"Electrical machinery and equipment and parts thereof; sound recorders and reproducers; television image and sound recorders and reproducers, parts and accessories of such articles",89471172.0,,89471172.0,False,-0.12326401542643162,0.5014291498508356,101432730.66666667,89129199.08333333,13302483.470127132,False
2021-07-01,2021,7,3,202107,M,imports,KOR,South Korea,85,"Electrical machinery and equipment and parts thereof; sound recorders and reproducers; television image and sound recorders and reproducers, parts and accessories of such articles",63313321.0,,63313321.0,False,-0.2923606611523989,-0.38612364913564223,84944931.66666667,85810565.16666667,14411484.846025866,False
2021-08-01,2021,8,3,202108,M,imports,KOR,South Korea,85,"Electrical machinery and equipment and parts thereof; sound recorders and reproducers; television image and sound recorders and reproducers, parts and accessories of such articles",126511918.0,,126511918.0,False,0.9981879958563538,0.7910068666821939,93098803.66666667,90466782.0,17711855.864828635,True
2021-09-01,2021,9,3,202109,M,imports,KOR,South Korea,85,"Electrical machinery and equipment and parts thereof; sound recorders and reproducers; television image and sound recorders and reproducers, parts and accessories of such articles",86476774.0,,86476774.0,False,-0.3164535376026787,-0.09300479443720178,92100671.0,89727826.0,17674805.01903678,False
2021-10-01,2021,10,4,202110,M,imports,KOR,South Korea,85,"Electrical machinery and equipment and parts thereof; sound recorders and reproducers; television image and sound recorders and reproducers, parts and accessories of such articles",85134809.0,,85134809.0,False,-0.015518213017520766,0.1507881027153848,99374500.33333333,90657429.25,17053670.222838122,False
2021-11-01,2021,11,4,202111,M,imports,KOR,South Korea,85,"Electrical machinery and equipment and parts thereof; sound recorders and reproducers; television image and sound recorders and reproducers, parts and accessories of such articles",136701267.0,,136701267.0,False,0.6057035730238145,0.8274902003584468,102770950.0,95815640.16666667,20776915.439823583,False
2021-12-01,2021,12,4,202112,M,imports,KOR,South Korea,85,"Electrical machinery and equipment and parts thereof; sound recorders and reproducers; television image and sound recorders and reproducers, parts and accessories of such articles",108913106.0,,108913106.0,False,-0.20327654315010846,0.32682566906970667,110249727.33333333,98051276.66666667,20607879.128529318,False
2022-01-01,2022,1,1,202201,M,imports,KOR,South Korea,85,"Electrical machinery and equipment and parts thereof; sound recorders and reproducers; television image and sound recorders and reproducers, parts and accessories of such articles",142966058.0,,142966058.0,False,0.3126616552465229,0.5792359378042029,129526810.33333333,102421062.75,24126821.0487281,False
2022-02-01,2022,2,1,202202,M,imports,KOR,South Korea,85,"Electrical machinery and equipment and parts thereof; sound recorders and reproducers; television image and sound recorders and reproducers, parts and accessories of such articles",100742423.0,,100742423.0,False,-0.2953402758016871,0.28037465194702493,117540529.0,104259432.33333333,22966096.280101746,False
2022-03-01,2022,3,1,202203,M,imports,KOR,South Korea,85,"Electrical machinery and equipment and parts thereof; sound recorders and reproducers; television image and sound recorders and reproducers, parts and accessories of such articles",169650062.0,,169650062.0,False,0.6839982298222071,0.7661703901460117,137786181.0,110392327.5,29479014.898640964,True
2022-04-01,2022,4,2,202204,M,imports,KOR,South Korea,85,"Electrical machinery and equipment and parts thereof; sound recorders and reproducers; television image and sound recorders and reproducers, parts and accessories of such articles",147965216.0,,147965216.0,False,-0.12782103197816697,0.31201917048162375,139452567.0,113324702.33333333,31423769.636080787,False
2022-05-01,2022,5,2,202205,M,imports,KOR,South Korea,85,"Electrical machinery and equipment and parts thereof; sound recorders and reproducers; television image and sound recorders and reproducers, parts and accessories of such articles",131945374.0,,131945374.0,False,-0.10826762149287839,0.29294447359891196,149853550.66666666,115815958.33333333,31633019.734142743,False
2022-06-01,2022,6,2,202206,M,imports,KOR,South Korea,85,"Electrical machinery and equipment and parts thereof; sound recorders and reproducers; television image and sound recorders and reproducers, parts and accessories of such articles",112485419.0,,112485419.0,False,-0.1474849356977077,0.2572252769864243,130798669.66666667,117733812.25,30570386.850469757,False
2022-07-01,2022,7,3,202207,M,imports,KOR,South Korea,85,"Electrical machinery and equipment and parts thereof; sound recorders and reproducers; television image and sound recorders and reproducers, parts and accessories of such articles",145764140.0,,145764140.0,False,0.2958491980191673,1.3022665325042735,130064977.66666667,124604713.83333333,26177075.357731666,False
2022-08-01,2022,8,3,202208,M,imports,KOR,South Korea,85,"Electrical machinery and equipment and parts thereof; sound recorders and reproducers; television image and sound recorders and reproducers, parts and accessories of such articles",176622992.0,,176622992.0,False,0.2117040034675195,0.3960976546099,144957517.0,128780636.66666667,30197284.45753163,False
2022-09-01,2022,9,3,202209,M,imports,KOR,South Korea,85,"Electrical machinery and equipment and parts thereof; sound recorders and reproducers; television image and sound recorders and reproducers, parts and accessories of such articles",135936146.0,,135936146.0,False,-0.23035985031892114,0.5719382177693169,152774426.0,132902251.0,27116529.570534285,False
2022-10-01,2022,10,4,202210,M,imports,KOR,South Korea,85,"Electrical machinery and equipment and parts thereof; sound recorders and reproducers; television image and sound recorders and reproducers, parts and accessories of such articles",162841278.0,,162841278.0,False,0.19792478153676663,0.9127461482881813,158466805.33333334,139377790.08333334,23740631.608531985,False
2022-11-01,2022,11,4,202211,M,imports,KOR,South Korea,85,"Electrical machinery and equipment and parts thereof; sound recorders and reproducers; television image and sound recorders and reproducers, parts and accessories of such articles",138200049.0,,138200049.0,False,-0.15132053311446003,0.01096392179013228,145659157.66666666,139502688.58333334,23729210.199308123,False
2022-12-01,2022,12,4,202212,M,imports,KOR,South Korea,85,"Electrical machinery and equipment and parts thereof; sound recorders and reproducers; television image and sound recorders and reproducers, parts and accessories of such articles",158277533.0,,158277533.0,False,0.14527841448160417,0.453245975741432,153106286.66666666,143616390.83333334,22171913.538077958,False
2023-01-01,2023,1,1,202301,M,imports,KOR,South Korea,85,"Electrical machinery and equipment and parts thereof; sound recorders and reproducers; television image and sound recorders and reproducers, parts and accessories of such articles",179578650.0,,179578650.0,False,0.1345807999168145,0.25609289723858786,158685410.66666666,146667440.16666666,24473892.539719727,False
2023-02-01,2023,2,1,202302,M,imports,KOR,South Korea,85,"Electrical machinery and equipment and parts thereof; sound recorders and reproducers; television image and sound recorders and reproducers, parts and accessories of such articles",171108054.0,,171108054.0,False,-0.047169282094502885,0.698470702853752,169654745.66666666,152531242.75,20591948.58203975,False
2023-03-01,2023,3,1,202303,M,imports,KOR,South Korea,85,"Electrical machinery and equipment and parts thereof; sound recorders and reproducers; television image and sound recorders and reproducers, parts and accessories of such articles",212583560.0,,212583560.0,False,0.2423936514408609,0.25307092431242384,187756754.66666666,156109034.25,26669580.118775897,True
2023-04-01,2023,4,2,202304,M,imports,KOR,South Korea,85,"Electrical machinery and equipment and parts thereof; sound recorders and reproducers; television image and sound recorders and reproducers, parts and accessories of such articles",100488415.0,,100488415.0,False,-0.5272992182462275,-0.3208646078007955,161393343.0,152152634.16666666,31135226.806861106,False
2023-05-01,2023,5,2,202305,M,imports,KOR,South Korea,85,"Electrical machinery and equipment and parts thereof; sound recorders and reproducers; television image and sound recorders and reproducers, parts and accessories of such articles",143822615.0,,143822615.0,False,0.4312357797662547,0.09001635025112731,152298196.66666666,153142404.25,30618957.21388192,False
2023-06-01,2023,6,2,202306,M,imports,KOR,South Korea,85,"Electrical machinery and equipment and parts thereof; sound recorders and reproducers; television image and sound recorders and reproducers, parts and accessories of such articles",103009011.0,,103009011.0,False,-0.28377737395471503,-0.08424565676374463,115773347.0,152352703.58333334,31859933.64848719,False
2023-07-01,2023,7,3,202307,M,imports,KOR,South Korea,85,"Electrical machinery and equipment and parts thereof; sound recorders and reproducers; television image and sound recorders and reproducers, parts and accessories of such articles",182655302.0,,182655302.0,False,0.7731973176599085,0.2530880503256836,143162309.33333334,155426967.08333334,32928344.022695743,False
2023-08-01,2023,8,3,202308,M,imports,KOR,South Korea,85,"Electrical machinery and equipment and parts thereof; sound recorders and reproducers; television image and sound recorders and reproducers, parts and accessories of such articles",124943123.0,,124943123.0,False,-0.3159622434611835,-0.29259989548812537,136869145.33333334,151120311.33333334,33281799.71325845,False
2023-09-01,2023,9,3,202309,M,imports,KOR,South Korea,85,"Electrical machinery and equipment and parts thereof; sound recorders and reproducers; television image and sound recorders and reproducers, parts and accessories of such articles",135847097.0,,135847097.0,False,0.0872715019297221,-0.0006550796283425475,147815174.0,151112890.58333334,33285502.78490011,False
2023-10-01,2023,10,4,202310,M,imports,KOR,South Korea,85,"Electrical machinery and equipment and parts thereof; sound recorders and reproducers; television image and sound recorders and reproducers, parts and accessories of such articles",113508374.0,,113508374.0,False,-0.16444019411029442,-0.30295085254734977,124766198.0,147001815.25,34720841.21754565,False
2023-11-01,2023,11,4,202311,M,imports,KOR,South Korea,85,"Electrical machinery and equipment and parts thereof; sound recorders and reproducers; television image and sound recorders and reproducers, parts and accessories of such articles",136785595.0,,136785595.0,False,0.20507051752851302,-0.010234829945682589,128713688.66666667,146883944.08333334,34755821.36606482,False
2023-12-01,2023,12,4,202312,M,imports,KOR,South Korea,85,"Electrical machinery and equipment and parts thereof; sound recorders and reproducers; television image and sound recorders and reproducers, parts and accessories of such articles",135902582.0,,135902582.0,False,-0.006455453149141865,-0.1413653004055857,128732183.66666667,145019364.83333334,34689132.28110603,False
2024-01-01,2024,1,1,202401,M,imports,KOR,South Korea,85,"Electrical machinery and equipment and parts thereof; sound recorders and reproducers; television image and sound recorders and reproducers, parts and accessories of such articles",134673405.0,,134673405.0,False,-0.009044544863761272,-0.2500589296110646,135787194.0,141277261.08333334,33003236.054155752,False
2024-02-01,2024,2,1,202402,M,imports,KOR,South Korea,85,"Electrical machinery and equipment and parts thereof; sound recorders and reproducers; television image and sound recorders and reproducers, parts and accessories of such articles",128617999.0,,128617999.0,False,-0.044963636287357556,-0.24832293984244602,133064662.0,137736423.16666666,31768022.519997574,False
2024-03-01,2024,3,1,202403,M,imports,KOR,South Korea,85,"Electrical machinery and equipment and parts thereof; sound recorders and reproducers; television image and sound recorders and reproducers, parts and accessories of such articles",355337111.0,,355337111.0,False,1.7627323839799436,0.6715173600442104,206209505.0,149632552.41666666,68191595.43184283,True
2024-04-01,2024,4,2,202404,M,imports,KOR,South Korea,85,"Electrical machinery and equipment and parts thereof; sound recorders and reproducers; television image and sound recorders and reproducers, parts and accessories of such articles",132495683.0,,132495683.0,False,-0.6271268074783216,0.31851699521780685,205483597.66666666,152299824.75,66704357.57437787,False
2024-05-01,2024,5,2,202405,M,imports,KOR,South Korea,85,"Electrical machinery and equipment and parts thereof; sound recorders and reproducers; television image and sound recorders and reproducers, parts and accessories of such articles",128905394.0,,128905394.0,False,-0.027097403618803195,-0.10371957845433422,205579396.0,151056723.0,67014976.07045207,False
2024-06-01,2024,6,2,202406,M,imports,KOR,South Korea,85,"Electrical machinery and equipment and parts thereof; sound recorders and reproducers; television image and sound recorders and reproducers, parts and accessories of such articles",154301103.0,,154301103.0,False,0.19701044472972162,0.4979379134122548,138567393.33333334,155331064.0,65285234.775277406,False
2024-07-01,2024,7,3,202407,M,imports,KOR,South Korea,85,"Electrical machinery and equipment and parts thereof; sound recorders and reproducers; television image and sound recorders and reproducers, parts and accessories of such articles",152736901.0,,152736901.0,False,-0.010137335181589768,-0.163797057476054,145314466.0,152837863.91666666,64715674.521020666,False
2024-08-01,2024,8,3,202408,M,imports,KOR,South Korea,85,"Electrical machinery and equipment and parts thereof; sound recorders and reproducers; television image and sound recorders and reproducers, parts and accessories of such articles",135197040.0,,135197040.0,False,-0.11483708838638806,0.08206867856184452,147411681.33333334,153692357.0,64380702.93349117,False
2024-09-01,2024,9,3,202409,M,imports,KOR,South Korea,85,"Electrical machinery and equipment and parts thereof; sound recorders and reproducers; television image and sound recorders and reproducers, parts and accessories of such articles",151594089.0,,151594089.0,False,0.12128260352445586,0.11591702986483399,146509343.33333334,155004606.33333334,64143949.94264714,False
2024-10-01,2024,10,4,202410,M,imports,KOR,South Korea,85,"Electrical machinery and equipment and parts thereof; sound recorders and reproducers; television image and sound recorders and reproducers, parts and accessories of such articles",119516071.0,,119516071.0,False,-0.2116046754303197,0.05292734613571337,135435733.33333334,155505247.75,63813222.19571692,False
2024-11-01,2024,11,4,202411,M,imports,KOR,South Korea,85,"Electrical machinery and equipment and parts thereof; sound recorders and reproducers; television image and sound recorders and reproducers, parts and accessories of such articles",175142502.0,,175142502.0,False,0.46543055285008483,0.28041627482776965,148750887.33333334,158701656.66666666,63750930.54069331,False
2024-12-01,2024,12,4,202412,M,imports,KOR,South Korea,85,"Electrical machinery and equipment and parts thereof; sound recorders and reproducers; television image and sound recorders and reproducers, parts and accessories of such articles",114149334.0,,114149334.0,False,-0.34824881055998613,-0.16006500891940378,136269302.33333334,156888886.0,64759464.44855956,False
2015-01-01,2015,1,1,201501,X,exports,MYS,Malaysia,85,"Electrical machinery and equipment and parts thereof; sound recorders and reproducers; television image and sound recorders and reproducers, parts and accessories of such articles",24079019.0,24079019.0,0.0,False,,,24079019.0,,,False
2015-02-01,2015,2,1,201502,X,exports,MYS,Malaysia,85,"Electrical machinery and equipment and parts thereof; sound recorders and reproducers; television image and sound recorders and reproducers, parts and accessories of such articles",20429395.0,20429395.0,0.0,False,-0.15156863325702763,,22254207.0,,,False
2015-03-01,2015,3,1,201503,X,exports,MYS,Malaysia,85,"Electrical machinery and equipment and parts thereof; sound recorders and reproducers; television image and sound recorders and reproducers, parts and accessories of such articles",29595305.0,29595305.0,0.0,False,0.44866282139045244,,24701239.666666668,,,False
2015-04-01,2015,4,2,201504,X,exports,MYS,Malaysia,85,"Electrical machinery and equipment and parts thereof; sound recorders and reproducers; television image and sound recorders and reproducers, parts and accessories of such articles",31686322.0,31686322.0,0.0,False,0.07065367293900171,,27237007.333333332,,,False
2015-05-01,2015,5,2,201505,X,exports,MYS,Malaysia,85,"Electrical machinery and equipment and parts thereof; sound recorders and reproducers; television image and sound recorders and reproducers, parts and accessories of such articles",29657103.0,29657103.0,0.0,False,-0.06404085018134953,,30312910.0,,,False
2015-06-01,2015,6,2,201506,X,exports,MYS,Malaysia,85,"Electrical machinery and equipment and parts thereof; sound recorders and reproducers; television image and sound recorders and reproducers, parts and accessories of such articles",30246258.0,30246258.0,0.0,False,0.019865561380017382,,30529894.333333332,27615567.0,4375546.890740264,False
2015-07-01,2015,7,3,201507,X,exports,MYS,Malaysia,85,"Electrical machinery and equipment and parts thereof; sound recorders and reproducers; television image and sound recorders and reproducers, parts and accessories of such articles",22803084.0,22803084.0,0.0,False,-0.24608578026412387,,27568815.0,26928069.42857143,4388972.454071335,False
2015-08-01,2015,8,3,201508,X,exports,MYS,Malaysia,85,"Electrical machinery and equipment and parts thereof; sound recorders and reproducers; television image and sound recorders and reproducers, parts and accessories of such articles",24495043.0,24495043.0,0.0,False,0.07419869172082172,,25848128.333333332,26623941.125,4153451.9312674105,False
2015-09-01,2015,9,3,201509,X,exports,MYS,Malaysia,85,"Electrical machinery and equipment and parts thereof; sound recorders and reproducers; television image and sound recorders and reproducers, parts and accessories of such articles",27497825.369,27497825.369,0.0,False,0.12258734834635732,,24931984.123,26721039.374333333,3896103.208000622,False
2015-10-01,2015,10,4,201510,X,exports,MYS,Malaysia,85,"Electrical machinery and equipment and parts thereof; sound recorders and reproducers; television image and sound recorders and reproducers, parts and accessories of such articles",26629456.11,26629456.11,0.0,False,-0.031579561196099726,,26207441.493,26711881.0479,3673395.4986272925,False
2015-11-01,2015,11,4,201511,X,exports,MYS,Malaysia,85,"Electrical machinery and equipment and parts thereof; sound recorders and reproducers; television image and sound recorders and reproducers, parts and accessories of such articles",25760711.13,25760711.13,0.0,False,-0.032623459390662024,,26629330.869666666,26625411.055363633,3496669.6578463563,False
2015-12-01,2015,12,4,201512,X,exports,MYS,Malaysia,85,"Electrical machinery and equipment and parts thereof; sound recorders and reproducers; television image and sound recorders and reproducers, parts and accessories of such articles",23560246.24,23560246.24,0.0,False,-0.08541941559359434,,25316804.49333333,26369980.65408333,3449364.711305523,False
2016-01-01,2016,1,1,201601,X,exports,MYS,Malaysia,85,"Electrical machinery and equipment and parts thereof; sound recorders and reproducers; television image and sound recorders and reproducers, parts and accessories of such articles",28486831.312,28486831.312,0.0,False,0.20910583963404283,0.1830561416144072,25935929.560666665,26737298.346750002,3417771.3363972963,False
2016-02-01,2016,2,1,201602,X,exports,MYS,Malaysia,85,"Electrical machinery and equipment and parts thereof; sound recorders and reproducers; television image and sound recorders and reproducers, parts and accessories of such articles",24033217.374,24033217.374,0.0,False,-0.1563393937789046,0.17640377377793137,25360098.308666665,27037616.877916664,2937730.7974352036,False
2016-03-01,2016,3,1,201603,X,exports,MYS,Malaysia,85,"Electrical machinery and equipment and parts thereof; sound recorders and reproducers; television image and sound recorders and reproducers, parts and accessories of such articles",26602582.24,26602582.24,0.0,False,0.10690890137662667,-0.10112153802773793,26374210.308666665,26788223.31458333,2825758.2318467763,False
2016-04-01,2016,4,2,201604,X,exports,MYS,Malaysia,85,"Electrical machinery and equipment and parts thereof; sound recorders and reproducers; television image and sound recorders and reproducers, parts and accessories of such articles",25390184.618,25390184.618,0.0,False,-0.04557443375466841,-0.19870205768911897,25341994.744,26263545.199416667,2383536.36057461,False
2016-05-01,2016,5,2,201605,X,exports,MYS,Malaysia,85,"Electrical machinery and equipment and parts thereof; sound recorders and reproducers; television image and sound recorders and reproducers, parts and accessories of such articles",29498883.157,29498883.157,0.0,False,0.16182231838074945,-0.0053349729742652174,27163883.338333335,26250360.212500002,2363410.333151371,False
2016-06-01,2016,6,2,201606,X,exports,MYS,Malaysia,85,"Electrical machinery and equipment and parts thereof; sound recorders and reproducers; television image and sound recorders and reproducers, parts and accessories of such articles",32603164.544,32603164.544,0.0,False,0.10523386158310744,0.07792390529764037,29164077.43966667,26446769.091166664,2785853.8564759637,True
2016-07-01,2016,7,3,201607,X,exports,MYS,Malaysia,85,"Electrical machinery and equipment and parts thereof; sound recorders and reproducers; television image and sound recorders and reproducers, parts and accessories of such articles",26380795.596,26380795.596,0.0,False,-0.19085168679262787,0.15689595302109138,29494281.099000003,26744911.724166665,2541152.957887605,False
2016-08-01,2016,8,3,201608,X,exports,MYS,Malaysia,85,"Electrical machinery and equipment and parts thereof; sound recorders and reproducers; television image and sound recorders and reproducers, parts and accessories of such articles",31138357.452,31138357.452,0.0,False,0.18034186416733267,0.27121056501105145,30040772.530666668,27298521.261833336,2723545.412513851,False
2016-09-01,2016,9,3,201609,X,exports,MYS,Malaysia,85,"Electrical machinery and equipment and parts thereof; sound recorders and reproducers; television image and sound recorders and reproducers, parts and accessories of such articles",35492025.368,35492025.368,0.0,False,0.13981687771139528,0.29072117128259745,31003726.13866667,27964704.59508333,3610123.1452543554,True
2016-10-01,2016,10,4,201610,X,exports,MYS,Malaysia,85,"Electrical machinery and equipment and parts thereof; sound recorders and reproducers; television image and sound recorders and reproducers, parts and accessories of such articles",31397644.49,31397644.49,0.0,False,-0.11536058693600337,0.17905691953691205,32676009.103333335,28362053.626750004,3710800.368610879,False
2016-11-01,2016,11,4,201611,X,exports,MYS,Malaysia,85,"Electrical machinery and equipment and parts thereof; sound recorders and reproducers; television image and sound recorders and reproducers, parts and accessories of such articles",32468219.585,32468219.585,0.0,False,0.03409730610017503,0.2603774570178181,33119296.481000002,28921012.664666668,3787717.311509278,False
2016-12-01,2016,12,4,201612,X,exports,MYS,Malaysia,85,"Electrical machinery and equipment and parts thereof; sound recorders and reproducers; television image and sound recorders and reproducers, parts and accessories of such articles",34044578.562,34044578.562,0.0,False,0.04855082899982177,0.4450009654058693,32636814.212333333,29794707.024833336,3645268.8587165694,False
2017-01-01,2017,1,1,201701,X,exports,MYS,Malaysia,85,"Electrical machinery and equipment and parts thereof; sound recorders and reproducers; television image and sound recorders and reproducers, parts and accessories of such articles",31744133.25,31744133.25,0.0,False,-0.06757156085250293,0.11434412983053943,32752310.465666667,30066148.853,3660270.6222581095,False
2017-02-01,2017,2,1,201702,X,exports,MYS,Malaysia,85,"Electrical machinery and equipment and parts thereof; sound recorders and reproducers; television image and sound recorders and reproducers, parts and accessories of such articles",29139957.27,29139957.27,0.0,False,-0.08203644936501775,0.21248673519362637,31642889.693999995,30491710.510999996,3157411.5870558186,False
2017-03-01,2017,3,1,201703,X,exports,MYS,Malaysia,85,"Electrical machinery and equipment and parts thereof; sound recorders and reproducers; television image and sound recorders and reproducers, parts and accessories of such articles",44222274.07,44222274.07,0.0,False,0.5175819806547026,0.6623301328811155,35035454.86333334,31960018.1635,4835415.332556846,True
2017-04-01,2017,4,2,201704,X,exports,MYS,Malaysia,85,"Electrical machinery and equipment and parts thereof; sound recorders and reproducers; television image and sound recorders and reproducers, parts and accessories of such articles",26357132.14,26357132.14,,False,-0.40398514788545337,0.03808351678209121,33239787.826666668,32040597.123666663,4722724.167377824,False
2017-05-01,2017,5,2,201705,X,exports,MYS,Malaysia,85,"Electrical machinery and equipment and parts thereof; sound recorders and reproducers; television image and sound recorders and reproducers, parts and accessories of such articles",34311267.54,34311267.54,0.0,False,0.30178303761389413,0.16313785024969785,34963557.916666664,32441629.155583333,4691492.039622601,False
2017-06-01,2017,6,2,201706,X,exports,MYS,Malaysia,85,"Electrical machinery and equipment and parts thereof; sound recorders and reproducers; television image and sound recorders and reproducers, parts and accessories of such articles",27072615.14,27072615.14,,False,-0.21097012494689082,-0.16963228819509768,29247004.939999998,31980750.038583335,4939289.38786877,False
2017-07-01,2017,7,3,201707,X,exports,MYS,Malaysia,85,"Electrical machinery and equipment and parts thereof; sound recorders and reproducers; television image and sound recorders and reproducers, parts and accessories of such articles",31223244.65,31223244.65,0.0,False,0.15331468676136173,0.1835596290634327,30869042.44333333,32384287.45975,4628200.037709392,False
2017-08-01,2017,8,3,201708,X,exports,MYS,Malaysia,85,"Electrical machinery and equipment and parts thereof; sound recorders and reproducers; television image and sound recorders and reproducers, parts and accessories of such articles",35986635.18,35986635.18,0.0,False,0.15255911367942998,0.15570113919700668,31427498.323333334,32788310.60375,4720249.825652644,False
2017-09-01,2017,9,3,201709,X,exports,MYS,Malaysia,85,"Electrical machinery and equipment and parts thereof; sound recorders and reproducers; television image and sound recorders and reproducers, parts and accessories of such articles",33020571.03,33020571.03,0.0,False,-0.08242126931746108,-0.0696340744822157,33410150.286666665,32582356.075583335,4644872.116347252,False
2017-10-01,2017,10,4,201710,X,exports,MYS,Malaysia,85,"Electrical machinery and equipment and parts thereof; sound recorders and reproducers; television image and sound recorders and reproducers, parts and accessories of such articles",32034785.8,32034785.8,0.0,False,-0.02985366997755401,0.020292646800396996,33680664.00333334,32635451.184750002,4633726.846107394,False
2017-11-01,2017,11,4,201711,X,exports,MYS,Malaysia,85,"Electrical machinery and equipment and parts thereof; sound recorders and reproducers; television image and sound recorders and reproducers, parts and accessories of such articles",26757905.02,26757905.02,0.0,False,-0.1647234607075163,-0.17587396654290555,30604420.616666663,32159591.63766667,4935823.99988187,False
2017-12-01,2017,12,4,201712,X,exports,MYS,Malaysia,85,"Electrical machinery and equipment and parts thereof; sound recorders and reproducers; television image and sound recorders and reproducers, parts and accessories of such articles",22528770.16,22528770.16,0.0,False,-0.15805179280063086,-0.33825674713605514,27107153.66,31199940.9375,5609523.858984841,False
2018-01-01,2018,1,1,201801,X,exports,MYS,Malaysia,85,"Electrical machinery and equipment and parts thereof; sound recorders and reproducers; television image and sound recorders and reproducers, parts and accessories of such articles",28348008.66,28348008.66,0.0,False,0.2583025375407355,-0.10698432252832102,25878227.94666667,30916930.554999996,5664968.675938036,False
2018-02-01,2018,2,1,201802,X,exports,MYS,Malaysia,85,"Electrical machinery and equipment and parts thereof; sound recorders and reproducers; television image and sound recorders and reproducers, parts and accessories of such articles",21407874.43,21407874.43,0.0,False,-0.2448191092798968,-0.26534297110861893,24094884.416666668,30272590.31833333,6290635.127196438,False
2018-03-01,2018,3,1,201803,X,exports,MYS,Malaysia,85,"Electrical machinery and equipment and parts thereof; sound recorders and reproducers; television image and sound recorders and reproducers, parts and accessories of such articles",31392458.53,31392458.53,0.0,False,0.4663977328831894,-0.2901211167858876,27049447.206666667,29203439.023333337,4555081.153647706,False
2018-04-01,2018,4,2,201804,X,exports,MYS,Malaysia,85,"Electrical machinery and equipment and parts thereof; sound recorders and reproducers; television image and sound recorders and reproducers, parts and accessories of such articles",24451722.26,24451722.26,0.0,False,-0.22109565784301755,-0.07229200316176732,25750685.073333334,29044654.866666663,4694399.060228474,False
2018-05-01,2018,5,2,201805,X,exports,MYS,Malaysia,85,"Electrical machinery and equipment and parts thereof; sound recorders and reproducers; television image and sound recorders and reproducers, parts and accessories of such articles",31156637.94,31156637.94,0.0,False,0.2742103647630749,-0.09194150569699411,29000272.91,28781769.066666666,4454876.429552895,False
2018-06-01,2018,6,2,201806,X,exports,MYS,Malaysia,85,"Electrical machinery and equipment and parts thereof; sound recorders and reproducers; television image and sound recorders and reproducers, parts and accessories of such articles",22618302.88,22618302.88,0.0,False,-0.27404545626658205,-0.1645320275475981,26075554.36,28410576.378333334,4783673.599528859,False
2018-07-01,2018,7,3,201807,X,exports,MYS,Malaysia,85,"Electrical machinery and equipment and parts thereof; sound recorders and reproducers; television image and sound recorders and reproducers, parts and accessories of such articles",34745479.62,34745479.62,0.0,False,0.5361665198463377,0.11280810208813441,29506806.813333333,28704095.959166665,5071353.732826363,False
2018-08-01,2018,8,3,201808,X,exports,MYS,Malaysia,85,"Electrical machinery and equipment and parts thereof; sound recorders and reproducers; television image and sound recorders and reproducers, parts and accessories of such articles",37700340.13,37700340.13,0.0,False,0.08504301976304118,0.047620594185266096,31688040.876666665,28846904.705,5313423.952949992,False
2018-09-01,2018,9,3,201809,X,exports,MYS,Malaysia,85,"Electrical machinery and equipment and parts thereof; sound recorders and reproducers; television image and sound recorders and reproducers, parts and accessories of such articles",29866981.61,29866981.61,0.0,False,-0.20777951851332543,-0.09550378208586663,34104267.120000005,28584105.58666667,5164120.279936132,False
2018-10-01,2018,10,4,201810,X,exports,MYS,Malaysia,85,"Electrical machinery and equipment and parts thereof; sound recorders and reproducers; television image and sound recorders and reproducers, parts and accessories of such articles",37183808.09,37183808.09,0.0,False,0.2449804461509495,0.1607322215964373,34917043.27666667,29013190.7775,5666390.874119575,False
2018-11-01,2018,11,4,201811,X,exports,MYS,Malaysia,85,"Electrical machinery and equipment and parts thereof; sound recorders and reproducers; television image and sound recorders and reproducers, parts and accessories of such articles",37690390.18,37690390.18,0.0,False,0.013623728069321439,0.40857029546328816,34913726.626666665,29924231.2075,6130663.471161624,False
2018-12-01,2018,12,4,201812,X,exports,MYS,Malaysia,85,"Electrical machinery and equipment and parts thereof; sound recorders and reproducers; television image and sound recorders and reproducers, parts and accessories of such articles",34032737.81,34032737.81,0.0,False,-0.09704469368801838,0.5106345161452879,36302312.02666667,30882895.17833333,5757160.9453160735,False
2019-01-01,2019,1,1,201901,X,exports,MYS,Malaysia,85,"Electrical machinery and equipment and parts thereof; sound recorders and reproducers; television image and sound recorders and reproducers, parts and accessories of such articles",34205838.411,34205838.411,0.0,False,0.005086296670176571,0.2066399026914929,35309655.467,31371047.657583337,5771014.654789298,False
2019-02-01,2019,2,1,201902,X,exports,MYS,Malaysia,85,"Electrical machinery and equipment and parts thereof; sound recorders and reproducers; television image and sound recorders and reproducers, parts and accessories of such articles",33598002.422,33598002.422,0.0,False,-0.01776994855955738,0.5694226221225083,33945526.21433333,32386891.656916667,4858562.7316566035,False
2019-03-01,2019,3,1,201903,X,exports,MYS,Malaysia,85,"Electrical machinery and equipment and parts thereof; sound recorders and reproducers; television image and sound recorders and reproducers, parts and accessories of such articles",18299716.759,18299716.759,0.0,False,-0.4553331912668317,-0.417066467046154,28701185.864000004,31295829.842666667,6344908.902292363,True
2019-04-01,2019,4,2,201904,X,exports,MYS,Malaysia,85,"Electrical machinery and equipment and parts thereof; sound recorders and reproducers; television image and sound recorders and reproducers, parts and accessories of such articles",34672352.618,34672352.618,0.0,False,0.8946934028882039,0.41799224812559266,28856690.599666666,32147549.03916667,6020348.443066516,False
2019-05-01,2019,5,2,201905,X,exports,MYS,Malaysia,85,"Electrical machinery and equipment and parts thereof; sound recorders and reproducers; television image and sound recorders and reproducers, parts and accessories of such articles",41106372.735,41106372.735,0.0,False,0.1855662979632886,0.3193455858157974,31359480.704,32976693.605416667,6534658.631975269,False
2019-06-01,2019,6,2,201906,X,exports,MYS,Malaysia,85,"Electrical machinery and equipment and parts thereof; sound recorders and reproducers; television image and sound recorders and reproducers, parts and accessories of such articles",32020754.088,32020754.088,0.0,False,-0.2210270097430429,0.41570100364665374,35933159.813666664,33760231.206083335,5688663.253121763,False
2019-07-01,2019,7,3,201907,X,exports,MYS,Malaysia,85,"Electrical machinery and equipment and parts thereof; sound recorders and reproducers; television image and sound recorders and reproducers, parts and accessories of such articles",69032171.705,69032171.705,0.0,False,1.1558571517486618,0.9867957633620947,47386432.84266666,36617455.5465,11681936.664728291,True
2019-08-01,2019,8,3,201908,X,exports,MYS,Malaysia,85,"Electrical machinery and equipment and parts thereof; sound recorders and reproducers; television image and sound recorders and reproducers, parts and accessories of such articles",21012421.642,21012421.642,0.0,False,-0.6956140720620256,-0.44264636420934067,40688449.145,35226795.6725,12505567.168060223,False
2019-09-01,2019,9,3,201909,X,exports,MYS,Malaysia,85,"Electrical machinery and equipment and parts thereof; sound recorders and reproducers; television image and sound recorders and reproducers, parts and accessories of such articles",16479204.164,16479204.164,0.0,False,-0.21573988735020078,-0.44824675023463134,35507932.50366667,34111147.552,13578357.927174974,False
2019-10-01,2019,10,4,201910,X,exports,MYS,Malaysia,85,"Electrical machinery and equipment and parts thereof; sound recorders and reproducers; television image and sound recorders and reproducers, parts and accessories of such articles",31497766.197,31497766.197,0.0,False,0.9113645224330142,-0.15291714821777957,22996464.001000002,33637310.727583334,13560584.95411017,False
2019-11-01,2019,11,4,201911,X,exports,MYS,Malaysia,85,"Electrical machinery and equipment and parts thereof; sound recorders and reproducers; television image and sound recorders and reproducers, parts and accessories of such articles",40524404.517,40524404.517,0.0,False,0.2865802693290591,0.0751919606951652,29500458.292666662,33873478.589,13661889.300949745,False
2019-12-01,2019,12,4,201912,X,exports,MYS,Malaysia,85,"Electrical machinery and equipment and parts thereof; sound recorders and reproducers; television image and sound recorders and reproducers, parts and accessories of such articles",24709207.921,24709207.921,0.0,False,-0.39026351613298893,-0.2739576798390997,32243792.87833333,33096517.76491667,13914785.75243035,False
2020-01-01,2020,1,1,202001,X,exports,MYS,Malaysia,85,"Electrical machinery and equipment and parts thereof; sound recorders and reproducers; television image and sound recorders and reproducers, parts and accessories of such articles",28414566.911,28414566.911,0.0,False,0.14995863088152128,-0.16930652102179222,31216059.782999996,32613911.80658333,13973120.485960515,False
2020-02-01,2020,2,1,202002,X,exports,MYS,Malaysia,85,"Electrical machinery and equipment and parts thereof; sound recorders and reproducers; television image and sound recorders and reproducers, parts and accessories of such articles",21365834.159,21365834.159,0.0,False,-0.2480675765384006,-0.36407427171891515,24829869.663666666,31594564.451333333,14336257.421230696,False
2020-03-01,2020,3,1,202003,X,exports,MYS,Malaysia,85,"Electrical machinery and equipment and parts thereof; sound recorders and reproducers; television image and sound recorders and reproducers, parts and accessories of such articles",24665424.301,24665424.301,0.0,False,0.15443301288614086,0.34785825517595925,24815275.123666663,32125040.079833332,13911062.310514363,False
2020-04-01,2020,4,2,202004,X,exports,MYS,Malaysia,85,"Electrical machinery and equipment and parts thereof; sound recorders and reproducers; television image and sound recorders and reproducers, parts and accessories of such articles",12745626.488,12745626.488,0.0,False,-0.48325938640012533,-0.6323979907442692,19592294.982666668,30297812.902333334,14947489.788574852,False
2020-05-01,2020,5,2,202005,X,exports,MYS,Malaysia,85,"Electrical machinery and equipment and parts thereof; sound recorders and reproducers; television image and sound recorders and reproducers, parts and accessories of such articles",11049538.094,11049538.094,0.0,False,-0.1330721872005951,-0.7311964700648015,16153529.627666667,27793076.682250004,15480452.882233191,False
2020-06-01,2020,6,2,202006,X,exports,MYS,Malaysia,85,"Electrical machinery and equipment and parts thereof; sound recorders and reproducers; television image and sound recorders and reproducers, parts and accessories of such articles",39586516.033,39586516.033,0.0,False,2.582639898268312,0.23627681984651705,21127226.871666666,28423556.844333336,15818661.38597305,False
2020-07-01,2020,7,3,202007,X,exports,MYS,Malaysia,85,"Electrical machinery and equipment and parts thereof; sound recorders and reproducers; television image and sound recorders and reproducers, parts and accessories of such articles",40671846.714,40671846.714,0.0,False,0.027416675923065625,-0.4108276516664455,30435966.947,26060196.42841667,10385592.567888474,False
2020-08-01,2020,8,3,202008,X,exports,MYS,Malaysia,85,"Electrical machinery and equipment and parts thereof; sound recorders and reproducers; television image and sound recorders and reproducers, parts and accessories of such articles",36342516.101,36342516.101,0.0,False,-0.10644539067634129,0.729572950713969,38866959.616000004,27337704.3,10647780.878744407,False
2020-09-01,2020,9,3,202009,X,exports,MYS,Malaysia,85,"Electrical machinery and equipment and parts thereof; sound recorders and reproducers; television image and sound recorders and reproducers, parts and accessories of such articles",35436485.182,35436485.182,0.0,False,-0.02493032998821665,1.1503760029512549,37483615.999000005,28917477.718166664,10290607.509222312,False
2020-10-01,2020,10,4,202010,X,exports,MYS,Malaysia,85,"Electrical machinery and equipment and parts thereof; sound recorders and reproducers; television image and sound recorders and reproducers, parts and accessories of such articles",43152670.261,43152670.261,0.0,False,0.21774690800653818,0.37002319437846576,38310557.18133333,29888719.7235,11076288.013343638,False
2020-11-01,2020,11,4,202011,X,exports,MYS,Malaysia,85,"Electrical machinery and equipment and parts thereof; sound recorders and reproducers; television image and sound recorders and reproducers, parts and accessories of such articles",32553196.144,32553196.144,0.0,False,-0.24562730539944044,-0.1967014313475247,37047450.52899999,29224452.359083336,10609654.041534334,False
2020-12-01,2020,12,4,202012,X,exports,MYS,Malaysia,85,"Electrical machinery and equipment and parts thereof; sound recorders and reproducers; television image and sound recorders and reproducers, parts and accessories of such articles",32783308.245,32783308.245,0.0,False,0.007068802091877213,0.3267648380237207,36163058.21666667,29897294.052749995,10553145.930073736,False
2021-01-01,2021,1,1,202101,X,exports,MYS,Malaysia,85,"Electrical machinery and equipment and parts thereof; sound recorders and reproducers; television image and sound recorders and reproducers, parts and accessories of such articles",24694226.167,24694226.167,,False,-0.24674392277764468,-0.13093075659582765,30010243.518666666,29587265.65741667,10654823.080360606,False
2021-02-01,2021,2,1,202102,X,exports,MYS,Malaysia,85,"Electrical machinery and equipment and parts thereof; sound recorders and reproducers; television image and sound recorders and reproducers, parts and accessories of such articles",21826553.964,21826553.964,,False,-0.11612723490935695,0.02156338954853898,26434696.125333335,29625658.9745,10623288.418954635,False
2021-03-01,2021,3,1,202103,X,exports,MYS,Malaysia,85,"Electrical machinery and equipment and parts thereof; sound recorders and reproducers; television image and sound recorders and reproducers, parts and accessories of such articles",29541232.304,29541232.304,,False,0.35345379544220923,0.19767784829074775,25354004.145,30031976.30808333,10508952.459234284,False
2021-04-01,2021,4,2,202104,X,exports,MYS,Malaysia,85,"Electrical machinery and equipment and parts thereof; sound recorders and reproducers; television image and sound recorders and reproducers, parts and accessories of such articles",27460898.94,27460898.94,,False,-0.07042134676684808,1.1545350450881657,26276228.40266667,31258249.012416672,9068258.886109626,False
2021-05-01,2021,5,2,202105,X,exports,MYS,Malaysia,85,"Electrical machinery and equipment and parts thereof; sound recorders and reproducers; television image and sound recorders and reproducers, parts and accessories of such articles",27689859.922,27689859.922,,False,0.008337708918424669,1.5059744295588104,28230663.722000003,32644942.498083334,6645797.64224769,False
2021-06-01,2021,6,2,202106,X,exports,MYS,Malaysia,85,"Electrical machinery and equipment and parts thereof; sound recorders and reproducers; television image and sound recorders and reproducers, parts and accessories of such articles",27439533.584,27439533.584,,False,-0.009040361298509603,-0.3068464635502166,27530097.481999997,31632693.960666668,6413394.810316152,False
2021-07-01,2021,7,3,202107,X,exports,MYS,Malaysia,85,"Electrical machinery and equipment and parts thereof; sound recorders and reproducers; television image and sound recorders and reproducers, parts and accessories of such articles",23486160.289,23486160.289,,False,-0.14407581976193684,-0.42254502348634126,26205184.598333333,30200553.425249998,6123690.013012767,False
2021-08-01,2021,8,3,202108,X,exports,MYS,Malaysia,85,"Electrical machinery and equipment and parts thereof; sound recorders and reproducers; television image and sound recorders and reproducers, parts and accessories of such articles",20366643.494,20366643.494,,False,-0.1328236185316789,-0.43959181479348397,23764112.455666665,28869230.708,6397502.424783627,False
2021-09-01,2021,9,3,202109,X,exports,MYS,Malaysia,85,"Electrical machinery and equipment and parts thereof; sound recorders and reproducers; television image and sound recorders and reproducers, parts and accessories of such articles",23347126.069,23347126.069,,False,0.14634137313190787,-0.34115570579050547,22399976.617333334,27861784.115250003,6218694.94272279,False
2021-10-01,2021,10,4,202110,X,exports,MYS,Malaysia,85,"Electrical machinery and equipment and parts thereof; sound recorders and reproducers; television image and sound recorders and reproducers, parts and accessories of such articles",19906739.718,19906739.718,,False,-0.1473580234600309,-0.5386904310301495,21206836.426999997,25924623.23666667,4367589.92937411,False
2021-11-01,2021,11,4,202111,X,exports,MYS,Malaysia,85,"Electrical machinery and equipment and parts thereof; sound recorders and reproducers; television image and sound recorders and reproducers, parts and accessories of such articles",26463198.199,26463198.199,,False,0.32935872844469594,-0.18707834149558522,23239021.32866667,25417123.407916665,3850568.6828041784,False
2021-12-01,2021,12,4,202112,X,exports,MYS,Malaysia,85,"Electrical machinery and equipment and parts thereof; sound recorders and reproducers; television image and sound recorders and reproducers, parts and accessories of such articles",25587014.484,25587014.484,,False,-0.033109517164599866,-0.21951090802733597,23985650.800333332,24817432.261166666,3082919.237238511,False
2022-01-01,2022,1,1,202201,X,exports,MYS,Malaysia,85,"Electrical machinery and equipment and parts thereof; sound recorders and reproducers; television image and sound recorders and reproducers, parts and accessories of such articles",22411551.212,22411551.212,,False,-0.12410448565563093,-0.0924375981479606,24820587.965000004,24627209.34825,3160655.398929522,False
2022-02-01,2022,2,1,202202,X,exports,MYS,Malaysia,85,"Electrical machinery and equipment and parts thereof; sound recorders and reproducers; television image and sound recorders and reproducers, parts and accessories of such articles",19825224.196,19825224.196,,False,-0.11540151734857085,-0.09169242984031878,22607929.964,24460431.867583334,3367880.1282789214,False
2022-03-01,2022,3,1,202203,X,exports,MYS,Malaysia,85,"Electrical machinery and equipment and parts thereof; sound recorders and reproducers; television image and sound recorders and reproducers, parts and accessories of such articles",23493060.268,23493060.268,,False,0.18500855454335974,-0.20473661943957078,21909945.225333333,23956417.53125,2967118.1528892033,False
2022-04-01,2022,4,2,202204,X,exports,MYS,Malaysia,85,"Electrical machinery and equipment and parts thereof; sound recorders and reproducers; television image and sound recorders and reproducers, parts and accessories of such articles",48105822.648,48105822.648,,False,1.047660973037436,0.7517934410343816,30474702.370666668,25676827.84025,7581294.740934459,True
2022-05-01,2022,5,2,202205,X,exports,MYS,Malaysia,85,"Electrical machinery and equipment and parts thereof; sound recorders and reproducers; television image and sound recorders and reproducers, parts and accessories of such articles",21096885.07,21096885.07,,False,-0.561448408763942,-0.23810069355973096,30898589.32866667,25127413.26925,7660629.161230288,False
2022-06-01,2022,6,2,202206,X,exports,MYS,Malaysia,85,"Electrical machinery and equipment and parts thereof; sound recorders and reproducers; television image and sound recorders and reproducers, parts and accessories of such articles",33448500.275,33448500.275,,False,0.5854710382133204,0.21898938889048147,34217069.331,25628160.493499998,8013756.61438767,False
2022-07-01,2022,7,3,202207,X,exports,MYS,Malaysia,85,"Electrical machinery and equipment and parts thereof; sound recorders and reproducers; television image and sound recorders and reproducers, parts and accessories of such articles",24037367.451,24037367.451,,False,-0.2813618771133378,0.02346944563169684,26194250.932,25674094.423666667,8001933.768202903,False
2022-08-01,2022,8,3,202208,X,exports,MYS,Malaysia,85,"Electrical machinery and equipment and parts thereof; sound recorders and reproducers; television image and sound recorders and reproducers, parts and accessories of such articles",37262039.51,37262039.51,,False,0.550171398176543,0.8295621230360011,31582635.745333333,27082044.09166667,8456648.557519514,False
2022-09-01,2022,9,3,202209,X,exports,MYS,Malaysia,85,"Electrical machinery and equipment and parts thereof; sound recorders and reproducers; television image and sound recorders and reproducers, parts and accessories of such articles",44099156.115,44099156.115,,False,0.18348744982585097,0.8888473032899014,35132854.358666666,28811379.928833336,9659706.436370779,False
2022-10-01,2022,10,4,202210,X,exports,MYS,Malaysia,85,"Electrical machinery and equipment and parts thereof; sound recorders and reproducers; television image and sound recorders and reproducers, parts and accessories of such articles",40792238.999,40792238.999,,False,-0.07498821762884444,1.049167245710004,40717811.541333325,30551838.202250004,9790102.792487761,False
2022-11-01,2022,11,4,202211,X,exports,MYS,Malaysia,85,"Electrical machinery and equipment and parts thereof; sound recorders and reproducers; television image and sound recorders and reproducers, parts and accessories of such articles",57527741.473,57527741.473,,False,0.4102619244413199,1.173877134592669,47473045.52900001,33140550.141750004,12376195.867619155,False
2022-12-01,2022,12,4,202212,X,exports,MYS,Malaysia,85,"Electrical machinery and equipment and parts thereof; sound recorders and reproducers; television image and sound recorders and reproducers, parts and accessories of such articles",38154246.326,38154246.326,,False,-0.33676787321978796,0.49115663141780375,45491408.93266666,34187819.46191666,12209506.124469059,False
2023-01-01,2023,1,1,202301,X,exports,MYS,Malaysia,85,"Electrical machinery and equipment and parts thereof; sound recorders and reproducers; television image and sound recorders and reproducers, parts and accessories of such articles",45918477.592,45918477.592,,False,0.20349586254857055,1.0488754730825365,47200155.130333334,36146729.99358333,12032804.851193335,False
2023-02-01,2023,2,1,202302,X,exports,MYS,Malaysia,85,"Electrical machinery and equipment and parts thereof; sound recorders and reproducers; television image and sound recorders and reproducers, parts and accessories of such articles",28204479.462,28204479.462,,False,-0.38577058863741953,0.4226562677505876,37425734.46,36845001.26575,11214881.011922631,False
2023-03-01,2023,3,1,202303,X,exports,MYS,Malaysia,85,"Electrical machinery and equipment and parts thereof; sound recorders and reproducers; television image and sound recorders and reproducers, parts and accessories of such articles",46485948.155,46485948.155,,False,0.6481760713801044,0.9787097817272752,40202968.403,38761075.25633333,10677617.078784576,False
2023-04-01,2023,4,2,202304,X,exports,MYS,Malaysia,85,"Electrical machinery and equipment and parts thereof; sound recorders and reproducers; television image and sound recorders and reproducers, parts and accessories of such articles",26064277.211,26064277.211,,False,-0.43930847394802375,-0.4581887227723437,33584901.60933333,36924279.80325,10818860.373713464,False
2023-05-01,2023,5,2,202305,X,exports,MYS,Malaysia,85,"Electrical machinery and equipment and parts thereof; sound recorders and reproducers; television image and sound recorders and reproducers, parts and accessories of such articles",32977581.166,32977581.166,,False,0.26524057809216184,0.5631493017371783,35175935.51066667,37914337.81125,9727339.94015968,False
2023-06-01,2023,6,2,202306,X,exports,MYS,Malaysia,85,"Electrical machinery and equipment and parts thereof; sound recorders and reproducers; television image and sound recorders and reproducers, parts and accessories of such articles",31198247.216,31198247.216,,False,-0.05395586598796709,-0.06727515555254593,30080035.197666664,37726816.723,9842268.601693263,False
2023-07-01,2023,7,3,202307,X,exports,MYS,Malaysia,85,"Electrical machinery and equipment and parts thereof; sound recorders and reproducers; television image and sound recorders and reproducers, parts and accessories of such articles",30209175.489,30209175.489,,False,-0.03170279792169717,0.2567589005152575,31461667.957000002,38241134.0595,9202333.715805858,False
2023-08-01,2023,8,3,202308,X,exports,MYS,Malaysia,85,"Electrical machinery and equipment and parts thereof; sound recorders and reproducers; television image and sound recorders and reproducers, parts and accessories of such articles",37009708.119,37009708.119,,False,0.22511480435724796,-0.006771808369004484,32805710.274666667,38220106.44358333,9205062.252370268,False
2023-09-01,2023,9,3,202309,X,exports,MYS,Malaysia,85,"Electrical machinery and equipment and parts thereof; sound recorders and reproducers; television image and sound recorders and reproducers, parts and accessories of such articles",44002407.817,44002407.817,,False,0.18894230874547469,-0.0021938809383948987,37073763.80833334,38212044.08541667,9199485.587815782,False
2023-10-01,2023,10,4,202310,X,exports,MYS,Malaysia,85,"Electrical machinery and equipment and parts thereof; sound recorders and reproducers; television image and sound recorders and reproducers, parts and accessories of such articles",30554153.71,30554153.71,,False,-0.3056254140211929,-0.250981204764244,37188756.54866666,37358870.311333336,9410762.210600587,False
2023-11-01,2023,11,4,202311,X,exports,MYS,Malaysia,85,"Electrical machinery and equipment and parts thereof; sound recorders and reproducers; television image and sound recorders and reproducers, parts and accessories of such articles",34122150.98,34122150.98,,False,0.11677617727085776,-0.4068574550938203,36226237.502333336,35408404.436916664,6955887.511479358,False
2023-12-01,2023,12,4,202312,X,exports,MYS,Malaysia,85,"Electrical machinery and equipment and parts thereof; sound recorders and reproducers; television image and sound recorders and reproducers, parts and accessories of such articles",39796747.67,39796747.67,,False,0.16630243191075667,0.04304897887291603,34824350.78666667,35545279.54891667,7030590.127125517,False
2024-01-01,2024,1,1,202401,X,exports,MYS,Malaysia,85,"Electrical machinery and equipment and parts thereof; sound recorders and reproducers; television image and sound recorders and reproducers, parts and accessories of such articles",30059073.821,30059073.821,,False,-0.24468516698264164,-0.3453817417884746,34659324.157,34223662.567999996,6362220.390062617,False
2024-02-01,2024,2,1,202402,X,exports,MYS,Malaysia,85,"Electrical machinery and equipment and parts thereof; sound recorders and reproducers; television image and sound recorders and reproducers, parts and accessories of such articles",45709711.623,45709711.623,,False,0.5206626756099879,0.6206543249480942,38521844.37133334,35682431.91475,6845164.1374511095,False
2024-03-01,2024,3,1,202403,X,exports,MYS,Malaysia,85,"Electrical machinery and equipment and parts thereof; sound recorders and reproducers; television image and sound recorders and reproducers, parts and accessories of such articles",29373880.152,29373880.152,,False,-0.3573820724517591,-0.36811270248683614,35047555.19866667,34256426.247833334,6135581.39054575,False
2024-04-01,2024,4,2,202404,X,exports,MYS,Malaysia,85,"Electrical machinery and equipment and parts thereof; sound recorders and reproducers; television image and sound recorders and reproducers, parts and accessories of such articles",26339816.249,26339816.249,,False,-0.10329121952223308,0.010571520390510347,33807802.67466667,34279387.83433334,6102563.025026361,False
2024-05-01,2024,5,2,202405,X,exports,MYS,Malaysia,85,"Electrical machinery and equipment and parts thereof; sound recorders and reproducers; television image and sound recorders and reproducers, parts and accessories of such articles",51589060.077,51589060.077,,False,0.958596050530861,0.5643676174221199,35767585.49266667,35830344.41025,7855041.73451609,True
2024-06-01,2024,6,2,202406,X,exports,MYS,Malaysia,85,"Electrical machinery and equipment and parts thereof; sound recorders and reproducers; television image and sound recorders and reproducers, parts and accessories of such articles",27736677.346,27736677.346,,False,-0.4623535047042683,-0.11095398552469748,35221851.224,35541880.25441667,8100342.700160194,False
2024-07-01,2024,7,3,202407,X,exports,MYS,Malaysia,85,"Electrical machinery and equipment and parts thereof; sound recorders and reproducers; television image and sound recorders and reproducers, parts and accessories of such articles",24662492.714,24662492.714,,False,-0.11083463940728067,-0.1836092076402317,34662743.379,35079656.689833336,8576556.821920948,False
2024-08-01,2024,8,3,202408,X,exports,MYS,Malaysia,85,"Electrical machinery and equipment and parts thereof; sound recorders and reproducers; television image and sound recorders and reproducers, parts and accessories of such articles",29811385.304,29811385.304,,False,0.20877421636609994,-0.19449823251387743,27403518.45466667,34479796.45525,8680396.898022454,False
2024-09-01,2024,9,3,202409,X,exports,MYS,Malaysia,85,"Electrical machinery and equipment and parts thereof; sound recorders and reproducers; television image and sound recorders and reproducers, parts and accessories of such articles",28257326.807,28257326.807,,False,-0.05212969746801677,-0.3578231690293322,27577068.275000002,33167706.371083334,8291409.739154558,False
2024-10-01,2024,10,4,202410,X,exports,MYS,Malaysia,85,"Electrical machinery and equipment and parts thereof; sound recorders and reproducers; television image and sound recorders and reproducers, parts and accessories of such articles",31830402.931,31830402.931,,False,0.12644777577172905,0.04177007267533317,29966371.680666666,33274060.47283333,8262974.473941582,False
2024-11-01,2024,11,4,202411,X,exports,MYS,Malaysia,85,"Electrical machinery and equipment and parts thereof; sound recorders and reproducers; television image and sound recorders and reproducers, parts and accessories of such articles",29031642.835,29031642.835,,False,-0.08792725942134572,-0.14918485496367717,29706457.52433333,32849851.460750002,8345731.784469628,False
2024-12-01,2024,12,4,202412,X,exports,MYS,Malaysia,85,"Electrical machinery and equipment and parts thereof; sound recorders and reproducers; television image and sound recorders and reproducers, parts and accessories of such articles",29420392.522,29420392.522,,False,0.01339055075902662,-0.2607337472409087,30094146.096,31985155.19841667,8094291.228214963,False
2015-01-01,2015,1,1,201501,M,imports,MYS,Malaysia,85,"Electrical machinery and equipment and parts thereof; sound recorders and reproducers; television image and sound recorders and reproducers, parts and accessories of such articles",50563669.0,0.0,50563669.0,False,,,50563669.0,,,False
2015-02-01,2015,2,1,201502,M,imports,MYS,Malaysia,85,"Electrical machinery and equipment and parts thereof; sound recorders and reproducers; television image and sound recorders and reproducers, parts and accessories of such articles",52059466.0,0.0,52059466.0,False,0.02958244584664138,,51311567.5,,,False
2015-03-01,2015,3,1,201503,M,imports,MYS,Malaysia,85,"Electrical machinery and equipment and parts thereof; sound recorders and reproducers; television image and sound recorders and reproducers, parts and accessories of such articles",52451726.0,0.0,52451726.0,False,0.00753484486375644,,51691620.333333336,,,False
2015-04-01,2015,4,2,201504,M,imports,MYS,Malaysia,85,"Electrical machinery and equipment and parts thereof; sound recorders and reproducers; television image and sound recorders and reproducers, parts and accessories of such articles",64703365.0,0.0,64703365.0,False,0.233579329686882,,56404852.333333336,,,False
2015-05-01,2015,5,2,201505,M,imports,MYS,Malaysia,85,"Electrical machinery and equipment and parts thereof; sound recorders and reproducers; television image and sound recorders and reproducers, parts and accessories of such articles",54970899.0,0.0,54970899.0,False,-0.15041669007477432,,57375330.0,,,False
2015-06-01,2015,6,2,201506,M,imports,MYS,Malaysia,85,"Electrical machinery and equipment and parts thereof; sound recorders and reproducers; television image and sound recorders and reproducers, parts and accessories of such articles",50179405.0,0.0,50179405.0,False,-0.08716419209371129,,56617889.666666664,54154755.0,5439285.137057883,False
2015-07-01,2015,7,3,201507,M,imports,MYS,Malaysia,85,"Electrical machinery and equipment and parts thereof; sound recorders and reproducers; television image and sound recorders and reproducers, parts and accessories of such articles",41596629.0,0.0,41596629.0,False,-0.1710418048998389,,48915644.333333336,52360737.0,6869087.015422816,False
2015-08-01,2015,8,3,201508,M,imports,MYS,Malaysia,85,"Electrical machinery and equipment and parts thereof; sound recorders and reproducers; television image and sound recorders and reproducers, parts and accessories of such articles",48637800.0,0.0,48637800.0,False,0.16927263504934498,,46804611.333333336,51895369.875,6494325.720750658,False
2015-09-01,2015,9,3,201509,M,imports,MYS,Malaysia,85,"Electrical machinery and equipment and parts thereof; sound recorders and reproducers; television image and sound recorders and reproducers, parts and accessories of such articles",42891913.0,0.0,42891913.0,False,-0.11813624382681787,,44375447.333333336,50894985.777777776,6775776.584575321,False
2015-10-01,2015,10,4,201510,M,imports,MYS,Malaysia,85,"Electrical machinery and equipment and parts thereof; sound recorders and reproducers; television image and sound recorders and reproducers, parts and accessories of such articles",50948542.0,0.0,50948542.0,False,0.18783561833672469,,47492751.666666664,50900341.4,6388285.877158097,False
2015-11-01,2015,11,4,201511,M,imports,MYS,Malaysia,85,"Electrical machinery and equipment and parts thereof; sound recorders and reproducers; television image and sound recorders and reproducers, parts and accessories of such articles",39370171.0,0.0,39370171.0,False,-0.227256179381934,,44403542.0,49852144.09090909,6986778.255398369,False
2015-12-01,2015,12,4,201512,M,imports,MYS,Malaysia,85,"Electrical machinery and equipment and parts thereof; sound recorders and reproducers; television image and sound recorders and reproducers, parts and accessories of such articles",43774681.0,0.0,43774681.0,False,0.1118742918337845,,44697798.0,49345688.833333336,6888780.723277019,False
2016-01-01,2016,1,1,201601,M,imports,MYS,Malaysia,85,"Electrical machinery and equipment and parts thereof; sound recorders and reproducers; television image and sound recorders and reproducers, parts and accessories of such articles",41485713.0,0.0,41485713.0,False,-0.05228976996999701,-0.17953515200805548,41543521.666666664,48589192.5,7232732.429557831,False
2016-02-01,2016,2,1,201602,M,imports,MYS,Malaysia,85,"Electrical machinery and equipment and parts thereof; sound recorders and reproducers; television image and sound recorders and reproducers, parts and accessories of such articles",40314919.0,0.0,40314919.0,False,-0.02822161933193723,-0.22559868362844904,41858437.666666664,47610480.25,7509768.633052384,False
2016-03-01,2016,3,1,201603,M,imports,MYS,Malaysia,85,"Electrical machinery and equipment and parts thereof; sound recorders and reproducers; television image and sound recorders and reproducers, parts and accessories of such articles",46439145.0,0.0,46439145.0,False,0.15190966897391012,-0.11463075590686944,42746592.333333336,47109431.833333336,7356411.216246074,False
2016-04-01,2016,4,2,201604,M,imports,MYS,Malaysia,85,"Electrical machinery and equipment and parts thereof; sound recorders and reproducers; television image and sound recorders and reproducers, parts and accessories of such articles",55203013.0,0.0,55203013.0,False,0.18871725566868203,-0.1468293341466862,47319025.666666664,46317735.833333336,5589948.991139182,False
2016-05-01,2016,5,2,201605,M,imports,MYS,Malaysia,85,"Electrical machinery and equipment and parts thereof; sound recorders and reproducers; television image and sound recorders and reproducers, parts and accessories of such articles",43623499.0,0.0,43623499.0,False,-0.20976235481929217,-0.20642558529013688,48421885.666666664,45372119.166666664,4911713.418134594,False
2016-06-01,2016,6,2,201606,M,imports,MYS,Malaysia,85,"Electrical machinery and equipment and parts thereof; sound recorders and reproducers; television image and sound recorders and reproducers, parts and accessories of such articles",50773214.0,0.0,50773214.0,False,0.1638959543341536,0.01183371943130851,49866575.333333336,45421603.25,4967225.857759771,False
2016-07-01,2016,7,3,201607,M,imports,MYS,Malaysia,85,"Electrical machinery and equipment and parts thereof; sound recorders and reproducers; television image and sound recorders and reproducers, parts and accessories of such articles",31991372.0,0.0,31991372.0,False,-0.3699163499872197,-0.23091431279202934,42129361.666666664,44621165.166666664,6248337.4505418325,True
2016-08-01,2016,8,3,201608,M,imports,MYS,Malaysia,85,"Electrical machinery and equipment and parts thereof; sound recorders and reproducers; television image and sound recorders and reproducers, parts and accessories of such articles",51106855.0,0.0,51106855.0,False,0.5975199500665367,0.05076411762045163,44623813.666666664,44826919.75,6430620.836007164,False
2016-09-01,2016,9,3,201609,M,imports,MYS,Malaysia,85,"Electrical machinery and equipment and parts thereof; sound recorders and reproducers; television image and sound recorders and reproducers, parts and accessories of such articles",42594432.0,0.0,42594432.0,False,-0.16656127636889417,-0.006935596460805993,41897553.0,44802129.666666664,6439325.935601127,False
2016-10-01,2016,10,4,201610,M,imports,MYS,Malaysia,85,"Electrical machinery and equipment and parts thereof; sound recorders and reproducers; television image and sound recorders and reproducers, parts and accessories of such articles",93015009.0,0.0,93015009.0,False,1.1837363390595277,0.8256657668437304,62238765.333333336,48307668.583333336,15360373.502318444,True
2016-11-01,2016,11,4,201611,M,imports,MYS,Malaysia,85,"Electrical machinery and equipment and parts thereof; sound recorders and reproducers; television image and sound recorders and reproducers, parts and accessories of such articles",48085948.0,0.0,48085948.0,False,-0.48303022794955597,0.22138021701759936,61231796.333333336,49033983.333333336,15103255.865150299,False
2016-12-01,2016,12,4,201612,M,imports,MYS,Malaysia,85,"Electrical machinery and equipment and parts thereof; sound recorders and reproducers; television image and sound recorders and reproducers, parts and accessories of such articles",40715418.0,0.0,40715418.0,False,-0.1532782508519953,-0.06988658580972873,60605458.333333336,48779044.75,15225427.472746288,False
2017-01-01,2017,1,1,201701,M,imports,MYS,Malaysia,85,"Electrical machinery and equipment and parts thereof; sound recorders and reproducers; television image and sound recorders and reproducers, parts and accessories of such articles",40845398.0,0.0,40845398.0,False,0.0031924024456779776,-0.015434590698730433,43215588.0,48725685.166666664,15254406.084213702,False
2017-02-01,2017,2,1,201702,M,imports,MYS,Malaysia,85,"Electrical machinery and equipment and parts thereof; sound recorders and reproducers; television image and sound recorders and reproducers, parts and accessories of such articles",38527326.0,0.0,38527326.0,False,-0.05675234208759572,-0.04434073152918894,40029380.666666664,48576719.083333336,15352421.207499374,False
2017-03-01,2017,3,1,201703,M,imports,MYS,Malaysia,85,"Electrical machinery and equipment and parts thereof; sound recorders and reproducers; television image and sound recorders and reproducers, parts and accessories of such articles",64612685.0,0.0,64612685.0,False,0.6770612370035751,0.39134096891749404,47995136.333333336,50091180.75,16004899.978382658,False
2017-04-01,2017,4,2,201704,M,imports,MYS,Malaysia,85,"Electrical machinery and equipment and parts thereof; sound recorders and reproducers; television image and sound recorders and reproducers, parts and accessories of such articles",88908109.0,,88908109.0,False,0.37601631939610614,0.6105662384768744,64016040.0,52899938.75,19548723.94877873,False
2017-05-01,2017,5,2,201705,M,imports,MYS,Malaysia,85,"Electrical machinery and equipment and parts thereof; sound recorders and reproducers; television image and sound recorders and reproducers, parts and accessories of such articles",49391296.0,0.0,49391296.0,False,-0.4444680405923379,0.13221766094462062,67637363.33333333,53380588.5,19369997.037608895,False
2017-06-01,2017,6,2,201706,M,imports,MYS,Malaysia,85,"Electrical machinery and equipment and parts thereof; sound recorders and reproducers; television image and sound recorders and reproducers, parts and accessories of such articles",34472738.0,,34472738.0,False,-0.30204832041661756,-0.32104479342198033,57590714.333333336,52022215.5,20126262.62525546,False
2017-07-01,2017,7,3,201707,M,imports,MYS,Malaysia,85,"Electrical machinery and equipment and parts thereof; sound recorders and reproducers; television image and sound recorders and reproducers, parts and accessories of such articles",53132771.0,0.0,53132771.0,False,0.5412982571909433,0.6608468995953034,45665601.666666664,53783998.75,19113258.129147433,False
2017-08-01,2017,8,3,201708,M,imports,MYS,Malaysia,85,"Electrical machinery and equipment and parts thereof; sound recorders and reproducers; television image and sound recorders and reproducers, parts and accessories of such articles",57097162.0,0.0,57097162.0,False,0.07461291638638601,0.11721141909436605,48234223.666666664,54283191.0,19115207.265085828,False
2017-09-01,2017,9,3,201709,M,imports,MYS,Malaysia,85,"Electrical machinery and equipment and parts thereof; sound recorders and reproducers; television image and sound recorders and reproducers, parts and accessories of such articles",50803357.0,0.0,50803357.0,False,-0.11022973436052741,0.1927229596582014,53677763.333333336,54967268.083333336,18803213.595976967,False
2017-10-01,2017,10,4,201710,M,imports,MYS,Malaysia,85,"Electrical machinery and equipment and parts thereof; sound recorders and reproducers; television image and sound recorders and reproducers, parts and accessories of such articles",58823480.0,0.0,58823480.0,False,0.1578660047996434,-0.3675915249333578,55574666.333333336,52117974.0,14644227.274377668,False
2017-11-01,2017,11,4,201711,M,imports,MYS,Malaysia,85,"Electrical machinery and equipment and parts thereof; sound recorders and reproducers; television image and sound recorders and reproducers, parts and accessories of such articles",49784725.0,0.0,49784725.0,False,-0.15365896407352986,0.035327929897524424,53137187.333333336,52259538.75,14609877.25475757,False
2017-12-01,2017,12,4,201712,M,imports,MYS,Malaysia,85,"Electrical machinery and equipment and parts thereof; sound recorders and reproducers; television image and sound recorders and reproducers, parts and accessories of such articles",122507947.0,0.0,122507947.0,False,1.4607537151204513,2.0088834406661378,77038717.33333333,59075582.833333336,24480055.52171117,True
2018-01-01,2018,1,1,201801,M,imports,MYS,Malaysia,85,"Electrical machinery and equipment and parts thereof; sound recorders and reproducers; television image and sound recorders and reproducers, parts and accessories of such articles",64607620.0,0.0,64607620.0,False,-0.47262506978424834,0.5817600798014013,78966764.0,61055768.0,23823621.77341701,False
2018-02-01,2018,2,1,201802,M,imports,MYS,Malaysia,85,"Electrical machinery and equipment and parts thereof; sound recorders and reproducers; television image and sound recorders and reproducers, parts and accessories of such articles",48810650.0,0.0,48810650.0,False,-0.24450629817349723,0.2669098810542938,78642072.33333333,61912711.666666664,23113975.475188166,False
2018-03-01,2018,3,1,201803,M,imports,MYS,Malaysia,85,"Electrical machinery and equipment and parts thereof; sound recorders and reproducers; television image and sound recorders and reproducers, parts and accessories of such articles",68021888.0,0.0,68021888.0,False,0.39358701430937715,0.05276367945396476,60480052.666666664,62196811.916666664,23171059.749355145,False
2018-04-01,2018,4,2,201804,M,imports,MYS,Malaysia,85,"Electrical machinery and equipment and parts thereof; sound recorders and reproducers; television image and sound recorders and reproducers, parts and accessories of such articles",56596627.0,0.0,56596627.0,False,-0.16796447931583436,-0.36342559034744515,57809721.666666664,59504188.416666664,21609644.590203006,False
2018-05-01,2018,5,2,201805,M,imports,MYS,Malaysia,85,"Electrical machinery and equipment and parts thereof; sound recorders and reproducers; television image and sound recorders and reproducers, parts and accessories of such articles",54131704.0,0.0,54131704.0,False,-0.04355247177539401,0.09597658664393016,59583406.333333336,59899222.416666664,21450714.134978373,False
2018-06-01,2018,6,2,201806,M,imports,MYS,Malaysia,85,"Electrical machinery and equipment and parts thereof; sound recorders and reproducers; television image and sound recorders and reproducers, parts and accessories of such articles",56222608.0,0.0,56222608.0,False,0.03862623648426067,0.6309295768731802,55650313.0,61711711.583333336,19975108.341798823,False
2018-07-01,2018,7,3,201807,M,imports,MYS,Malaysia,85,"Electrical machinery and equipment and parts thereof; sound recorders and reproducers; television image and sound recorders and reproducers, parts and accessories of such articles",138780174.0,0.0,138780174.0,False,1.4684051298367375,1.611950617068325,83044828.66666667,68848995.16666667,29609142.261811905,True
2018-08-01,2018,8,3,201808,M,imports,MYS,Malaysia,85,"Electrical machinery and equipment and parts thereof; sound recorders and reproducers; television image and sound recorders and reproducers, parts and accessories of such articles",82840827.0,0.0,82840827.0,False,-0.40307880720772116,0.45087468620594495,92614536.33333333,70994300.58333333,29612884.34508339,False
2018-09-01,2018,9,3,201809,M,imports,MYS,Malaysia,85,"Electrical machinery and equipment and parts thereof; sound recorders and reproducers; television image and sound recorders and reproducers, parts and accessories of such articles",41068577.0,0.0,41068577.0,False,-0.5042471389137628,-0.19161686500362562,87563192.66666667,70183068.91666667,30340686.2734526,False
2018-10-01,2018,10,4,201810,M,imports,MYS,Malaysia,85,"Electrical machinery and equipment and parts thereof; sound recorders and reproducers; television image and sound recorders and reproducers, parts and accessories of such articles",60120132.0,0.0,60120132.0,False,0.4638961559344994,0.022043102516206003,61343178.666666664,70291123.25,30298832.874537285,False
2018-11-01,2018,11,4,201811,M,imports,MYS,Malaysia,85,"Electrical machinery and equipment and parts thereof; sound recorders and reproducers; television image and sound recorders and reproducers, parts and accessories of such articles",48416635.0,0.0,48416635.0,False,-0.19466851802654062,-0.027480115637878888,49868448.0,70177115.75,30385458.399524633,False
2018-12-01,2018,12,4,201812,M,imports,MYS,Malaysia,85,"Electrical machinery and equipment and parts thereof; sound recorders and reproducers; television image and sound recorders and reproducers, parts and accessories of such articles",41117284.0,0.0,41117284.0,False,-0.15076122080768317,-0.6643704754925002,49884683.666666664,63394560.5,26474615.89906344,False
2019-01-01,2019,1,1,201901,M,imports,MYS,Malaysia,85,"Electrical machinery and equipment and parts thereof; sound recorders and reproducers; television image and sound recorders and reproducers, parts and accessories of such articles",53005377.0,0.0,53005377.0,False,0.28912641700750474,-0.17958010216132403,47513098.666666664,62427706.916666664,26637642.721360322,False
2019-02-01,2019,2,1,201902,M,imports,MYS,Malaysia,85,"Electrical machinery and equipment and parts thereof; sound recorders and reproducers; television image and sound recorders and reproducers, parts and accessories of such articles",35196971.0,0.0,35196971.0,False,-0.3359735749073155,-0.2789079637333246,43106544.0,61293233.666666664,27544754.478503063,False
2019-03-01,2019,3,1,201903,M,imports,MYS,Malaysia,85,"Electrical machinery and equipment and parts thereof; sound recorders and reproducers; television image and sound recorders and reproducers, parts and accessories of such articles",37437661.0,0.0,37437661.0,False,0.06366144404869378,-0.44962331830601354,41880003.0,58744548.083333336,28270949.547959514,False
2019-04-01,2019,4,2,201904,M,imports,MYS,Malaysia,85,"Electrical machinery and equipment and parts thereof; sound recorders and reproducers; television image and sound recorders and reproducers, parts and accessories of such articles",52236934.0,0.0,52236934.0,False,0.3953044235322287,-0.07703096864765457,41623855.333333336,58381240.333333336,28329015.06101417,False
2019-05-01,2019,5,2,201905,M,imports,MYS,Malaysia,85,"Electrical machinery and equipment and parts thereof; sound recorders and reproducers; television image and sound recorders and reproducers, parts and accessories of such articles",40862011.0,0.0,40862011.0,False,-0.2177563292669512,-0.24513717506472732,43512202.0,57275432.583333336,28765596.79014457,False
2019-06-01,2019,6,2,201906,M,imports,MYS,Malaysia,85,"Electrical machinery and equipment and parts thereof; sound recorders and reproducers; television image and sound recorders and reproducers, parts and accessories of such articles",27362413.0,0.0,27362413.0,False,-0.33037037751274645,-0.5133201042541463,40153786.0,54870416.333333336,30039861.712339636,False
2019-07-01,2019,7,3,201907,M,imports,MYS,Malaysia,85,"Electrical machinery and equipment and parts thereof; sound recorders and reproducers; television image and sound recorders and reproducers, parts and accessories of such articles",81498868.0,0.0,81498868.0,False,1.9784971084238805,-0.41274848091774263,49907764.0,50096974.166666664,17375856.326117158,False
2019-08-01,2019,8,3,201908,M,imports,MYS,Malaysia,85,"Electrical machinery and equipment and parts thereof; sound recorders and reproducers; television image and sound recorders and reproducers, parts and accessories of such articles",49169678.0,0.0,49169678.0,False,-0.39668268766628756,-0.4064559736951926,52676986.333333336,47291045.083333336,13997874.310330437,False
2019-09-01,2019,9,3,201909,M,imports,MYS,Malaysia,85,"Electrical machinery and equipment and parts thereof; sound recorders and reproducers; television image and sound recorders and reproducers, parts and accessories of such articles",41500155.0,0.0,41500155.0,False,-0.15598074488102198,0.010508715702518767,57389567.0,47327009.916666664,13980977.70857442,False
2019-10-01,2019,10,4,201910,M,imports,MYS,Malaysia,85,"Electrical machinery and equipment and parts thereof; sound recorders and reproducers; television image and sound recorders and reproducers, parts and accessories of such articles",48264286.0,0.0,48264286.0,False,0.16299049967403745,-0.19720259429902787,46311373.0,46339022.75,13401649.168135123,False
2019-11-01,2019,11,4,201911,M,imports,MYS,Malaysia,85,"Electrical machinery and equipment and parts thereof; sound recorders and reproducers; television image and sound recorders and reproducers, parts and accessories of such articles",43478066.0,0.0,43478066.0,False,-0.09916690780425097,-0.10200149184262808,44414169.0,45927475.333333336,13407875.400245477,False
2019-12-01,2019,12,4,201912,M,imports,MYS,Malaysia,85,"Electrical machinery and equipment and parts thereof; sound recorders and reproducers; television image and sound recorders and reproducers, parts and accessories of such articles",48706794.0,0.0,48706794.0,False,0.12026128301107053,0.18458198746784937,46816382.0,46559934.5,13339173.228608845,False
2020-01-01,2020,1,1,202001,M,imports,MYS,Malaysia,85,"Electrical machinery and equipment and parts thereof; sound recorders and reproducers; television image and sound recorders and reproducers, parts and accessories of such articles",63991381.0,0.0,63991381.0,False,0.31380811063031566,0.20726206701633298,52058747.0,47475434.833333336,14172710.250813767,False
2020-02-01,2020,2,1,202002,M,imports,MYS,Malaysia,85,"Electrical machinery and equipment and parts thereof; sound recorders and reproducers; television image and sound recorders and reproducers, parts and accessories of such articles",38895925.0,0.0,38895925.0,False,-0.39216931417685763,0.1050929638235063,50531366.666666664,47783681.0,13919345.598748365,False
2020-03-01,2020,3,1,202003,M,imports,MYS,Malaysia,85,"Electrical machinery and equipment and parts thereof; sound recorders and reproducers; television image and sound recorders and reproducers, parts and accessories of such articles",45790278.0,0.0,45790278.0,False,0.1772512930339103,0.22310734102752838,49559194.666666664,48479732.416666664,13559128.67827976,False
2020-04-01,2020,4,2,202004,M,imports,MYS,Malaysia,85,"Electrical machinery and equipment and parts thereof; sound recorders and reproducers; television image and sound recorders and reproducers, parts and accessories of such articles",39309442.0,0.0,39309442.0,False,-0.14153301274999908,-0.2474780009102372,41331881.666666664,47402441.416666664,13745745.349874858,False
2020-05-01,2020,5,2,202005,M,imports,MYS,Malaysia,85,"Electrical machinery and equipment and parts thereof; sound recorders and reproducers; television image and sound recorders and reproducers, parts and accessories of such articles",53529099.0,0.0,53529099.0,False,0.3617364245465504,0.3099966861640755,46209606.333333336,48458032.083333336,13684058.77688335,False
2020-06-01,2020,6,2,202006,M,imports,MYS,Malaysia,85,"Electrical machinery and equipment and parts thereof; sound recorders and reproducers; television image and sound recorders and reproducers, parts and accessories of such articles",43245219.0,0.0,43245219.0,False,-0.19211756207590935,0.580460721793798,45361253.333333336,49781599.25,12139022.073453547,False
2020-07-01,2020,7,3,202007,M,imports,MYS,Malaysia,85,"Electrical machinery and equipment and parts thereof; sound recorders and reproducers; television image and sound recorders and reproducers, parts and accessories of such articles",53943670.0,0.0,53943670.0,False,0.2473903762633276,-0.3381052850942666,50239329.333333336,47485332.75,7192028.6921622185,False
2020-08-01,2020,8,3,202008,M,imports,MYS,Malaysia,85,"Electrical machinery and equipment and parts thereof; sound recorders and reproducers; television image and sound recorders and reproducers, parts and accessories of such articles",61808795.0,0.0,61808795.0,False,0.14580255662990682,0.2570510427178312,52999228.0,48538592.5,8301096.983871615,False
2020-09-01,2020,9,3,202009,M,imports,MYS,Malaysia,85,"Electrical machinery and equipment and parts thereof; sound recorders and reproducers; television image and sound recorders and reproducers, parts and accessories of such articles",45353792.0,0.0,45353792.0,False,-0.2662242970438107,0.09285837607112546,53702085.666666664,48859728.916666664,8075530.554471026,False
2020-10-01,2020,10,4,202010,M,imports,MYS,Malaysia,85,"Electrical machinery and equipment and parts thereof; sound recorders and reproducers; television image and sound recorders and reproducers, parts and accessories of such articles",78596870.0,0.0,78596870.0,False,0.7329724050416777,0.6284685118930382,61919819.0,51387444.25,11772954.37148902,True
2020-11-01,2020,11,4,202011,M,imports,MYS,Malaysia,85,"Electrical machinery and equipment and parts thereof; sound recorders and reproducers; television image and sound recorders and reproducers, parts and accessories of such articles",62590878.0,0.0,62590878.0,False,-0.20364668465805313,0.43959664627216855,62180513.333333336,52980178.583333336,11897837.972333485,False
2020-12-01,2020,12,4,202012,M,imports,MYS,Malaysia,85,"Electrical machinery and equipment and parts thereof; sound recorders and reproducers; television image and sound recorders and reproducers, parts and accessories of such articles",78863668.0,0.0,78863668.0,False,0.2599866069940735,0.6191512830838342,73350472.0,55493251.416666664,13925290.336039262,False
2021-01-01,2021,1,1,202101,M,imports,MYS,Malaysia,85,"Electrical machinery and equipment and parts thereof; sound recorders and reproducers; television image and sound recorders and reproducers, parts and accessories of such articles",41460660.0,,41460660.0,False,-0.4742742627695177,-0.3520899322363429,60971735.333333336,53615691.333333336,14191685.957330905,False
2021-02-01,2021,2,1,202102,M,imports,MYS,Malaysia,85,"Electrical machinery and equipment and parts thereof; sound recorders and reproducers; television image and sound recorders and reproducers, parts and accessories of such articles",39360876.0,,39360876.0,False,-0.05064521404145517,0.01195372008764406,53228401.333333336,53654437.25,14148413.588402241,False
2021-03-01,2021,3,1,202103,M,imports,MYS,Malaysia,85,"Electrical machinery and equipment and parts thereof; sound recorders and reproducers; television image and sound recorders and reproducers, parts and accessories of such articles",46825330.0,,46825330.0,False,0.1896414602154688,0.022604186853812047,42548955.333333336,53740691.583333336,14099181.48867242,False
2021-04-01,2021,4,2,202104,M,imports,MYS,Malaysia,85,"Electrical machinery and equipment and parts thereof; sound recorders and reproducers; television image and sound recorders and reproducers, parts and accessories of such articles",43890390.0,,43890390.0,False,-0.0626784691106288,0.11653556415275501,43358865.333333336,54122437.25,13730109.000605827,False
2021-05-01,2021,5,2,202105,M,imports,MYS,Malaysia,85,"Electrical machinery and equipment and parts thereof; sound recorders and reproducers; television image and sound recorders and reproducers, parts and accessories of such articles",41152206.0,,41152206.0,False,-0.06238686874279309,-0.23121803339152036,43955975.333333336,53091029.5,14234350.417506786,False
2021-06-01,2021,6,2,202106,M,imports,MYS,Malaysia,85,"Electrical machinery and equipment and parts thereof; sound recorders and reproducers; television image and sound recorders and reproducers, parts and accessories of such articles",56063257.0,,56063257.0,False,0.36233904447309584,0.2964035862553962,47035284.333333336,54159199.333333336,13905480.803978164,False
2021-07-01,2021,7,3,202107,M,imports,MYS,Malaysia,85,"Electrical machinery and equipment and parts thereof; sound recorders and reproducers; television image and sound recorders and reproducers, parts and accessories of such articles",60455639.0,,60455639.0,False,0.0783468930461888,0.12071794521952262,52557034.0,54701863.416666664,14022874.974912252,False
2021-08-01,2021,8,3,202108,M,imports,MYS,Malaysia,85,"Electrical machinery and equipment and parts thereof; sound recorders and reproducers; television image and sound recorders and reproducers, parts and accessories of such articles",41943822.0,,41943822.0,False,-0.3062049679104376,-0.3213939537245468,52820906.0,53046449.0,14277845.615913713,False
2021-09-01,2021,9,3,202109,M,imports,MYS,Malaysia,85,"Electrical machinery and equipment and parts thereof; sound recorders and reproducers; television image and sound recorders and reproducers, parts and accessories of such articles",49125939.0,,49125939.0,False,0.1712318205050556,0.0831715901506096,50508466.666666664,53360794.583333336,14133883.526482308,False
2021-10-01,2021,10,4,202110,M,imports,MYS,Malaysia,85,"Electrical machinery and equipment and parts thereof; sound recorders and reproducers; television image and sound recorders and reproducers, parts and accessories of such articles",49649853.0,,49649853.0,False,0.010664712179852653,-0.3682973253260594,46906538.0,50948543.166666664,11695054.90357725,False
2021-11-01,2021,11,4,202111,M,imports,MYS,Malaysia,85,"Electrical machinery and equipment and parts thereof; sound recorders and reproducers; television image and sound recorders and reproducers, parts and accessories of such articles",50724721.0,,50724721.0,False,0.02164896641285119,-0.18958284943694192,49833504.333333336,49959696.75,11108104.045476068,False
2021-12-01,2021,12,4,202112,M,imports,MYS,Malaysia,85,"Electrical machinery and equipment and parts thereof; sound recorders and reproducers; television image and sound recorders and reproducers, parts and accessories of such articles",55205586.0,,55205586.0,False,0.08833690775746206,-0.29998708657578543,51860053.333333336,47988189.916666664,6760362.147455352,False
2022-01-01,2022,1,1,202201,M,imports,MYS,Malaysia,85,"Electrical machinery and equipment and parts thereof; sound recorders and reproducers; television image and sound recorders and reproducers, parts and accessories of such articles",56956258.0,,56956258.0,False,0.03171186336107357,0.37374219320194135,54295521.666666664,49279489.75,6879056.457708438,False
2022-02-01,2022,2,1,202202,M,imports,MYS,Malaysia,85,"Electrical machinery and equipment and parts thereof; sound recorders and reproducers; television image and sound recorders and reproducers, parts and accessories of such articles",41808541.0,,41808541.0,False,-0.26595351471299256,0.06218522677188387,51323461.666666664,49483461.833333336,6588367.961834686,False
2022-03-01,2022,3,1,202203,M,imports,MYS,Malaysia,85,"Electrical machinery and equipment and parts thereof; sound recorders and reproducers; television image and sound recorders and reproducers, parts and accessories of such articles",61509009.0,,61509009.0,False,0.4712067804518698,0.31358410074205567,53424602.666666664,50707101.75,7367330.221212193,False
2022-04-01,2022,4,2,202204,M,imports,MYS,Malaysia,85,"Electrical machinery and equipment and parts thereof; sound recorders and reproducers; television image and sound recorders and reproducers, parts and accessories of such articles",69974697.0,,69974697.0,False,0.13763330181437317,0.5943056555204909,57764082.333333336,52880794.0,8868363.13755488,False
2022-05-01,2022,5,2,202205,M,imports,MYS,Malaysia,85,"Electrical machinery and equipment and parts thereof; sound recorders and reproducers; television image and sound recorders and reproducers, parts and accessories of such articles",41682605.0,,41682605.0,False,-0.4043188925848439,0.012888713669444662,57722103.666666664,52924993.916666664,8805694.071809659,False
2022-06-01,2022,6,2,202206,M,imports,MYS,Malaysia,85,"Electrical machinery and equipment and parts thereof; sound recorders and reproducers; television image and sound recorders and reproducers, parts and accessories of such articles",51151561.0,,51151561.0,False,0.22716804767840215,-0.08760989394533392,54269621.0,52515685.916666664,8760597.227527967,False
2022-07-01,2022,7,3,202207,M,imports,MYS,Malaysia,85,"Electrical machinery and equipment and parts thereof; sound recorders and reproducers; television image and sound recorders and reproducers, parts and accessories of such articles",51139196.0,,51139196.0,False,-0.00024173260323379075,-0.15410378839929229,47991120.666666664,51739315.666666664,8398309.147770636,False
2022-08-01,2022,8,3,202208,M,imports,MYS,Malaysia,85,"Electrical machinery and equipment and parts thereof; sound recorders and reproducers; television image and sound recorders and reproducers, parts and accessories of such articles",98290569.0,,98290569.0,False,0.9220202249562155,1.3433860891360832,66860442.0,56434877.916666664,15321806.784519948,True
2022-09-01,2022,9,3,202209,M,imports,MYS,Malaysia,85,"Electrical machinery and equipment and parts thereof; sound recorders and reproducers; television image and sound recorders and reproducers, parts and accessories of such articles",55719986.0,,55719986.0,False,-0.4331095387188164,0.13422739868646572,68383250.33333333,56984381.833333336,15153164.752785124,False
2022-10-01,2022,10,4,202210,M,imports,MYS,Malaysia,85,"Electrical machinery and equipment and parts thereof; sound recorders and reproducers; television image and sound recorders and reproducers, parts and accessories of such articles",63624927.0,,63624927.0,False,0.14186904138848844,0.2814726158403731,72545160.66666667,58148971.333333336,15075050.805694466,False
2022-11-01,2022,11,4,202211,M,imports,MYS,Malaysia,85,"Electrical machinery and equipment and parts thereof; sound recorders and reproducers; television image and sound recorders and reproducers, parts and accessories of such articles",57940527.0,,57940527.0,False,-0.08934234219239257,0.1422542274801275,59095146.666666664,58750288.5,14894824.27723233,False
2022-12-01,2022,12,4,202212,M,imports,MYS,Malaysia,85,"Electrical machinery and equipment and parts thereof; sound recorders and reproducers; television image and sound recorders and reproducers, parts and accessories of such articles",48217744.0,,48217744.0,False,-0.16780625761308665,-0.1265785313826756,56594399.333333336,58167968.333333336,15179873.365320455,False
2023-01-01,2023,1,1,202301,M,imports,MYS,Malaysia,85,"Electrical machinery and equipment and parts thereof; sound recorders and reproducers; television image and sound recorders and reproducers, parts and accessories of such articles",54435521.0,,54435521.0,False,0.128952051344418,-0.044257419439317824,53531264.0,57957906.916666664,15215564.76064068,False
2023-02-01,2023,2,1,202302,M,imports,MYS,Malaysia,85,"Electrical machinery and equipment and parts thereof; sound recorders and reproducers; television image and sound recorders and reproducers, parts and accessories of such articles",48233995.0,,48233995.0,False,-0.11392425177670296,0.15368759220753492,50295753.333333336,58493361.416666664,14699905.460523484,False
2023-03-01,2023,3,1,202303,M,imports,MYS,Malaysia,85,"Electrical machinery and equipment and parts thereof; sound recorders and reproducers; television image and sound recorders and reproducers, parts and accessories of such articles",73124803.0,,73124803.0,False,0.5160428448856456,0.18884703539931857,58598106.333333336,59461344.25,15287251.043995941,False
2023-04-01,2023,4,2,202304,M,imports,MYS,Malaysia,85,"Electrical machinery and equipment and parts thereof; sound recorders and reproducers; television image and sound recorders and reproducers, parts and accessories of such articles",42971500.0,,42971500.0,False,-0.412353972427112,-0.3858994487678882,54776766.0,57211077.833333336,15583559.166620838,False
2023-05-01,2023,5,2,202305,M,imports,MYS,Malaysia,85,"Electrical machinery and equipment and parts thereof; sound recorders and reproducers; television image and sound recorders and reproducers, parts and accessories of such articles",79885628.0,,79885628.0,False,0.8590374550574218,0.9165219640183238,65327310.333333336,60394663.083333336,16019021.805035403,False
2023-06-01,2023,6,2,202306,M,imports,MYS,Malaysia,85,"Electrical machinery and equipment and parts thereof; sound recorders and reproducers; television image and sound recorders and reproducers, parts and accessories of such articles",51456343.0,,51456343.0,False,-0.35587483896352423,0.005958410536093028,58104490.333333336,60420061.583333336,16003268.257895349,False
2023-07-01,2023,7,3,202307,M,imports,MYS,Malaysia,85,"Electrical machinery and equipment and parts thereof; sound recorders and reproducers; television image and sound recorders and reproducers, parts and accessories of such articles",57473464.0,,57473464.0,False,0.11693642900351464,0.12386326918397383,62938478.333333336,60947917.25,15772112.720529543,False
2023-08-01,2023,8,3,202308,M,imports,MYS,Malaysia,85,"Electrical machinery and equipment and parts thereof; sound recorders and reproducers; television image and sound recorders and reproducers, parts and accessories of such articles",59036381.0,,59036381.0,False,0.02719371499862966,-0.3993688143162545,55988729.333333336,57676734.916666664,10518933.843219563,False
2023-09-01,2023,9,3,202309,M,imports,MYS,Malaysia,85,"Electrical machinery and equipment and parts thereof; sound recorders and reproducers; television image and sound recorders and reproducers, parts and accessories of such articles",45904411.0,,45904411.0,False,-0.222438601038231,-0.17615896385903618,54138085.333333336,56858770.333333336,11053002.934370873,False
2023-10-01,2023,10,4,202310,M,imports,MYS,Malaysia,85,"Electrical machinery and equipment and parts thereof; sound recorders and reproducers; television image and sound recorders and reproducers, parts and accessories of such articles",49498276.0,,49498276.0,False,0.07829018871410853,-0.22203013293830576,51479689.333333336,55681549.416666664,11019088.49675634,False
2023-11-01,2023,11,4,202311,M,imports,MYS,Malaysia,85,"Electrical machinery and equipment and parts thereof; sound recorders and reproducers; television image and sound recorders and reproducers, parts and accessories of such articles",48057215.0,,48057215.0,False,-0.029113357402589135,-0.17057683993795913,47819967.333333336,54857940.083333336,11202722.606826622,False
2023-12-01,2023,12,4,202312,M,imports,MYS,Malaysia,85,"Electrical machinery and equipment and parts thereof; sound recorders and reproducers; television image and sound recorders and reproducers, parts and accessories of such articles",45705697.0,,45705697.0,False,-0.04893163284638946,-0.05209797870261201,47753729.333333336,54648602.833333336,11360443.398360997,False
2024-01-01,2024,1,1,202401,M,imports,MYS,Malaysia,85,"Electrical machinery and equipment and parts thereof; sound recorders and reproducers; television image and sound recorders and reproducers, parts and accessories of such articles",54099319.0,,54099319.0,False,0.18364498412528318,-0.0061761510466668,49287410.333333336,54620586.0,11361431.191165486,False
2024-02-01,2024,2,1,202402,M,imports,MYS,Malaysia,85,"Electrical machinery and equipment and parts thereof; sound recorders and reproducers; television image and sound recorders and reproducers, parts and accessories of such articles",48716021.0,,48716021.0,False,-0.09950768511522301,0.009993491105184216,49507012.333333336,54660754.833333336,11337625.559666986,False
2024-03-01,2024,3,1,202403,M,imports,MYS,Malaysia,85,"Electrical machinery and equipment and parts thereof; sound recorders and reproducers; television image and sound recorders and reproducers, parts and accessories of such articles",41739797.0,,41739797.0,False,-0.14320184318830143,-0.4291978195141257,48185045.666666664,52045337.666666664,10259826.685603373,False
2024-04-01,2024,4,2,202404,M,imports,MYS,Malaysia,85,"Electrical machinery and equipment and parts thereof; sound recorders and reproducers; television image and sound recorders and reproducers, parts and accessories of such articles",41042691.0,,41042691.0,False,-0.016701231201483813,-0.04488577312870157,43832836.333333336,51884603.583333336,10428623.887815872,False
2024-05-01,2024,5,2,202405,M,imports,MYS,Malaysia,85,"Electrical machinery and equipment and parts thereof; sound recorders and reproducers; television image and sound recorders and reproducers, parts and accessories of such articles",46235883.0,,46235883.0,False,0.12653146939122495,-0.4212240154136361,43006123.666666664,49080458.166666664,5639229.926157881,False
2024-06-01,2024,6,2,202406,M,imports,MYS,Malaysia,85,"Electrical machinery and equipment and parts thereof; sound recorders and reproducers; television image and sound recorders and reproducers, parts and accessories of such articles",44105727.0,,44105727.0,False,-0.04607148953984508,-0.14285150423534765,43794767.0,48467906.833333336,5755712.952983328,False
2024-07-01,2024,7,3,202407,M,imports,MYS,Malaysia,85,"Electrical machinery and equipment and parts thereof; sound recorders and reproducers; television image and sound recorders and reproducers, parts and accessories of such articles",59337098.0,,59337098.0,False,0.3453377154399926,0.03242599054060835,49892902.666666664,48623209.666666664,6038967.225546613,False
2024-08-01,2024,8,3,202408,M,imports,MYS,Malaysia,85,"Electrical machinery and equipment and parts thereof; sound recorders and reproducers; television image and sound recorders and reproducers, parts and accessories of such articles",52846730.0,,52846730.0,False,-0.1093812845380473,-0.1048446889046265,52096518.333333336,48107405.416666664,5286102.836343579,False
2024-09-01,2024,9,3,202409,M,imports,MYS,Malaysia,85,"Electrical machinery and equipment and parts thereof; sound recorders and reproducers; television image and sound recorders and reproducers, parts and accessories of such articles",50204120.0,,50204120.0,False,-0.05000517534386706,0.09366657596369121,54129316.0,48465714.5,5268897.745812462,False
2024-10-01,2024,10,4,202410,M,imports,MYS,Malaysia,85,"Electrical machinery and equipment and parts thereof; sound recorders and reproducers; television image and sound recorders and reproducers, parts and accessories of such articles",60054064.0,,60054064.0,False,0.1961979216048404,0.21325566975302324,54368304.666666664,49345363.5,6247271.335540749,False
2024-11-01,2024,11,4,202411,M,imports,MYS,Malaysia,85,"Electrical machinery and equipment and parts thereof; sound recorders and reproducers; television image and sound recorders and reproducers, parts and accessories of such articles",50232734.0,,50232734.0,False,-0.1635414715646888,0.04526935237508045,53496972.666666664,49526656.75,6238051.002989135,False
2024-12-01,2024,12,4,202412,M,imports,MYS,Malaysia,85,"Electrical machinery and equipment and parts thereof; sound recorders and reproducers; television image and sound recorders and reproducers, parts and accessories of such articles",51757781.0,,51757781.0,False,0.03035962565764394,0.1324142152344816,54014859.666666664,50030997.083333336,6145005.033067899,False
2015-01-01,2015,1,1,201501,X,exports,PHL,Philippines,85,"Electrical machinery and equipment and parts thereof; sound recorders and reproducers; television image and sound recorders and reproducers, parts and accessories of such articles",10145691.0,10145691.0,0.0,False,,,10145691.0,,,False
2015-02-01,2015,2,1,201502,X,exports,PHL,Philippines,85,"Electrical machinery and equipment and parts thereof; sound recorders and reproducers; television image and sound recorders and reproducers, parts and accessories of such articles",8878826.0,8878826.0,0.0,False,-0.12486729587960055,,9512258.5,,,False
2015-03-01,2015,3,1,201503,X,exports,PHL,Philippines,85,"Electrical machinery and equipment and parts thereof; sound recorders and reproducers; television image and sound recorders and reproducers, parts and accessories of such articles",12149342.0,12149342.0,0.0,False,0.368350049882721,,10391286.333333334,,,False
2015-04-01,2015,4,2,201504,X,exports,PHL,Philippines,85,"Electrical machinery and equipment and parts thereof; sound recorders and reproducers; television image and sound recorders and reproducers, parts and accessories of such articles",9559596.0,9559596.0,0.0,False,-0.213159362869199,,10195921.333333334,,,False
2015-05-01,2015,5,2,201505,X,exports,PHL,Philippines,85,"Electrical machinery and equipment and parts thereof; sound recorders and reproducers; television image and sound recorders and reproducers, parts and accessories of such articles",8038598.0,8038598.0,0.0,False,-0.15910693297080758,,9915845.333333334,,,False
2015-06-01,2015,6,2,201506,X,exports,PHL,Philippines,85,"Electrical machinery and equipment and parts thereof; sound recorders and reproducers; television image and sound recorders and reproducers, parts and accessories of such articles",10599202.0,10599202.0,0.0,False,0.3185386307413307,,9399132.0,9895209.166666666,1430534.0158025487,False
2015-07-01,2015,7,3,201507,X,exports,PHL,Philippines,85,"Electrical machinery and equipment and parts thereof; sound recorders and reproducers; television image and sound recorders and reproducers, parts and accessories of such articles",11470454.0,11470454.0,0.0,False,0.08219977315273352,,10036084.666666666,10120244.142857144,1435214.789571051,False
2015-08-01,2015,8,3,201508,X,exports,PHL,Philippines,85,"Electrical machinery and equipment and parts thereof; sound recorders and reproducers; television image and sound recorders and reproducers, parts and accessories of such articles",9982942.0,9982942.0,0.0,False,-0.1296820509458475,,10684199.333333334,10103081.375,1329637.1334664356,False
2015-09-01,2015,9,3,201509,X,exports,PHL,Philippines,85,"Electrical machinery and equipment and parts thereof; sound recorders and reproducers; television image and sound recorders and reproducers, parts and accessories of such articles",10730406.667,10730406.667,0.0,False,0.07487418708833515,,10727934.222333333,10172784.185222222,1261217.419453169,False
2015-10-01,2015,10,4,201510,X,exports,PHL,Philippines,85,"Electrical machinery and equipment and parts thereof; sound recorders and reproducers; television image and sound recorders and reproducers, parts and accessories of such articles",8469806.47,8469806.47,0.0,False,-0.210672369384861,,9727718.379,10002486.4137,1305351.1584476687,False
2015-11-01,2015,11,4,201511,X,exports,PHL,Philippines,85,"Electrical machinery and equipment and parts thereof; sound recorders and reproducers; television image and sound recorders and reproducers, parts and accessories of such articles",8837142.35,8837142.35,0.0,False,0.04337004408555267,,9345785.162333334,9896546.044272728,1287246.853867921,False
2015-12-01,2015,12,4,201512,X,exports,PHL,Philippines,85,"Electrical machinery and equipment and parts thereof; sound recorders and reproducers; television image and sound recorders and reproducers, parts and accessories of such articles",9620917.7,9620917.7,0.0,False,0.08869104049229204,,8975955.506666666,9873577.015583334,1229918.1309320005,False
2016-01-01,2016,1,1,201601,X,exports,PHL,Philippines,85,"Electrical machinery and equipment and parts thereof; sound recorders and reproducers; television image and sound recorders and reproducers, parts and accessories of such articles",9700155.616,9700155.616,0.0,False,0.008236003931309188,-0.043913754519036674,9386071.888666665,9836449.066916667,1227679.6977595177,False
2016-02-01,2016,2,1,201602,X,exports,PHL,Philippines,85,"Electrical machinery and equipment and parts thereof; sound recorders and reproducers; television image and sound recorders and reproducers, parts and accessories of such articles",10166087.919,10166087.919,0.0,False,0.04803348744544511,0.14498109536103088,9829053.745,9943720.8935,1192122.0476097371,False
2016-03-01,2016,3,1,201603,X,exports,PHL,Philippines,85,"Electrical machinery and equipment and parts thereof; sound recorders and reproducers; television image and sound recorders and reproducers, parts and accessories of such articles",10475389.476,10475389.476,0.0,False,0.030424835931423422,-0.13778133202604714,10113877.670333333,9804224.849833334,991651.6068094309,False
2016-04-01,2016,4,2,201604,X,exports,PHL,Philippines,85,"Electrical machinery and equipment and parts thereof; sound recorders and reproducers; television image and sound recorders and reproducers, parts and accessories of such articles",8754837.904,8754837.904,0.0,False,-0.1642470264176744,-0.08418327469068787,9798771.766333332,9737161.675166667,1035923.0428297953,False
2016-05-01,2016,5,2,201605,X,exports,PHL,Philippines,85,"Electrical machinery and equipment and parts thereof; sound recorders and reproducers; television image and sound recorders and reproducers, parts and accessories of such articles",8922097.785,8922097.785,0.0,False,0.0191048518355299,0.109907198369666,9384108.388333334,9810786.65725,930232.8637076863,False
2016-06-01,2016,6,2,201606,X,exports,PHL,Philippines,85,"Electrical machinery and equipment and parts thereof; sound recorders and reproducers; television image and sound recorders and reproducers, parts and accessories of such articles",10412450.817,10412450.817,0.0,False,0.16704065208807828,-0.01761936257088037,9363128.835333332,9795224.058666667,917316.2269601229,False
2016-07-01,2016,7,3,201607,X,exports,PHL,Philippines,85,"Electrical machinery and equipment and parts thereof; sound recorders and reproducers; television image and sound recorders and reproducers, parts and accessories of such articles",6461521.435,6461521.435,0.0,False,-0.37944278935267317,-0.4366812826240357,8598690.012333333,9377813.011583334,1185999.911952465,True
2016-08-01,2016,8,3,201608,X,exports,PHL,Philippines,85,"Electrical machinery and equipment and parts thereof; sound recorders and reproducers; television image and sound recorders and reproducers, parts and accessories of such articles",9169740.294,9169740.294,0.0,False,0.41913021356401337,-0.08145912357299079,8681237.515333334,9310046.20275,1171423.3293224839,False
2016-09-01,2016,9,3,201609,X,exports,PHL,Philippines,85,"Electrical machinery and equipment and parts thereof; sound recorders and reproducers; television image and sound recorders and reproducers, parts and accessories of such articles",9212325.421,9212325.421,0.0,False,0.004644093031496821,-0.14147471695258906,8281195.716666666,9183539.43225,1082700.190528879,False
2016-10-01,2016,10,4,201610,X,exports,PHL,Philippines,85,"Electrical machinery and equipment and parts thereof; sound recorders and reproducers; television image and sound recorders and reproducers, parts and accessories of such articles",11889783.1,11889783.1,0.0,False,0.2906386342905982,0.4037845070148336,10090616.271666666,9468537.48475,1305035.3564340794,False
2016-11-01,2016,11,4,201611,X,exports,PHL,Philippines,85,"Electrical machinery and equipment and parts thereof; sound recorders and reproducers; television image and sound recorders and reproducers, parts and accessories of such articles",17447022.044,17447022.044,0.0,False,0.4673961583033419,0.9742832414598368,12849710.188333333,10186027.45925,2625302.4722856707,True
2016-12-01,2016,12,4,201612,X,exports,PHL,Philippines,85,"Electrical machinery and equipment and parts thereof; sound recorders and reproducers; television image and sound recorders and reproducers, parts and accessories of such articles",12974169.331,12974169.331,0.0,False,-0.25636768852127434,0.34853760686467594,14103658.158333333,10465465.095166666,2735818.061625634,False
2017-01-01,2017,1,1,201701,X,exports,PHL,Philippines,85,"Electrical machinery and equipment and parts thereof; sound recorders and reproducers; television image and sound recorders and reproducers, parts and accessories of such articles",11840234.0,11840234.0,0.0,False,-0.0873994551844346,0.22062309809442948,14087141.791666666,10643804.9605,2751104.4853340494,False
2017-02-01,2017,2,1,201702,X,exports,PHL,Philippines,85,"Electrical machinery and equipment and parts thereof; sound recorders and reproducers; television image and sound recorders and reproducers, parts and accessories of such articles",14685504.55,14685504.55,0.0,False,0.2403052633925986,0.4445580902908972,13166635.960333332,11020423.013083333,2979618.0794177046,False
2017-03-01,2017,3,1,201703,X,exports,PHL,Philippines,85,"Electrical machinery and equipment and parts thereof; sound recorders and reproducers; television image and sound recorders and reproducers, parts and accessories of such articles",12486679.13,12486679.13,0.0,False,-0.1497276046943855,0.19200141995751419,13004139.226666667,11188030.48425,3002651.8758390998,False
2017-04-01,2017,4,2,201704,X,exports,PHL,Philippines,85,"Electrical machinery and equipment and parts thereof; sound recorders and reproducers; television image and sound recorders and reproducers, parts and accessories of such articles",11307023.8,11307023.8,,False,-0.09447310351443294,0.29151720728420716,12826402.493333334,11400712.64225,2903384.076226032,False
2017-05-01,2017,5,2,201705,X,exports,PHL,Philippines,85,"Electrical machinery and equipment and parts thereof; sound recorders and reproducers; television image and sound recorders and reproducers, parts and accessories of such articles",14045033.13,14045033.13,0.0,False,0.24215119543659225,0.5741850704228748,12612912.020000001,11827623.921000002,2882358.4154643253,False
2017-06-01,2017,6,2,201706,X,exports,PHL,Philippines,85,"Electrical machinery and equipment and parts thereof; sound recorders and reproducers; television image and sound recorders and reproducers, parts and accessories of such articles",11872804.27,11872804.27,,False,-0.15466171136044882,0.1402506939687762,12408287.066666668,11949320.042083332,2847798.150823771,False
2017-07-01,2017,7,3,201707,X,exports,PHL,Philippines,85,"Electrical machinery and equipment and parts thereof; sound recorders and reproducers; television image and sound recorders and reproducers, parts and accessories of such articles",12925420.51,12925420.51,0.0,False,0.08865776071620535,1.0003679690648584,12947752.636666669,12487978.298333334,2267648.0277117323,False
2017-08-01,2017,8,3,201708,X,exports,PHL,Philippines,85,"Electrical machinery and equipment and parts thereof; sound recorders and reproducers; television image and sound recorders and reproducers, parts and accessories of such articles",13661823.58,13661823.58,0.0,False,0.05697323885364258,0.489881189867426,12820016.12,12862318.572166666,2028213.3866121422,False
2017-09-01,2017,9,3,201709,X,exports,PHL,Philippines,85,"Electrical machinery and equipment and parts thereof; sound recorders and reproducers; television image and sound recorders and reproducers, parts and accessories of such articles",14223860.18,14223860.18,0.0,False,0.0411392078596875,0.544003227195593,13603701.423333332,13279946.46875,1697284.8313008093,False
2017-10-01,2017,10,4,201710,X,exports,PHL,Philippines,85,"Electrical machinery and equipment and parts thereof; sound recorders and reproducers; television image and sound recorders and reproducers, parts and accessories of such articles",16008509.14,16008509.14,0.0,False,0.12546867990936628,0.34640884575934794,14631397.633333335,13623173.63875,1803717.7556019735,False
2017-11-01,2017,11,4,201711,X,exports,PHL,Philippines,85,"Electrical machinery and equipment and parts thereof; sound recorders and reproducers; television image and sound recorders and reproducers, parts and accessories of such articles",14563131.38,14563131.38,0.0,False,-0.09028809287358786,-0.16529414915204765,14931833.566666668,13382849.41675,1393361.217587823,False
2017-12-01,2017,12,4,201712,X,exports,PHL,Philippines,85,"Electrical machinery and equipment and parts thereof; sound recorders and reproducers; television image and sound recorders and reproducers, parts and accessories of such articles",9792940.49,9792940.49,0.0,False,-0.3275525548407159,-0.24519711126313803,13454860.336666668,13117747.013333334,1738156.9546180815,False
2018-01-01,2018,1,1,201801,X,exports,PHL,Philippines,85,"Electrical machinery and equipment and parts thereof; sound recorders and reproducers; television image and sound recorders and reproducers, parts and accessories of such articles",15022871.77,15022871.77,0.0,False,0.5340511652593529,0.26879855330561875,13126314.546666667,13382966.8275,1768061.2861927254,False
2018-02-01,2018,2,1,201802,X,exports,PHL,Philippines,85,"Electrical machinery and equipment and parts thereof; sound recorders and reproducers; television image and sound recorders and reproducers, parts and accessories of such articles",13836392.62,13836392.62,0.0,False,-0.07897818527409295,-0.057819731498432,12884068.293333331,13312207.5,1727724.6116496155,False
2018-03-01,2018,3,1,201803,X,exports,PHL,Philippines,85,"Electrical machinery and equipment and parts thereof; sound recorders and reproducers; television image and sound recorders and reproducers, parts and accessories of such articles",13064554.95,13064554.95,0.0,False,-0.055783157590103105,0.04627938413277688,13974606.446666665,13360363.818333333,1710591.657202521,False
2018-04-01,2018,4,2,201804,X,exports,PHL,Philippines,85,"Electrical machinery and equipment and parts thereof; sound recorders and reproducers; television image and sound recorders and reproducers, parts and accessories of such articles",12096176.95,12096176.95,0.0,False,-0.07412254024007148,0.06979318023545678,12999041.506666666,13426126.580833333,1638109.4510717718,False
2018-05-01,2018,5,2,201805,X,exports,PHL,Philippines,85,"Electrical machinery and equipment and parts thereof; sound recorders and reproducers; television image and sound recorders and reproducers, parts and accessories of such articles",15128036.0,15128036.0,0.0,False,0.2506460563971826,0.07710931401697585,13429589.299999999,13516376.819999998,1703822.9047166633,False
2018-06-01,2018,6,2,201806,X,exports,PHL,Philippines,85,"Electrical machinery and equipment and parts thereof; sound recorders and reproducers; television image and sound recorders and reproducers, parts and accessories of such articles",10166221.59,10166221.59,0.0,False,-0.32798800915069215,-0.14373880350341195,12463478.18,13374161.596666666,1911987.1789703812,False
2018-07-01,2018,7,3,201807,X,exports,PHL,Philippines,85,"Electrical machinery and equipment and parts thereof; sound recorders and reproducers; television image and sound recorders and reproducers, parts and accessories of such articles",15409041.92,15409041.92,0.0,False,0.5157098223352812,0.19215014382537876,13567766.503333336,13581130.0475,1991755.3425367475,False
2018-08-01,2018,8,3,201808,X,exports,PHL,Philippines,85,"Electrical machinery and equipment and parts thereof; sound recorders and reproducers; television image and sound recorders and reproducers, parts and accessories of such articles",13630569.86,13630569.86,0.0,False,-0.11541743277962346,-0.0022876682469941123,13068611.123333335,13578525.570833333,1991660.6647594057,False
2018-09-01,2018,9,3,201809,X,exports,PHL,Philippines,85,"Electrical machinery and equipment and parts thereof; sound recorders and reproducers; television image and sound recorders and reproducers, parts and accessories of such articles",14708132.52,14708132.52,0.0,False,0.0790548503157007,0.03404647781063885,14582581.433333332,13618881.599166667,2010740.3890243534,False
2018-10-01,2018,10,4,201810,X,exports,PHL,Philippines,85,"Electrical machinery and equipment and parts thereof; sound recorders and reproducers; television image and sound recorders and reproducers, parts and accessories of such articles",20685167.12,20685167.12,0.0,False,0.4063761726291546,0.29213575974508266,16341289.833333334,14008603.097500002,2810262.413425986,True
2018-11-01,2018,11,4,201811,X,exports,PHL,Philippines,85,"Electrical machinery and equipment and parts thereof; sound recorders and reproducers; television image and sound recorders and reproducers, parts and accessories of such articles",18465088.97,18465088.97,0.0,False,-0.10732705890751348,0.26793396888245313,17952796.203333333,14333766.229999999,3091885.49591458,False
2018-12-01,2018,12,4,201812,X,exports,PHL,Philippines,85,"Electrical machinery and equipment and parts thereof; sound recorders and reproducers; television image and sound recorders and reproducers, parts and accessories of such articles",10618017.99,10618017.99,0.0,False,-0.42496794858389464,0.08425227344560327,16589424.693333335,14402522.688333333,2989196.7953339517,False
2019-01-01,2019,1,1,201901,X,exports,PHL,Philippines,85,"Electrical machinery and equipment and parts thereof; sound recorders and reproducers; television image and sound recorders and reproducers, parts and accessories of such articles",13664031.653,13664031.653,0.0,False,0.28687215126860033,-0.0904514221916971,14249046.204333333,14289286.011916667,2989298.15084494,False
2019-02-01,2019,2,1,201902,X,exports,PHL,Philippines,85,"Electrical machinery and equipment and parts thereof; sound recorders and reproducers; television image and sound recorders and reproducers, parts and accessories of such articles",9661889.576,9661889.576,0.0,False,-0.2928961362674619,-0.30170458143590895,11314646.406333333,13941410.758249998,3275951.1710538985,False
2019-03-01,2019,3,1,201903,X,exports,PHL,Philippines,85,"Electrical machinery and equipment and parts thereof; sound recorders and reproducers; television image and sound recorders and reproducers, parts and accessories of such articles",14634278.802,14634278.802,0.0,False,0.5146394177751055,0.12015134522435456,12653400.010333331,14072221.07925,3269087.595298088,False
2019-04-01,2019,4,2,201904,X,exports,PHL,Philippines,85,"Electrical machinery and equipment and parts thereof; sound recorders and reproducers; television image and sound recorders and reproducers, parts and accessories of such articles",15219686.683,15219686.683,0.0,False,0.04000250978681619,0.25822288694280404,13171951.687,14332513.557000002,3221450.4297742164,False
2019-05-01,2019,5,2,201905,X,exports,PHL,Philippines,85,"Electrical machinery and equipment and parts thereof; sound recorders and reproducers; television image and sound recorders and reproducers, parts and accessories of such articles",21959586.549,21959586.549,0.0,False,0.4428409077256692,0.45158211872314413,17271184.01133333,14901809.436083334,3905769.444379118,False
2019-06-01,2019,6,2,201906,X,exports,PHL,Philippines,85,"Electrical machinery and equipment and parts thereof; sound recorders and reproducers; television image and sound recorders and reproducers, parts and accessories of such articles",19411693.902,19411693.902,0.0,False,-0.11602643981090921,0.9094305322927747,18863655.71133333,15672265.462083334,3797073.278090147,False
2019-07-01,2019,7,3,201907,X,exports,PHL,Philippines,85,"Electrical machinery and equipment and parts thereof; sound recorders and reproducers; television image and sound recorders and reproducers, parts and accessories of such articles",29086681.599,29086681.599,0.0,False,0.49841027505606705,0.8876372554511163,23485987.349999998,16812068.768666666,5417839.8496409515,True
2019-08-01,2019,8,3,201908,X,exports,PHL,Philippines,85,"Electrical machinery and equipment and parts thereof; sound recorders and reproducers; television image and sound recorders and reproducers, parts and accessories of such articles",17202196.568,17202196.568,0.0,False,-0.4085885490426171,0.26203062268740696,21900190.68966667,17109704.327666666,5324472.626741569,False
2019-09-01,2019,9,3,201909,X,exports,PHL,Philippines,85,"Electrical machinery and equipment and parts thereof; sound recorders and reproducers; television image and sound recorders and reproducers, parts and accessories of such articles",28896995.055,28896995.055,0.0,False,0.6798433235413079,0.9646950430794732,25061957.74066667,18292109.538916666,6239506.003336015,False
2019-10-01,2019,10,4,201910,X,exports,PHL,Philippines,85,"Electrical machinery and equipment and parts thereof; sound recorders and reproducers; television image and sound recorders and reproducers, parts and accessories of such articles",32496193.965,32496193.965,0.0,False,0.12455270532972729,0.5709901581399455,26198461.862666667,19276361.775999997,7462939.020281292,False
2019-11-01,2019,11,4,201911,X,exports,PHL,Philippines,85,"Electrical machinery and equipment and parts thereof; sound recorders and reproducers; television image and sound recorders and reproducers, parts and accessories of such articles",32146765.958,32146765.958,0.0,False,-0.010752890242357371,0.7409483382521715,31179984.992666665,20416501.525,8323243.26810222,False
2019-12-01,2019,12,4,201912,X,exports,PHL,Philippines,85,"Electrical machinery and equipment and parts thereof; sound recorders and reproducers; television image and sound recorders and reproducers, parts and accessories of such articles",17149982.066,17149982.066,0.0,False,-0.4665098788348855,0.6151773412092325,27264313.996333335,20960831.864666667,7822720.330528355,False
2020-01-01,2020,1,1,202001,X,exports,PHL,Philippines,85,"Electrical machinery and equipment and parts thereof; sound recorders and reproducers; television image and sound recorders and reproducers, parts and accessories of such articles",21250116.299,21250116.299,0.0,False,0.23907513239495182,0.5551864075442505,23515621.441,21593005.585166667,7478387.987859399,False
2020-02-01,2020,2,1,202002,X,exports,PHL,Philippines,85,"Electrical machinery and equipment and parts thereof; sound recorders and reproducers; television image and sound recorders and reproducers, parts and accessories of such articles",21441168.575,21441168.575,0.0,False,0.008990646136322056,1.2191485843783152,19947088.98,22574612.168416668,6475815.591376493,False
2020-03-01,2020,3,1,202003,X,exports,PHL,Philippines,85,"Electrical machinery and equipment and parts thereof; sound recorders and reproducers; television image and sound recorders and reproducers, parts and accessories of such articles",23242091.088,23242091.088,0.0,False,0.0839936735117992,0.5881951821789544,21977791.98733333,23291929.858916666,5973579.415892122,False
2020-04-01,2020,4,2,202004,X,exports,PHL,Philippines,85,"Electrical machinery and equipment and parts thereof; sound recorders and reproducers; television image and sound recorders and reproducers, parts and accessories of such articles",7337219.524,7337219.524,0.0,False,-0.6843132790324429,-0.5179125775174146,17340159.729,22635057.595666666,7240881.785546867,True
2020-05-01,2020,5,2,202005,X,exports,PHL,Philippines,85,"Electrical machinery and equipment and parts thereof; sound recorders and reproducers; television image and sound recorders and reproducers, parts and accessories of such articles",3487802.381,3487802.381,0.0,False,-0.5246424930327599,-0.841171764631478,11355704.331,21095742.24833333,9117721.404013038,False
2020-06-01,2020,6,2,202006,X,exports,PHL,Philippines,85,"Electrical machinery and equipment and parts thereof; sound recorders and reproducers; television image and sound recorders and reproducers, parts and accessories of such articles",11061128.326,11061128.326,0.0,False,2.171374727609603,-0.4301822199627635,7295383.410333333,20399861.783666667,9565600.023461979,False
2020-07-01,2020,7,3,202007,X,exports,PHL,Philippines,85,"Electrical machinery and equipment and parts thereof; sound recorders and reproducers; television image and sound recorders and reproducers, parts and accessories of such articles",18511948.777,18511948.777,0.0,False,0.673604015015927,-0.36355927320232917,11020293.161333332,19518634.0485,9171558.66132491,False
2020-08-01,2020,8,3,202008,X,exports,PHL,Philippines,85,"Electrical machinery and equipment and parts thereof; sound recorders and reproducers; television image and sound recorders and reproducers, parts and accessories of such articles",14149645.442,14149645.442,0.0,False,-0.2356479799911667,-0.1774512408303972,14574240.84833333,19264254.788,9283298.891591948,False
2020-09-01,2020,9,3,202009,X,exports,PHL,Philippines,85,"Electrical machinery and equipment and parts thereof; sound recorders and reproducers; television image and sound recorders and reproducers, parts and accessories of such articles",15608104.224,15608104.224,0.0,False,0.1030738747467761,-0.4598710283095905,16089899.480999999,18156847.21875,8810311.907691533,False
2020-10-01,2020,10,4,202010,X,exports,PHL,Philippines,85,"Electrical machinery and equipment and parts thereof; sound recorders and reproducers; television image and sound recorders and reproducers, parts and accessories of such articles",21054017.877,21054017.877,0.0,False,0.3489157667608358,-0.3521081915107901,16937255.847666666,17203332.54475,7661616.284086407,False
2020-11-01,2020,11,4,202011,X,exports,PHL,Philippines,85,"Electrical machinery and equipment and parts thereof; sound recorders and reproducers; television image and sound recorders and reproducers, parts and accessories of such articles",22790470.813,22790470.813,0.0,False,0.08247608347938895,-0.2910493440374087,19817530.971333336,16423641.282666668,6369807.298445578,False
2020-12-01,2020,12,4,202012,X,exports,PHL,Philippines,85,"Electrical machinery and equipment and parts thereof; sound recorders and reproducers; television image and sound recorders and reproducers, parts and accessories of such articles",17976146.494,17976146.494,0.0,False,-0.2112428636732614,0.04817290331969959,20606878.394666668,16492488.318333333,6382822.955817924,False
2021-01-01,2021,1,1,202101,X,exports,PHL,Philippines,85,"Electrical machinery and equipment and parts thereof; sound recorders and reproducers; television image and sound recorders and reproducers, parts and accessories of such articles",12340431.593,12340431.593,,False,-0.3135107350666654,-0.41927698562380455,17702349.633333337,15750014.592833333,6296709.544673084,False
2021-02-01,2021,2,1,202102,X,exports,PHL,Philippines,85,"Electrical machinery and equipment and parts thereof; sound recorders and reproducers; television image and sound recorders and reproducers, parts and accessories of such articles",17203525.607,17203525.607,,False,0.3940781144768508,-0.19764048555361902,15840034.564666668,15396877.678833334,6063010.461725844,False
2021-03-01,2021,3,1,202103,X,exports,PHL,Philippines,85,"Electrical machinery and equipment and parts thereof; sound recorders and reproducers; television image and sound recorders and reproducers, parts and accessories of such articles",17217234.72,17217234.72,,False,0.0007968781116831636,-0.25922178624928727,15587063.973333335,14894806.314833334,5584902.317989572,False
2021-04-01,2021,4,2,202104,X,exports,PHL,Philippines,85,"Electrical machinery and equipment and parts thereof; sound recorders and reproducers; television image and sound recorders and reproducers, parts and accessories of such articles",20311985.77,20311985.77,,False,0.17974727651270594,1.7683491959807962,18244248.699,15976036.835333332,5233653.988661101,False
2021-05-01,2021,5,2,202105,X,exports,PHL,Philippines,85,"Electrical machinery and equipment and parts thereof; sound recorders and reproducers; television image and sound recorders and reproducers, parts and accessories of such articles",16116263.636,16116263.636,,False,-0.20656385749328932,3.6207502247817294,17881828.042,17028408.606583335,3465102.6802764735,False
2021-06-01,2021,6,2,202106,X,exports,PHL,Philippines,85,"Electrical machinery and equipment and parts thereof; sound recorders and reproducers; television image and sound recorders and reproducers, parts and accessories of such articles",16288033.54,16288033.54,,False,0.01065817163826388,0.4725471995215689,17572094.315333333,17463984.041083332,2934734.186754356,False
2021-07-01,2021,7,3,202107,X,exports,PHL,Philippines,85,"Electrical machinery and equipment and parts thereof; sound recorders and reproducers; television image and sound recorders and reproducers, parts and accessories of such articles",31814309.446,31814309.446,,False,0.9532320686761062,0.7185824047615881,21406202.207333334,18572514.096833333,5088550.916618516,True
2021-08-01,2021,8,3,202108,X,exports,PHL,Philippines,85,"Electrical machinery and equipment and parts thereof; sound recorders and reproducers; television image and sound recorders and reproducers, parts and accessories of such articles",15126018.369,15126018.369,,False,-0.5245529878725126,0.06900334930668017,21076120.451666668,18653878.507416666,5018728.364812978,False
2021-09-01,2021,9,3,202109,X,exports,PHL,Philippines,85,"Electrical machinery and equipment and parts thereof; sound recorders and reproducers; television image and sound recorders and reproducers, parts and accessories of such articles",19117030.943,19117030.943,,False,0.2638508348092037,0.22481440850481094,22019119.586,18946289.067333333,4926511.769488695,False
2021-10-01,2021,10,4,202110,X,exports,PHL,Philippines,85,"Electrical machinery and equipment and parts thereof; sound recorders and reproducers; television image and sound recorders and reproducers, parts and accessories of such articles",13061825.729,13061825.729,,False,-0.3167440190924212,-0.3796041304178285,15768291.680333337,18280273.055,5150791.293709545,False
2021-11-01,2021,11,4,202111,X,exports,PHL,Philippines,85,"Electrical machinery and equipment and parts thereof; sound recorders and reproducers; television image and sound recorders and reproducers, parts and accessories of such articles",11329955.725,11329955.725,,False,-0.1325901937395233,-0.5028643410676169,14502937.465666667,17325230.131,5298858.400174815,False
2021-12-01,2021,12,4,202112,X,exports,PHL,Philippines,85,"Electrical machinery and equipment and parts thereof; sound recorders and reproducers; television image and sound recorders and reproducers, parts and accessories of such articles",17518205.109,17518205.109,,False,0.5461847807882763,-0.025474947322711716,13969995.521,17287068.348916665,5295392.295256723,False
2022-01-01,2022,1,1,202201,X,exports,PHL,Philippines,85,"Electrical machinery and equipment and parts thereof; sound recorders and reproducers; television image and sound recorders and reproducers, parts and accessories of such articles",14805128.797,14805128.797,,False,-0.1548718202075482,0.19972536498626825,14551096.543666666,17492459.782583334,5131343.579320807,False
2022-02-01,2022,2,1,202202,X,exports,PHL,Philippines,85,"Electrical machinery and equipment and parts thereof; sound recorders and reproducers; television image and sound recorders and reproducers, parts and accessories of such articles",17403283.185,17403283.185,,False,0.17549015774361032,0.011611432596044136,16575539.030333335,17509106.247416668,5130645.010572566,False
2022-03-01,2022,3,1,202203,X,exports,PHL,Philippines,85,"Electrical machinery and equipment and parts thereof; sound recorders and reproducers; television image and sound recorders and reproducers, parts and accessories of such articles",17888120.729,17888120.729,,False,0.027858969991241933,0.03896595591048557,16698844.236999998,17565013.414833333,5130830.662165156,False
2022-04-01,2022,4,2,202204,X,exports,PHL,Philippines,85,"Electrical machinery and equipment and parts thereof; sound recorders and reproducers; television image and sound recorders and reproducers, parts and accessories of such articles",14589188.492,14589188.492,,False,-0.18442028019476686,-0.2817448447828447,16626864.135333335,17088113.641666666,5118239.507784476,False
2022-05-01,2022,5,2,202205,X,exports,PHL,Philippines,85,"Electrical machinery and equipment and parts thereof; sound recorders and reproducers; television image and sound recorders and reproducers, parts and accessories of such articles",9976423.25,9976423.25,,False,-0.31617695833660764,-0.38097170192010377,14151244.157,16576460.276166664,5515682.682924,False
2022-06-01,2022,6,2,202206,X,exports,PHL,Philippines,85,"Electrical machinery and equipment and parts thereof; sound recorders and reproducers; television image and sound recorders and reproducers, parts and accessories of such articles",15877103.122,15877103.122,,False,0.5914624634635464,-0.02522897665889745,13480904.954666667,16542216.074666666,5518910.865121327,False
2022-07-01,2022,7,3,202207,X,exports,PHL,Philippines,85,"Electrical machinery and equipment and parts thereof; sound recorders and reproducers; television image and sound recorders and reproducers, parts and accessories of such articles",19133970.902,19133970.902,,False,0.20512984988345528,-0.39857343330123085,14995832.424666667,15485521.196,2940674.8893250306,False
2022-08-01,2022,8,3,202208,X,exports,PHL,Philippines,85,"Electrical machinery and equipment and parts thereof; sound recorders and reproducers; television image and sound recorders and reproducers, parts and accessories of such articles",22720322.381,22720322.381,,False,0.18743372702762584,0.5020689402020122,19243798.801666666,16118379.863666667,3599624.2434800295,False
2022-09-01,2022,9,3,202209,X,exports,PHL,Philippines,85,"Electrical machinery and equipment and parts thereof; sound recorders and reproducers; television image and sound recorders and reproducers, parts and accessories of such articles",24032703.997,24032703.997,,False,0.05776245574303496,0.25713580046277795,21962332.426666666,16528019.284833334,4201311.552405458,False
2022-10-01,2022,10,4,202210,X,exports,PHL,Philippines,85,"Electrical machinery and equipment and parts thereof; sound recorders and reproducers; television image and sound recorders and reproducers, parts and accessories of such articles",24372444.39,24372444.39,,False,0.014136586255229844,0.8659293804454953,23708490.256,17470570.839916665,4602577.070811124,False
2022-11-01,2022,11,4,202211,X,exports,PHL,Philippines,85,"Electrical machinery and equipment and parts thereof; sound recorders and reproducers; television image and sound recorders and reproducers, parts and accessories of such articles",30096010.971,30096010.971,,False,0.2348376096140925,1.6563220282133981,26167053.119333338,19034408.777083334,5438652.807866745,True
2022-12-01,2022,12,4,202212,X,exports,PHL,Philippines,85,"Electrical machinery and equipment and parts thereof; sound recorders and reproducers; television image and sound recorders and reproducers, parts and accessories of such articles",22281785.667,22281785.667,,False,-0.25964322353316704,0.27192172533433245,25583413.676,19431373.823583335,5491514.082771273,False
2023-01-01,2023,1,1,202301,X,exports,PHL,Philippines,85,"Electrical machinery and equipment and parts thereof; sound recorders and reproducers; television image and sound recorders and reproducers, parts and accessories of such articles",25066576.609,25066576.609,,False,0.12498060001198019,0.693100880964933,25814791.082333338,20286494.47458333,5504564.945137544,False
2023-02-01,2023,2,1,202302,X,exports,PHL,Philippines,85,"Electrical machinery and equipment and parts thereof; sound recorders and reproducers; television image and sound recorders and reproducers, parts and accessories of such articles",26196560.703,26196560.703,,False,0.045079314643798885,0.5052654389706757,24514974.326333333,21019267.601083335,5668694.619755154,False
2023-03-01,2023,3,1,202303,X,exports,PHL,Philippines,85,"Electrical machinery and equipment and parts thereof; sound recorders and reproducers; television image and sound recorders and reproducers, parts and accessories of such articles",21766011.049,21766011.049,,False,-0.16912715009541768,0.21678578643050028,24343049.45366667,21342425.127749998,5583868.4961918695,False
2023-04-01,2023,4,2,202304,X,exports,PHL,Philippines,85,"Electrical machinery and equipment and parts thereof; sound recorders and reproducers; television image and sound recorders and reproducers, parts and accessories of such articles",17366962.855,17366962.855,,False,-0.20210631080250718,0.19039951156455315,21776511.535666667,21573906.324666668,5330278.467053833,False
2023-05-01,2023,5,2,202305,X,exports,PHL,Philippines,85,"Electrical machinery and equipment and parts thereof; sound recorders and reproducers; television image and sound recorders and reproducers, parts and accessories of such articles",22266609.131,22266609.131,,False,0.28212453247629177,1.2319230623059223,20466527.67833333,22598088.48141667,3883781.993787834,False
2023-06-01,2023,6,2,202306,X,exports,PHL,Philippines,85,"Electrical machinery and equipment and parts thereof; sound recorders and reproducers; television image and sound recorders and reproducers, parts and accessories of such articles",21486695.25,21486695.25,,False,-0.035026163005402955,0.3533133270531643,20373422.412,23065554.49208333,3294108.3134449557,False
2023-07-01,2023,7,3,202307,X,exports,PHL,Philippines,85,"Electrical machinery and equipment and parts thereof; sound recorders and reproducers; television image and sound recorders and reproducers, parts and accessories of such articles",24005749.805,24005749.805,,False,0.11723787793751117,0.2546141063949654,22586351.395333335,23471536.06733333,3057203.2765419492,False
2023-08-01,2023,8,3,202308,X,exports,PHL,Philippines,85,"Electrical machinery and equipment and parts thereof; sound recorders and reproducers; television image and sound recorders and reproducers, parts and accessories of such articles",20499320.661,20499320.661,,False,-0.14606622048812945,-0.09775397033350763,21997255.23866667,23286452.590666667,3171894.7923939954,False
2023-09-01,2023,9,3,202309,X,exports,PHL,Philippines,85,"Electrical machinery and equipment and parts thereof; sound recorders and reproducers; television image and sound recorders and reproducers, parts and accessories of such articles",24653872.672,24653872.672,,False,0.2026677898113982,0.02584680754514923,23052981.046,23338216.64691667,3190196.269558054,False
2023-10-01,2023,10,4,202310,X,exports,PHL,Philippines,85,"Electrical machinery and equipment and parts thereof; sound recorders and reproducers; television image and sound recorders and reproducers, parts and accessories of such articles",20820780.813,20820780.813,,False,-0.1554762576247639,-0.1457245535231273,21991324.71533333,23042244.682166666,3249720.798183803,False
2023-11-01,2023,11,4,202311,X,exports,PHL,Philippines,85,"Electrical machinery and equipment and parts thereof; sound recorders and reproducers; television image and sound recorders and reproducers, parts and accessories of such articles",16949404.113,16949404.113,,False,-0.18593811321344889,-0.4368222376934885,20808019.199333332,21946694.110666666,2846558.5699683996,False
2023-12-01,2023,12,4,202312,X,exports,PHL,Philippines,85,"Electrical machinery and equipment and parts thereof; sound recorders and reproducers; television image and sound recorders and reproducers, parts and accessories of such articles",15308790.336,15308790.336,,False,-0.09679477615037035,-0.31294598355854475,17692991.753999997,21365611.166416667,3424901.3805084433,False
2024-01-01,2024,1,1,202401,X,exports,PHL,Philippines,85,"Electrical machinery and equipment and parts thereof; sound recorders and reproducers; television image and sound recorders and reproducers, parts and accessories of such articles",18898900.726,18898900.726,,False,0.23451300273918663,-0.24605178358442192,17052365.058333334,20851638.176166665,3278676.8464993658,False
2024-02-01,2024,2,1,202402,X,exports,PHL,Philippines,85,"Electrical machinery and equipment and parts thereof; sound recorders and reproducers; television image and sound recorders and reproducers, parts and accessories of such articles",18667352.861,18667352.861,,False,-0.012251922392578551,-0.28741207394975954,17625014.641,20224204.18933333,2856026.564806439,False
2024-03-01,2024,3,1,202403,X,exports,PHL,Philippines,85,"Electrical machinery and equipment and parts thereof; sound recorders and reproducers; television image and sound recorders and reproducers, parts and accessories of such articles",17859324.467,17859324.467,,False,-0.04328564419479852,-0.17948564728765426,18475192.684666667,19898646.974166665,2886794.4290589564,False
2024-04-01,2024,4,2,202404,X,exports,PHL,Philippines,85,"Electrical machinery and equipment and parts thereof; sound recorders and reproducers; television image and sound recorders and reproducers, parts and accessories of such articles",14281481.863,14281481.863,,False,-0.20033471090191823,-0.17766382169186723,16936053.063666668,19641523.558166668,3247644.920502259,False
2024-05-01,2024,5,2,202405,X,exports,PHL,Philippines,85,"Electrical machinery and equipment and parts thereof; sound recorders and reproducers; television image and sound recorders and reproducers, parts and accessories of such articles",20996174.45,20996174.45,,False,0.4701677775046724,-0.05705559717358477,17712326.926666666,19535654.001416665,3174166.7087427014,False
2024-06-01,2024,6,2,202406,X,exports,PHL,Philippines,85,"Electrical machinery and equipment and parts thereof; sound recorders and reproducers; television image and sound recorders and reproducers, parts and accessories of such articles",23443620.945,23443620.945,,False,0.1165663059634181,0.09107616002512064,19573759.086,19698731.142666668,3329963.0229216767,False
2024-07-01,2024,7,3,202407,X,exports,PHL,Philippines,85,"Electrical machinery and equipment and parts thereof; sound recorders and reproducers; television image and sound recorders and reproducers, parts and accessories of such articles",24342720.314,24342720.314,,False,0.03835155717238958,0.01403707493984685,22927505.23633333,19726812.018416665,3370755.975540493,False
2024-08-01,2024,8,3,202408,X,exports,PHL,Philippines,85,"Electrical machinery and equipment and parts thereof; sound recorders and reproducers; television image and sound recorders and reproducers, parts and accessories of such articles",23074567.573,23074567.573,,False,-0.052095769274835724,0.12562596363983003,23620302.943999995,19941415.927750003,3503764.130560487,False
2024-09-01,2024,9,3,202409,X,exports,PHL,Philippines,85,"Electrical machinery and equipment and parts thereof; sound recorders and reproducers; television image and sound recorders and reproducers, parts and accessories of such articles",21360513.049,21360513.049,,False,-0.07428327827064674,-0.1335838659838764,22925933.64533333,19666969.2925,3218451.4982792772,False
2024-10-01,2024,10,4,202410,X,exports,PHL,Philippines,85,"Electrical machinery and equipment and parts thereof; sound recorders and reproducers; television image and sound recorders and reproducers, parts and accessories of such articles",21513782.43,21513782.43,,False,0.00717536047230749,0.03328413200370006,21982954.35066667,19724719.427249998,3247126.664351643,False
2024-11-01,2024,11,4,202411,X,exports,PHL,Philippines,85,"Electrical machinery and equipment and parts thereof; sound recorders and reproducers; television image and sound recorders and reproducers, parts and accessories of such articles",18435193.201,18435193.201,,False,-0.14309846439215845,0.08766025508002473,20436496.226666667,19848535.184583332,3158807.111025031,False
2024-12-01,2024,12,4,202412,X,exports,PHL,Philippines,85,"Electrical machinery and equipment and parts thereof; sound recorders and reproducers; television image and sound recorders and reproducers, parts and accessories of such articles",17794659.578,17794659.578,,False,-0.034745153794496386,0.1623818203424119,19247878.403,20055690.954749998,2905368.785400953,False
2015-01-01,2015,1,1,201501,M,imports,PHL,Philippines,85,"Electrical machinery and equipment and parts thereof; sound recorders and reproducers; television image and sound recorders and reproducers, parts and accessories of such articles",10156627.0,0.0,10156627.0,False,,,10156627.0,,,False
2015-02-01,2015,2,1,201502,M,imports,PHL,Philippines,85,"Electrical machinery and equipment and parts thereof; sound recorders and reproducers; television image and sound recorders and reproducers, parts and accessories of such articles",11060163.0,0.0,11060163.0,False,0.08896024241118639,,10608395.0,,,False
2015-03-01,2015,3,1,201503,M,imports,PHL,Philippines,85,"Electrical machinery and equipment and parts thereof; sound recorders and reproducers; television image and sound recorders and reproducers, parts and accessories of such articles",12493060.0,0.0,12493060.0,False,0.1295547814259157,,11236616.666666666,,,False
2015-04-01,2015,4,2,201504,M,imports,PHL,Philippines,85,"Electrical machinery and equipment and parts thereof; sound recorders and reproducers; television image and sound recorders and reproducers, parts and accessories of such articles",9196441.0,0.0,9196441.0,False,-0.2638760239685073,,10916554.666666666,,,False
2015-05-01,2015,5,2,201505,M,imports,PHL,Philippines,85,"Electrical machinery and equipment and parts thereof; sound recorders and reproducers; television image and sound recorders and reproducers, parts and accessories of such articles",10729244.0,0.0,10729244.0,False,0.1666734990198926,,10806248.333333334,,,False
2015-06-01,2015,6,2,201506,M,imports,PHL,Philippines,85,"Electrical machinery and equipment and parts thereof; sound recorders and reproducers; television image and sound recorders and reproducers, parts and accessories of such articles",11819878.0,0.0,11819878.0,False,0.10165059159806589,,10581854.333333334,10909235.5,1174140.5719450717,False
2015-07-01,2015,7,3,201507,M,imports,PHL,Philippines,85,"Electrical machinery and equipment and parts thereof; sound recorders and reproducers; television image and sound recorders and reproducers, parts and accessories of such articles",8875792.0,0.0,8875792.0,False,-0.24907922061462906,,10474971.333333334,10618743.57142857,1318915.2081144636,False
2015-08-01,2015,8,3,201508,M,imports,PHL,Philippines,85,"Electrical machinery and equipment and parts thereof; sound recorders and reproducers; television image and sound recorders and reproducers, parts and accessories of such articles",11731801.0,0.0,11731801.0,False,0.3217751159558493,,10809157.0,10757875.75,1282924.0424881803,False
2015-09-01,2015,9,3,201509,M,imports,PHL,Philippines,85,"Electrical machinery and equipment and parts thereof; sound recorders and reproducers; television image and sound recorders and reproducers, parts and accessories of such articles",12371887.0,0.0,12371887.0,False,0.05455990942908073,,10993160.0,10937210.333333334,1315144.6199787308,False
2015-10-01,2015,10,4,201510,M,imports,PHL,Philippines,85,"Electrical machinery and equipment and parts thereof; sound recorders and reproducers; television image and sound recorders and reproducers, parts and accessories of such articles",9931261.0,0.0,9931261.0,False,-0.19727192787971637,,11344983.0,10836615.4,1280086.0920171824,False
2015-11-01,2015,11,4,201511,M,imports,PHL,Philippines,85,"Electrical machinery and equipment and parts thereof; sound recorders and reproducers; television image and sound recorders and reproducers, parts and accessories of such articles",10303024.0,0.0,10303024.0,False,0.03743361492563735,,10868724.0,10788107.090909092,1225006.9302814947,False
2015-12-01,2015,12,4,201512,M,imports,PHL,Philippines,85,"Electrical machinery and equipment and parts thereof; sound recorders and reproducers; television image and sound recorders and reproducers, parts and accessories of such articles",11932329.0,0.0,11932329.0,False,0.15813852321415545,,10722204.666666666,10883458.916666666,1213805.4330199757,False
2016-01-01,2016,1,1,201601,M,imports,PHL,Philippines,85,"Electrical machinery and equipment and parts thereof; sound recorders and reproducers; television image and sound recorders and reproducers, parts and accessories of such articles",8118588.0,0.0,8118588.0,False,-0.3196141340051888,-0.20066100684804122,10117980.333333334,10713622.333333334,1445263.5145631172,False
2016-02-01,2016,2,1,201602,M,imports,PHL,Philippines,85,"Electrical machinery and equipment and parts thereof; sound recorders and reproducers; television image and sound recorders and reproducers, parts and accessories of such articles",11288467.0,0.0,11288467.0,False,0.3904470826700406,0.02064201042968361,10446461.333333334,10732647.666666666,1451728.2894173434,False
2016-03-01,2016,3,1,201603,M,imports,PHL,Philippines,85,"Electrical machinery and equipment and parts thereof; sound recorders and reproducers; television image and sound recorders and reproducers, parts and accessories of such articles",19818233.0,0.0,19818233.0,False,0.7556177468561498,0.5863393756213449,13075096.0,11343078.75,2987245.025485648,True
2016-04-01,2016,4,2,201604,M,imports,PHL,Philippines,85,"Electrical machinery and equipment and parts thereof; sound recorders and reproducers; television image and sound recorders and reproducers, parts and accessories of such articles",9661501.0,0.0,9661501.0,False,-0.5124943278242818,0.05056956272540658,13589400.333333334,11381833.75,2959754.104719546,False
2016-05-01,2016,5,2,201605,M,imports,PHL,Philippines,85,"Electrical machinery and equipment and parts thereof; sound recorders and reproducers; television image and sound recorders and reproducers, parts and accessories of such articles",11253693.0,0.0,11253693.0,False,0.16479758165941294,0.048880331177107994,13577809.0,11425537.833333334,2953106.4394764747,False
2016-06-01,2016,6,2,201606,M,imports,PHL,Philippines,85,"Electrical machinery and equipment and parts thereof; sound recorders and reproducers; television image and sound recorders and reproducers, parts and accessories of such articles",12231135.0,0.0,12231135.0,False,0.08685522165923665,0.03479367553539903,11048776.333333334,11459809.25,2960476.0418729684,False
2016-07-01,2016,7,3,201607,M,imports,PHL,Philippines,85,"Electrical machinery and equipment and parts thereof; sound recorders and reproducers; television image and sound recorders and reproducers, parts and accessories of such articles",9473963.0,0.0,9473963.0,False,-0.22542241582649525,0.0673935351346675,10986263.666666666,11509656.833333334,2917739.242214044,False
2016-08-01,2016,8,3,201608,M,imports,PHL,Philippines,85,"Electrical machinery and equipment and parts thereof; sound recorders and reproducers; television image and sound recorders and reproducers, parts and accessories of such articles",12606164.0,0.0,12606164.0,False,0.3306114875052817,0.07452930713707118,11437087.333333334,11582520.416666666,2934659.587747892,False
2016-09-01,2016,9,3,201609,M,imports,PHL,Philippines,85,"Electrical machinery and equipment and parts thereof; sound recorders and reproducers; television image and sound recorders and reproducers, parts and accessories of such articles",12623077.0,0.0,12623077.0,False,0.0013416452459289463,0.020303289223382093,11567734.666666666,11603452.916666666,2941689.314000111,False
2016-10-01,2016,10,4,201610,M,imports,PHL,Philippines,85,"Electrical machinery and equipment and parts thereof; sound recorders and reproducers; television image and sound recorders and reproducers, parts and accessories of such articles",13007004.0,0.0,13007004.0,False,0.030414692075474203,0.30970316861071323,12745415.0,11859764.833333334,2916633.7457446884,False
2016-11-01,2016,11,4,201611,M,imports,PHL,Philippines,85,"Electrical machinery and equipment and parts thereof; sound recorders and reproducers; television image and sound recorders and reproducers, parts and accessories of such articles",12340991.0,0.0,12340991.0,False,-0.05120418199302468,0.19780280042053677,12657024.0,12029595.416666666,2876808.5845236215,False
2016-12-01,2016,12,4,201612,M,imports,PHL,Philippines,85,"Electrical machinery and equipment and parts thereof; sound recorders and reproducers; television image and sound recorders and reproducers, parts and accessories of such articles",12894779.0,0.0,12894779.0,False,0.044873867908987286,0.08065902306247175,12747591.333333334,12109799.583333334,2887247.7194589004,False
2017-01-01,2017,1,1,201701,M,imports,PHL,Philippines,85,"Electrical machinery and equipment and parts thereof; sound recorders and reproducers; television image and sound recorders and reproducers, parts and accessories of such articles",13594513.0,0.0,13594513.0,False,0.05426490830125896,0.6744922885605231,12943427.666666666,12566126.666666666,2619402.8547747033,False
2017-02-01,2017,2,1,201702,M,imports,PHL,Philippines,85,"Electrical machinery and equipment and parts thereof; sound recorders and reproducers; television image and sound recorders and reproducers, parts and accessories of such articles",12167350.0,0.0,12167350.0,False,-0.10498081100808832,0.07785671872008848,12885547.333333334,12639366.916666666,2592580.733678155,False
2017-03-01,2017,3,1,201703,M,imports,PHL,Philippines,85,"Electrical machinery and equipment and parts thereof; sound recorders and reproducers; television image and sound recorders and reproducers, parts and accessories of such articles",14673422.0,0.0,14673422.0,False,0.2059669525410217,-0.2595998846113071,13478428.333333334,12210632.666666666,1487271.1014458227,False
2017-04-01,2017,4,2,201704,M,imports,PHL,Philippines,85,"Electrical machinery and equipment and parts thereof; sound recorders and reproducers; television image and sound recorders and reproducers, parts and accessories of such articles",12153133.0,,12153133.0,False,-0.1717587758329311,0.25789284708452653,12997968.333333334,12418268.666666666,1254794.8067265293,False
2017-05-01,2017,5,2,201705,M,imports,PHL,Philippines,85,"Electrical machinery and equipment and parts thereof; sound recorders and reproducers; television image and sound recorders and reproducers, parts and accessories of such articles",15696426.0,0.0,15696426.0,False,0.2915538733921532,0.3947800068830738,14174327.0,12788496.416666666,1509511.2409807818,False
2017-06-01,2017,6,2,201706,M,imports,PHL,Philippines,85,"Electrical machinery and equipment and parts thereof; sound recorders and reproducers; television image and sound recorders and reproducers, parts and accessories of such articles",12605926.0,,12605926.0,False,-0.19689195489470024,0.030642372927778272,13485161.666666666,12819729.0,1500782.8433016315,False
2017-07-01,2017,7,3,201707,M,imports,PHL,Philippines,85,"Electrical machinery and equipment and parts thereof; sound recorders and reproducers; television image and sound recorders and reproducers, parts and accessories of such articles",15625048.0,0.0,15625048.0,False,0.2395002160095181,0.6492620881039961,14642466.666666666,13332319.416666666,1289768.0521613404,False
2017-08-01,2017,8,3,201708,M,imports,PHL,Philippines,85,"Electrical machinery and equipment and parts thereof; sound recorders and reproducers; television image and sound recorders and reproducers, parts and accessories of such articles",19547227.0,0.0,19547227.0,False,0.2510186848706,0.5506086546232463,15926067.0,13910741.333333334,2182188.841261583,True
2017-09-01,2017,9,3,201709,M,imports,PHL,Philippines,85,"Electrical machinery and equipment and parts thereof; sound recorders and reproducers; television image and sound recorders and reproducers, parts and accessories of such articles",19093968.0,0.0,19093968.0,False,-0.02318789258445708,0.512623903030933,18088747.666666668,14449982.25,2595447.4054041025,False
2017-10-01,2017,10,4,201710,M,imports,PHL,Philippines,85,"Electrical machinery and equipment and parts thereof; sound recorders and reproducers; television image and sound recorders and reproducers, parts and accessories of such articles",23118141.0,0.0,23118141.0,False,0.21075624511364,0.7773609510691317,20586445.333333332,15292577.0,3550096.266414416,True
2017-11-01,2017,11,4,201711,M,imports,PHL,Philippines,85,"Electrical machinery and equipment and parts thereof; sound recorders and reproducers; television image and sound recorders and reproducers, parts and accessories of such articles",20606069.0,0.0,20606069.0,False,-0.10866237038696147,0.6697256322446066,20939392.666666668,15981333.5,3722947.6302334103,False
2017-12-01,2017,12,4,201712,M,imports,PHL,Philippines,85,"Electrical machinery and equipment and parts thereof; sound recorders and reproducers; television image and sound recorders and reproducers, parts and accessories of such articles",21598757.0,0.0,21598757.0,False,0.048174545081839826,0.6750001686729179,21774322.333333332,16706665.0,3910116.114414473,False
2018-01-01,2018,1,1,201801,M,imports,PHL,Philippines,85,"Electrical machinery and equipment and parts thereof; sound recorders and reproducers; television image and sound recorders and reproducers, parts and accessories of such articles",18730744.0,0.0,18730744.0,False,-0.13278602097333658,0.3778164763974996,20311856.666666668,17134684.25,3818520.516651005,False
2018-02-01,2018,2,1,201802,M,imports,PHL,Philippines,85,"Electrical machinery and equipment and parts thereof; sound recorders and reproducers; television image and sound recorders and reproducers, parts and accessories of such articles",21394965.0,0.0,21394965.0,False,0.1422378630555199,0.758391514997103,20574822.0,17903652.166666668,3652793.8365059765,False
2018-03-01,2018,3,1,201803,M,imports,PHL,Philippines,85,"Electrical machinery and equipment and parts thereof; sound recorders and reproducers; television image and sound recorders and reproducers, parts and accessories of such articles",25556014.0,0.0,25556014.0,False,0.19448730110098333,0.7416533103184793,21893907.666666668,18810534.833333332,4101296.3757327492,False
2018-04-01,2018,4,2,201804,M,imports,PHL,Philippines,85,"Electrical machinery and equipment and parts thereof; sound recorders and reproducers; television image and sound recorders and reproducers, parts and accessories of such articles",24330701.0,0.0,24330701.0,False,-0.047946170322179404,1.0020105926595226,23760560.0,19825332.166666668,3799765.822710661,False
2018-05-01,2018,5,2,201805,M,imports,PHL,Philippines,85,"Electrical machinery and equipment and parts thereof; sound recorders and reproducers; television image and sound recorders and reproducers, parts and accessories of such articles",26169725.0,0.0,26169725.0,False,0.07558450535395589,0.6672410012317453,25352146.666666668,20698107.083333332,3964421.831174279,False
2018-06-01,2018,6,2,201806,M,imports,PHL,Philippines,85,"Electrical machinery and equipment and parts thereof; sound recorders and reproducers; television image and sound recorders and reproducers, parts and accessories of such articles",22024679.0,0.0,22024679.0,False,-0.1583908887082306,0.7471686728924158,24175035.0,21483003.166666668,3041630.8579362514,False
2018-07-01,2018,7,3,201807,M,imports,PHL,Philippines,85,"Electrical machinery and equipment and parts thereof; sound recorders and reproducers; television image and sound recorders and reproducers, parts and accessories of such articles",30957942.0,0.0,30957942.0,False,0.4056024153632387,0.9813022014396371,26384115.333333332,22760744.333333332,3537257.0051877145,True
2018-08-01,2018,8,3,201808,M,imports,PHL,Philippines,85,"Electrical machinery and equipment and parts thereof; sound recorders and reproducers; television image and sound recorders and reproducers, parts and accessories of such articles",22550484.0,0.0,22550484.0,False,-0.2715767734173027,0.15364107655781556,25177701.666666668,23011015.75,3392504.367256259,False
2018-09-01,2018,9,3,201809,M,imports,PHL,Philippines,85,"Electrical machinery and equipment and parts thereof; sound recorders and reproducers; television image and sound recorders and reproducers, parts and accessories of such articles",20809204.0,0.0,20809204.0,False,-0.07721696793736221,0.08983130169695475,24772543.333333332,23153952.083333332,3245409.164040202,False
2018-10-01,2018,10,4,201810,M,imports,PHL,Philippines,85,"Electrical machinery and equipment and parts thereof; sound recorders and reproducers; television image and sound recorders and reproducers, parts and accessories of such articles",23623652.0,0.0,23623652.0,False,0.13525015180782507,0.021866420833751343,22327780.0,23196078.0,3248181.694511624,False
2018-11-01,2018,11,4,201811,M,imports,PHL,Philippines,85,"Electrical machinery and equipment and parts thereof; sound recorders and reproducers; television image and sound recorders and reproducers, parts and accessories of such articles",21589890.0,0.0,21589890.0,False,-0.08609007616603903,0.04774423496301017,22007582.0,23278063.083333332,3188738.1680869167,False
2018-12-01,2018,12,4,201812,M,imports,PHL,Philippines,85,"Electrical machinery and equipment and parts thereof; sound recorders and reproducers; television image and sound recorders and reproducers, parts and accessories of such articles",16219344.0,0.0,16219344.0,False,-0.248752819027795,-0.2490612306995259,20477628.666666668,22829778.666666668,3771212.7457157373,False
2019-01-01,2019,1,1,201901,M,imports,PHL,Philippines,85,"Electrical machinery and equipment and parts thereof; sound recorders and reproducers; television image and sound recorders and reproducers, parts and accessories of such articles",16374192.0,0.0,16374192.0,False,0.009547118551773703,-0.1258119805598753,18061142.0,22633399.333333332,4054764.169910851,False
2019-02-01,2019,2,1,201902,M,imports,PHL,Philippines,85,"Electrical machinery and equipment and parts thereof; sound recorders and reproducers; television image and sound recorders and reproducers, parts and accessories of such articles",13855740.0,0.0,13855740.0,False,-0.15380618475708607,-0.352383142482355,15483092.0,22005130.583333332,4782821.167440419,False
2019-03-01,2019,3,1,201903,M,imports,PHL,Philippines,85,"Electrical machinery and equipment and parts thereof; sound recorders and reproducers; television image and sound recorders and reproducers, parts and accessories of such articles",10687586.0,0.0,10687586.0,False,-0.2286528182543841,-0.5817976152306068,13639172.666666666,20766094.916666668,5630151.711782743,False
2019-04-01,2019,4,2,201904,M,imports,PHL,Philippines,85,"Electrical machinery and equipment and parts thereof; sound recorders and reproducers; television image and sound recorders and reproducers, parts and accessories of such articles",13456227.0,0.0,13456227.0,False,0.2590520441192239,-0.44694454138415496,12666517.666666666,19859888.75,5874118.334666459,False
2019-05-01,2019,5,2,201905,M,imports,PHL,Philippines,85,"Electrical machinery and equipment and parts thereof; sound recorders and reproducers; television image and sound recorders and reproducers, parts and accessories of such articles",10815847.0,0.0,10815847.0,False,-0.1962199359448975,-0.5867038342970742,11653220.0,18580398.916666668,6044482.496662104,False
2019-06-01,2019,6,2,201906,M,imports,PHL,Philippines,85,"Electrical machinery and equipment and parts thereof; sound recorders and reproducers; television image and sound recorders and reproducers, parts and accessories of such articles",8668861.0,0.0,8668861.0,False,-0.19850373253245912,-0.6064023906999961,10980311.666666666,17467414.083333332,6560239.4003386665,False
2019-07-01,2019,7,3,201907,M,imports,PHL,Philippines,85,"Electrical machinery and equipment and parts thereof; sound recorders and reproducers; television image and sound recorders and reproducers, parts and accessories of such articles",9220794.0,0.0,9220794.0,False,0.06366845655963349,-0.7021509375526319,9568500.666666666,15655985.083333334,5393946.522397259,False
2019-08-01,2019,8,3,201908,M,imports,PHL,Philippines,85,"Electrical machinery and equipment and parts thereof; sound recorders and reproducers; television image and sound recorders and reproducers, parts and accessories of such articles",11246968.0,0.0,11246968.0,False,0.21973964498068166,-0.5012538090091547,9712207.666666666,14714025.416666666,5056940.416325976,False
2019-09-01,2019,9,3,201909,M,imports,PHL,Philippines,85,"Electrical machinery and equipment and parts thereof; sound recorders and reproducers; television image and sound recorders and reproducers, parts and accessories of such articles",11684264.0,0.0,11684264.0,False,0.038881234480261595,-0.4385049999990389,10717342.0,13953613.75,4732754.834540641,False
2019-10-01,2019,10,4,201910,M,imports,PHL,Philippines,85,"Electrical machinery and equipment and parts thereof; sound recorders and reproducers; television image and sound recorders and reproducers, parts and accessories of such articles",12983310.0,0.0,12983310.0,False,0.11117910379293039,-0.450410546176349,11971514.0,13066918.583333334,3622979.202889481,False
2019-11-01,2019,11,4,201911,M,imports,PHL,Philippines,85,"Electrical machinery and equipment and parts thereof; sound recorders and reproducers; television image and sound recorders and reproducers, parts and accessories of such articles",11448945.0,0.0,11448945.0,False,-0.11817980160683217,-0.46970804390388277,12038839.666666666,12221839.833333334,2445639.179751576,False
2019-12-01,2019,12,4,201912,M,imports,PHL,Philippines,85,"Electrical machinery and equipment and parts thereof; sound recorders and reproducers; television image and sound recorders and reproducers, parts and accessories of such articles",14132723.0,0.0,14132723.0,False,0.23441269042693458,-0.12865014762619253,12854992.666666666,12047954.75,2197131.6760424087,False
2020-01-01,2020,1,1,202001,M,imports,PHL,Philippines,85,"Electrical machinery and equipment and parts thereof; sound recorders and reproducers; television image and sound recorders and reproducers, parts and accessories of such articles",10805571.0,0.0,10805571.0,False,-0.235421864562123,-0.34008523901515264,12129079.666666666,11583903.0,1741063.518746202,False
2020-02-01,2020,2,1,202002,M,imports,PHL,Philippines,85,"Electrical machinery and equipment and parts thereof; sound recorders and reproducers; television image and sound recorders and reproducers, parts and accessories of such articles",10094336.0,0.0,10094336.0,False,-0.06582113985461757,-0.27146900851199574,11677543.333333334,11270452.666666666,1629915.7004056342,False
2020-03-01,2020,3,1,202003,M,imports,PHL,Philippines,85,"Electrical machinery and equipment and parts thereof; sound recorders and reproducers; television image and sound recorders and reproducers, parts and accessories of such articles",11354514.0,0.0,11354514.0,False,0.1248401083538333,0.06240211774670157,10751473.666666666,11326030.0,1619571.878659801,False
2020-04-01,2020,4,2,202004,M,imports,PHL,Philippines,85,"Electrical machinery and equipment and parts thereof; sound recorders and reproducers; television image and sound recorders and reproducers, parts and accessories of such articles",7874820.0,0.0,7874820.0,False,-0.30645908754879336,-0.41478246465372504,9774556.666666666,10860912.75,1748512.2585662857,False
2020-05-01,2020,5,2,202005,M,imports,PHL,Philippines,85,"Electrical machinery and equipment and parts thereof; sound recorders and reproducers; television image and sound recorders and reproducers, parts and accessories of such articles",4036020.0,0.0,4036020.0,False,-0.487477809016587,-0.6268419847285192,7755118.0,10295927.166666666,2635024.0971230012,True
2020-06-01,2020,6,2,202006,M,imports,PHL,Philippines,85,"Electrical machinery and equipment and parts thereof; sound recorders and reproducers; television image and sound recorders and reproducers, parts and accessories of such articles",7884604.0,0.0,7884604.0,False,0.9535591994093191,-0.09046828643347726,6598481.333333333,10230572.416666666,2688236.1926097907,False
2020-07-01,2020,7,3,202007,M,imports,PHL,Philippines,85,"Electrical machinery and equipment and parts thereof; sound recorders and reproducers; television image and sound recorders and reproducers, parts and accessories of such articles",6416641.0,0.0,6416641.0,False,-0.18618094199784796,-0.30411188016997237,6112421.666666667,9996893.0,2897709.121213705,False
2020-08-01,2020,8,3,202008,M,imports,PHL,Philippines,85,"Electrical machinery and equipment and parts thereof; sound recorders and reproducers; television image and sound recorders and reproducers, parts and accessories of such articles",7017187.0,0.0,7017187.0,False,0.09359195878341953,-0.3760818915818023,7106144.0,9644411.25,2987685.930229895,False
2020-09-01,2020,9,3,202009,M,imports,PHL,Philippines,85,"Electrical machinery and equipment and parts thereof; sound recorders and reproducers; television image and sound recorders and reproducers, parts and accessories of such articles",9727161.0,0.0,9727161.0,False,0.3861909337744598,-0.1674990397341245,7720329.666666667,9481319.333333334,2918835.384107361,False
2020-10-01,2020,10,4,202010,M,imports,PHL,Philippines,85,"Electrical machinery and equipment and parts thereof; sound recorders and reproducers; television image and sound recorders and reproducers, parts and accessories of such articles",10109044.0,0.0,10109044.0,False,0.039259450933319506,-0.2213816045369016,8951130.666666666,9241797.166666666,2716234.847299305,False
2020-11-01,2020,11,4,202011,M,imports,PHL,Philippines,85,"Electrical machinery and equipment and parts thereof; sound recorders and reproducers; television image and sound recorders and reproducers, parts and accessories of such articles",22661686.0,0.0,22661686.0,False,1.241723945409675,0.979368928752824,14165963.666666666,10176192.25,4728078.928373843,True
2020-12-01,2020,12,4,202012,M,imports,PHL,Philippines,85,"Electrical machinery and equipment and parts thereof; sound recorders and reproducers; television image and sound recorders and reproducers, parts and accessories of such articles",37809102.0,0.0,37809102.0,False,0.6684152273577526,1.6752878408499199,23526610.666666668,12149223.833333334,9279064.196606738,True
2021-01-01,2021,1,1,202101,M,imports,PHL,Philippines,85,"Electrical machinery and equipment and parts thereof; sound recorders and reproducers; television image and sound recorders and reproducers, parts and accessories of such articles",39101805.0,,39101805.0,False,0.03419025926614183,2.6186708689434366,33190864.333333332,14507243.333333334,12079375.785621714,True
2021-02-01,2021,2,1,202102,M,imports,PHL,Philippines,85,"Electrical machinery and equipment and parts thereof; sound recorders and reproducers; television image and sound recorders and reproducers, parts and accessories of such articles",43062955.0,,43062955.0,False,0.10130350760022466,3.266051278657655,39991287.333333336,17254628.25,14492637.454195308,False
2021-03-01,2021,3,1,202103,M,imports,PHL,Philippines,85,"Electrical machinery and equipment and parts thereof; sound recorders and reproducers; television image and sound recorders and reproducers, parts and accessories of such articles",52356611.0,,52356611.0,False,0.21581556583843353,3.6110833981974038,44840457.0,20671469.666666668,17497122.16800926,False
2021-04-01,2021,4,2,202104,M,imports,PHL,Philippines,85,"Electrical machinery and equipment and parts thereof; sound recorders and reproducers; television image and sound recorders and reproducers, parts and accessories of such articles",54210833.0,,54210833.0,False,0.035415241066691694,5.884072651819343,49876799.666666664,24532804.083333332,19423177.191111796,False
2021-05-01,2021,5,2,202105,M,imports,PHL,Philippines,85,"Electrical machinery and equipment and parts thereof; sound recorders and reproducers; television image and sound recorders and reproducers, parts and accessories of such articles",51994606.0,,51994606.0,False,-0.040881626002684746,11.882643297109528,52854016.666666664,28529352.916666668,19753530.20232405,False
2021-06-01,2021,6,2,202106,M,imports,PHL,Philippines,85,"Electrical machinery and equipment and parts thereof; sound recorders and reproducers; television image and sound recorders and reproducers, parts and accessories of such articles",51285599.0,,51285599.0,False,-0.013636164489831848,5.504524387020578,52497012.666666664,32146102.5,19602625.1891886,False
2021-07-01,2021,7,3,202107,M,imports,PHL,Philippines,85,"Electrical machinery and equipment and parts thereof; sound recorders and reproducers; television image and sound recorders and reproducers, parts and accessories of such articles",50005590.0,,50005590.0,False,-0.02495844886202847,6.7931101334794946,51095265.0,35778514.916666664,18403347.330140166,False
2021-08-01,2021,8,3,202108,M,imports,PHL,Philippines,85,"Electrical machinery and equipment and parts thereof; sound recorders and reproducers; television image and sound recorders and reproducers, parts and accessories of such articles",55157413.0,,55157413.0,False,0.10302494181150545,6.860331069985737,52149534.0,39790200.416666664,16735154.569932383,False
2021-09-01,2021,9,3,202109,M,imports,PHL,Philippines,85,"Electrical machinery and equipment and parts thereof; sound recorders and reproducers; television image and sound recorders and reproducers, parts and accessories of such articles",47872598.0,,47872598.0,False,-0.13207318116968247,3.9215385660831563,51011867.0,42968986.833333336,13885905.208351055,False
2021-10-01,2021,10,4,202110,M,imports,PHL,Philippines,85,"Electrical machinery and equipment and parts thereof; sound recorders and reproducers; television image and sound recorders and reproducers, parts and accessories of such articles",53427980.0,,53427980.0,False,0.11604513295894248,4.285166431167972,52152663.666666664,46578898.166666664,9507122.569395123,False
2021-11-01,2021,11,4,202111,M,imports,PHL,Philippines,85,"Electrical machinery and equipment and parts thereof; sound recorders and reproducers; television image and sound recorders and reproducers, parts and accessories of such articles",52551970.0,,52551970.0,False,-0.01639609058774072,1.31897882620031,51284182.666666664,49069755.166666664,5904014.822073865,False
2021-12-01,2021,12,4,202112,M,imports,PHL,Philippines,85,"Electrical machinery and equipment and parts thereof; sound recorders and reproducers; television image and sound recorders and reproducers, parts and accessories of such articles",59684812.0,,59684812.0,False,0.13572929806437317,0.5785831676192679,55221587.333333336,50892731.0,5472489.315408603,False
2022-01-01,2022,1,1,202201,M,imports,PHL,Philippines,85,"Electrical machinery and equipment and parts thereof; sound recorders and reproducers; television image and sound recorders and reproducers, parts and accessories of such articles",51007979.0,,51007979.0,False,-0.1453775710979872,0.30449167244325426,54414920.333333336,51884912.166666664,4029479.967959388,False
2022-02-01,2022,2,1,202202,M,imports,PHL,Philippines,85,"Electrical machinery and equipment and parts thereof; sound recorders and reproducers; television image and sound recorders and reproducers, parts and accessories of such articles",51791341.0,,51791341.0,False,0.015357636498399607,0.20268897013686127,54161377.333333336,52612277.666666664,2930046.499781384,False
2022-03-01,2022,3,1,202203,M,imports,PHL,Philippines,85,"Electrical machinery and equipment and parts thereof; sound recorders and reproducers; television image and sound recorders and reproducers, parts and accessories of such articles",61508243.0,,61508243.0,False,0.18761634304854158,0.1747942012518724,54769187.666666664,53374913.666666664,3890902.75976206,True
2022-04-01,2022,4,2,202204,M,imports,PHL,Philippines,85,"Electrical machinery and equipment and parts thereof; sound recorders and reproducers; television image and sound recorders and reproducers, parts and accessories of such articles",64047118.0,,64047118.0,False,0.041276987866488035,0.18144500749508863,59115567.333333336,54194604.083333336,4969587.89946538,False
2022-05-01,2022,5,2,202205,M,imports,PHL,Philippines,85,"Electrical machinery and equipment and parts thereof; sound recorders and reproducers; television image and sound recorders and reproducers, parts and accessories of such articles",50996041.0,,50996041.0,False,-0.203773056580001,-0.019205165243487032,58850467.333333336,54111390.333333336,5017900.345841547,False
2022-06-01,2022,6,2,202206,M,imports,PHL,Philippines,85,"Electrical machinery and equipment and parts thereof; sound recorders and reproducers; television image and sound recorders and reproducers, parts and accessories of such articles",51570068.0,,51570068.0,False,0.011256305170826986,0.005546761772247111,55537742.333333336,54135096.083333336,5003989.696233524,False
2022-07-01,2022,7,3,202207,M,imports,PHL,Philippines,85,"Electrical machinery and equipment and parts thereof; sound recorders and reproducers; television image and sound recorders and reproducers, parts and accessories of such articles",51314081.0,,51314081.0,False,-0.004963867800213073,0.026166894541190366,51293396.666666664,54244137.0,4919364.964839014,False
2022-08-01,2022,8,3,202208,M,imports,PHL,Philippines,85,"Electrical machinery and equipment and parts thereof; sound recorders and reproducers; television image and sound recorders and reproducers, parts and accessories of such articles",50258492.0,,50258492.0,False,-0.02057113718941983,-0.08881709154851047,51047547.0,53835893.583333336,5038515.3747451,False
2022-09-01,2022,9,3,202209,M,imports,PHL,Philippines,85,"Electrical machinery and equipment and parts thereof; sound recorders and reproducers; television image and sound recorders and reproducers, parts and accessories of such articles",58658317.0,,58658317.0,False,0.16713245196453563,0.2253004735610964,53410296.666666664,54734703.5,4835978.524623361,False
2022-10-01,2022,10,4,202210,M,imports,PHL,Philippines,85,"Electrical machinery and equipment and parts thereof; sound recorders and reproducers; television image and sound recorders and reproducers, parts and accessories of such articles",49040509.0,,49040509.0,False,-0.16396324497342807,-0.08211935019815464,52652439.333333336,54369080.916666664,5102278.790482293,False
2022-11-01,2022,11,4,202211,M,imports,PHL,Philippines,85,"Electrical machinery and equipment and parts thereof; sound recorders and reproducers; television image and sound recorders and reproducers, parts and accessories of such articles",67257542.0,,67257542.0,False,0.3714690848743025,0.2798291291458721,58318789.333333336,55594545.25,6260664.504665202,False
2022-12-01,2022,12,4,202212,M,imports,PHL,Philippines,85,"Electrical machinery and equipment and parts thereof; sound recorders and reproducers; television image and sound recorders and reproducers, parts and accessories of such articles",63282229.0,,63282229.0,False,-0.05910583232435107,0.060273575126616796,59860093.333333336,55894330.0,6553603.235400634,False
2023-01-01,2023,1,1,202301,M,imports,PHL,Philippines,85,"Electrical machinery and equipment and parts thereof; sound recorders and reproducers; television image and sound recorders and reproducers, parts and accessories of such articles",56606335.0,,56606335.0,False,-0.10549397683194761,0.10975451507302414,62382035.333333336,56360859.666666664,6370854.052236301,False
2023-02-01,2023,2,1,202302,M,imports,PHL,Philippines,85,"Electrical machinery and equipment and parts thereof; sound recorders and reproducers; television image and sound recorders and reproducers, parts and accessories of such articles",59118986.0,,59118986.0,False,0.04438815902849047,0.14148397895316123,59669183.333333336,56971496.75,6242943.821620184,False
2023-03-01,2023,3,1,202303,M,imports,PHL,Philippines,85,"Electrical machinery and equipment and parts thereof; sound recorders and reproducers; television image and sound recorders and reproducers, parts and accessories of such articles",65325039.0,,65325039.0,False,0.10497563337774429,0.0620534064027809,60350120.0,57289563.083333336,6583059.736487602,False
2023-04-01,2023,4,2,202304,M,imports,PHL,Philippines,85,"Electrical machinery and equipment and parts thereof; sound recorders and reproducers; television image and sound recorders and reproducers, parts and accessories of such articles",43241978.0,,43241978.0,False,-0.3380489524085857,-0.3248411583484522,55895334.333333336,55555801.416666664,7337960.916023034,False
2023-05-01,2023,5,2,202305,M,imports,PHL,Philippines,85,"Electrical machinery and equipment and parts thereof; sound recorders and reproducers; television image and sound recorders and reproducers, parts and accessories of such articles",46099834.0,,46099834.0,False,0.0660898537065071,-0.09601151195246704,51555617.0,55147784.166666664,7739676.656788404,False
2023-06-01,2023,6,2,202306,M,imports,PHL,Philippines,85,"Electrical machinery and equipment and parts thereof; sound recorders and reproducers; television image and sound recorders and reproducers, parts and accessories of such articles",60353411.0,,60353411.0,False,0.3091893346080161,0.17031862358606942,49898407.666666664,55879729.416666664,7785756.889922365,False
2023-07-01,2023,7,3,202307,M,imports,PHL,Philippines,85,"Electrical machinery and equipment and parts thereof; sound recorders and reproducers; television image and sound recorders and reproducers, parts and accessories of such articles",61537776.0,,61537776.0,False,0.01962382871781676,0.19923761277143393,55997007.0,56731704.0,7800094.004244237,False
2023-08-01,2023,8,3,202308,M,imports,PHL,Philippines,85,"Electrical machinery and equipment and parts thereof; sound recorders and reproducers; television image and sound recorders and reproducers, parts and accessories of such articles",53111868.0,,53111868.0,False,-0.13692253031698776,0.05677400746524586,58334351.666666664,56969485.333333336,7626379.9987917915,False
2023-09-01,2023,9,3,202309,M,imports,PHL,Philippines,85,"Electrical machinery and equipment and parts thereof; sound recorders and reproducers; television image and sound recorders and reproducers, parts and accessories of such articles",43877502.0,,43877502.0,False,-0.17386633812239483,-0.25198157321833836,52842382.0,55737750.75,8475205.682364812,False
2023-10-01,2023,10,4,202310,M,imports,PHL,Philippines,85,"Electrical machinery and equipment and parts thereof; sound recorders and reproducers; television image and sound recorders and reproducers, parts and accessories of such articles",51863204.0,,51863204.0,False,0.18199992333200732,0.05755843602683641,49617524.666666664,55972975.333333336,8309990.280855366,False
2023-11-01,2023,11,4,202311,M,imports,PHL,Philippines,85,"Electrical machinery and equipment and parts thereof; sound recorders and reproducers; television image and sound recorders and reproducers, parts and accessories of such articles",47968043.0,,47968043.0,False,-0.07510451918859462,-0.28680053457796595,47902916.333333336,54365517.083333336,7777273.158773128,False
2023-12-01,2023,12,4,202312,M,imports,PHL,Philippines,85,"Electrical machinery and equipment and parts thereof; sound recorders and reproducers; television image and sound recorders and reproducers, parts and accessories of such articles",47260985.0,,47260985.0,False,-0.01474018858763948,-0.25317129711091557,49030744.0,53030413.416666664,7476766.1869483115,False
2024-01-01,2024,1,1,202401,M,imports,PHL,Philippines,85,"Electrical machinery and equipment and parts thereof; sound recorders and reproducers; television image and sound recorders and reproducers, parts and accessories of such articles",38047941.0,,38047941.0,False,-0.19493973729070602,-0.327850124902098,44425656.333333336,51483880.583333336,8516873.40010898,False
2024-02-01,2024,2,1,202402,M,imports,PHL,Philippines,85,"Electrical machinery and equipment and parts thereof; sound recorders and reproducers; television image and sound recorders and reproducers, parts and accessories of such articles",45196803.0,,45196803.0,False,0.1878909032160243,-0.23549427928280098,43501909.666666664,50323698.666666664,8328421.778390383,False
2024-03-01,2024,3,1,202403,M,imports,PHL,Philippines,85,"Electrical machinery and equipment and parts thereof; sound recorders and reproducers; television image and sound recorders and reproducers, parts and accessories of such articles",47403687.0,,47403687.0,False,0.048828320888094634,-0.27434123690305035,43549477.0,48830252.666666664,6873601.592551719,False
2024-04-01,2024,4,2,202404,M,imports,PHL,Philippines,85,"Electrical machinery and equipment and parts thereof; sound recorders and reproducers; television image and sound recorders and reproducers, parts and accessories of such articles",51597636.0,,51597636.0,False,0.08847305484908796,0.19323024492542862,48066042.0,49526557.5,6676430.041550148,False
2024-05-01,2024,5,2,202405,M,imports,PHL,Philippines,85,"Electrical machinery and equipment and parts thereof; sound recorders and reproducers; television image and sound recorders and reproducers, parts and accessories of such articles",41050280.0,,41050280.0,False,-0.20441548911271823,-0.10953518834796672,46683867.666666664,49105761.333333336,7060143.653198726,False
2024-06-01,2024,6,2,202406,M,imports,PHL,Philippines,85,"Electrical machinery and equipment and parts thereof; sound recorders and reproducers; television image and sound recorders and reproducers, parts and accessories of such articles",52950247.0,,52950247.0,False,0.28988759638180306,-0.12266355583448296,48532721.0,48488831.0,6266832.772800588,False
2024-07-01,2024,7,3,202407,M,imports,PHL,Philippines,85,"Electrical machinery and equipment and parts thereof; sound recorders and reproducers; television image and sound recorders and reproducers, parts and accessories of such articles",41198310.0,,41198310.0,False,-0.2219430062337575,-0.33052000449285,45066279.0,46793875.5,5048918.5529664485,False
2024-08-01,2024,8,3,202408,M,imports,PHL,Philippines,85,"Electrical machinery and equipment and parts thereof; sound recorders and reproducers; television image and sound recorders and reproducers, parts and accessories of such articles",49204422.0,,49204422.0,False,0.1943310781437393,-0.07357011054478446,47784326.333333336,46468255.0,4719675.68972257,False
2024-09-01,2024,9,3,202409,M,imports,PHL,Philippines,85,"Electrical machinery and equipment and parts thereof; sound recorders and reproducers; television image and sound recorders and reproducers, parts and accessories of such articles",41233348.0,,41233348.0,False,-0.16199913902047258,-0.060262181744074717,43878693.333333336,46247908.833333336,4909530.117966337,False
2024-10-01,2024,10,4,202410,M,imports,PHL,Philippines,85,"Electrical machinery and equipment and parts thereof; sound recorders and reproducers; television image and sound recorders and reproducers, parts and accessories of such articles",47742247.0,,47742247.0,False,0.15785521466750652,-0.07945820316076113,46060005.666666664,45904495.75,4616419.923089921,False
2024-11-01,2024,11,4,202411,M,imports,PHL,Philippines,85,"Electrical machinery and equipment and parts thereof; sound recorders and reproducers; television image and sound recorders and reproducers, parts and accessories of such articles",50147183.0,,50147183.0,False,0.050373330773476166,0.045428995300058395,46374259.333333336,46086090.75,4746013.723396499,False
2024-12-01,2024,12,4,202412,M,imports,PHL,Philippines,85,"Electrical machinery and equipment and parts thereof; sound recorders and reproducers; television image and sound recorders and reproducers, parts and accessories of such articles",31032266.0,,31032266.0,False,-0.3811762866121513,-0.3433851198827109,42973898.666666664,44733697.5,6403555.560373049,True
2015-01-01,2015,1,1,201501,X,exports,SGP,Singapore,85,"Electrical machinery and equipment and parts thereof; sound recorders and reproducers; television image and sound recorders and reproducers, parts and accessories of such articles",153045704.0,153045704.0,0.0,False,,,153045704.0,,,False
2015-02-01,2015,2,1,201502,X,exports,SGP,Singapore,85,"Electrical machinery and equipment and parts thereof; sound recorders and reproducers; television image and sound recorders and reproducers, parts and accessories of such articles",139414904.0,139414904.0,0.0,False,-0.08906359109563766,,146230304.0,,,False
2015-03-01,2015,3,1,201503,X,exports,SGP,Singapore,85,"Electrical machinery and equipment and parts thereof; sound recorders and reproducers; television image and sound recorders and reproducers, parts and accessories of such articles",155557309.0,155557309.0,0.0,False,0.11578679564991123,,149339305.66666666,,,False
2015-04-01,2015,4,2,201504,X,exports,SGP,Singapore,85,"Electrical machinery and equipment and parts thereof; sound recorders and reproducers; television image and sound recorders and reproducers, parts and accessories of such articles",140297016.0,140297016.0,0.0,False,-0.09810077776544723,,145089743.0,,,False
2015-05-01,2015,5,2,201505,X,exports,SGP,Singapore,85,"Electrical machinery and equipment and parts thereof; sound recorders and reproducers; television image and sound recorders and reproducers, parts and accessories of such articles",132460676.0,132460676.0,0.0,False,-0.055855357607890954,,142771667.0,,,False
2015-06-01,2015,6,2,201506,X,exports,SGP,Singapore,85,"Electrical machinery and equipment and parts thereof; sound recorders and reproducers; television image and sound recorders and reproducers, parts and accessories of such articles",147892288.0,147892288.0,0.0,False,0.1164995715407644,,140216660.0,144777982.83333334,8886008.198608877,False
2015-07-01,2015,7,3,201507,X,exports,SGP,Singapore,85,"Electrical machinery and equipment and parts thereof; sound recorders and reproducers; television image and sound recorders and reproducers, parts and accessories of such articles",127560512.0,127560512.0,0.0,False,-0.13747691833667486,,135971158.66666666,142318344.14285713,10399505.220695145,False
2015-08-01,2015,8,3,201508,X,exports,SGP,Singapore,85,"Electrical machinery and equipment and parts thereof; sound recorders and reproducers; television image and sound recorders and reproducers, parts and accessories of such articles",134337415.0,134337415.0,0.0,False,0.053126966125692565,,136596738.33333334,141320728.0,10033028.165919848,False
2015-09-01,2015,9,3,201509,X,exports,SGP,Singapore,85,"Electrical machinery and equipment and parts thereof; sound recorders and reproducers; television image and sound recorders and reproducers, parts and accessories of such articles",138420466.006,138420466.006,0.0,False,0.030393997130285788,,133439464.33533335,140998476.66733333,9434699.82026574,False
2015-10-01,2015,10,4,201510,X,exports,SGP,Singapore,85,"Electrical machinery and equipment and parts thereof; sound recorders and reproducers; television image and sound recorders and reproducers, parts and accessories of such articles",140204000.14,140204000.14,0.0,False,0.012884901961843331,,137653960.382,140919029.01459998,8898667.560966732,False
2015-11-01,2015,11,4,201511,X,exports,SGP,Singapore,85,"Electrical machinery and equipment and parts thereof; sound recorders and reproducers; television image and sound recorders and reproducers, parts and accessories of such articles",135294455.22,135294455.22,0.0,False,-0.03501715297065411,,137972973.78866667,140407704.1241818,8610670.154158404,False
2015-12-01,2015,12,4,201512,X,exports,SGP,Singapore,85,"Electrical machinery and equipment and parts thereof; sound recorders and reproducers; television image and sound recorders and reproducers, parts and accessories of such articles",117924268.968,117924268.968,0.0,False,-0.12838801282546752,,131140908.10933334,138534084.52783334,10465596.698262556,False
2016-01-01,2016,1,1,201601,X,exports,SGP,Singapore,85,"Electrical machinery and equipment and parts thereof; sound recorders and reproducers; television image and sound recorders and reproducers, parts and accessories of such articles",125733657.691,125733657.691,0.0,False,0.06622376200711622,-0.1784567981666444,126317460.62633334,136258080.66875002,9981425.301114142,False
2016-02-01,2016,2,1,201602,X,exports,SGP,Singapore,85,"Electrical machinery and equipment and parts thereof; sound recorders and reproducers; television image and sound recorders and reproducers, parts and accessories of such articles",135846137.902,135846137.902,0.0,False,0.08042778995463729,-0.02559816773965562,126501354.85366666,135960683.49391666,9931859.58877291,False
2016-03-01,2016,3,1,201603,X,exports,SGP,Singapore,85,"Electrical machinery and equipment and parts thereof; sound recorders and reproducers; television image and sound recorders and reproducers, parts and accessories of such articles",155264497.866,155264497.866,0.0,False,0.14294377642159017,-0.0018823360720389148,138948097.81966665,135936282.56608334,9879559.048979178,False
2016-04-01,2016,4,2,201604,X,exports,SGP,Singapore,85,"Electrical machinery and equipment and parts thereof; sound recorders and reproducers; television image and sound recorders and reproducers, parts and accessories of such articles",133486109.419,133486109.419,0.0,False,-0.14026637606361048,-0.04854633958144916,141532248.3956667,135368707.01766667,9801596.369775757,False
2016-05-01,2016,5,2,201605,X,exports,SGP,Singapore,85,"Electrical machinery and equipment and parts thereof; sound recorders and reproducers; television image and sound recorders and reproducers, parts and accessories of such articles",118478170.036,118478170.036,0.0,False,-0.11243071993274989,-0.1055596754164232,135742925.77366668,134203498.18733333,10943346.924733903,False
2016-06-01,2016,6,2,201606,X,exports,SGP,Singapore,85,"Electrical machinery and equipment and parts thereof; sound recorders and reproducers; television image and sound recorders and reproducers, parts and accessories of such articles",125206190.513,125206190.513,0.0,False,0.056787005361035314,-0.15339608166045826,125723489.98933335,132312990.06341666,10304480.880215643,False
2016-07-01,2016,7,3,201607,X,exports,SGP,Singapore,85,"Electrical machinery and equipment and parts thereof; sound recorders and reproducers; television image and sound recorders and reproducers, parts and accessories of such articles",111407071.046,111407071.046,0.0,False,-0.11021115977142715,-0.12663355375995977,118363810.53166668,130966869.98391666,11911539.551347064,False
2016-08-01,2016,8,3,201608,X,exports,SGP,Singapore,85,"Electrical machinery and equipment and parts thereof; sound recorders and reproducers; television image and sound recorders and reproducers, parts and accessories of such articles",125386728.631,125386728.631,0.0,False,0.12548267765901322,-0.06662839514218732,120666663.39666666,130220979.45316666,11961429.265932975,False
2016-09-01,2016,9,3,201609,X,exports,SGP,Singapore,85,"Electrical machinery and equipment and parts thereof; sound recorders and reproducers; television image and sound recorders and reproducers, parts and accessories of such articles",124102322.596,124102322.596,0.0,False,-0.010243556467446124,-0.1034394972299788,120298707.42433333,129027800.83566666,11781942.926551344,False
2016-10-01,2016,10,4,201610,X,exports,SGP,Singapore,85,"Electrical machinery and equipment and parts thereof; sound recorders and reproducers; television image and sound recorders and reproducers, parts and accessories of such articles",172650604.542,172650604.542,0.0,False,0.3911955951384005,0.23142424160224118,140713218.5896667,131731684.53583334,17102008.64840796,True
2016-11-01,2016,11,4,201611,X,exports,SGP,Singapore,85,"Electrical machinery and equipment and parts thereof; sound recorders and reproducers; television image and sound recorders and reproducers, parts and accessories of such articles",122932788.552,122932788.552,0.0,False,-0.2879678071321514,-0.09136861261534257,139895238.56333336,130701545.64683335,17239644.32224123,False
2016-12-01,2016,12,4,201612,X,exports,SGP,Singapore,85,"Electrical machinery and equipment and parts thereof; sound recorders and reproducers; television image and sound recorders and reproducers, parts and accessories of such articles",119497676.43,119497676.43,0.0,False,-0.027943009854909162,0.013342524619991192,138360356.50800002,130832662.93533336,17139322.902483504,False
2017-01-01,2017,1,1,201701,X,exports,SGP,Singapore,85,"Electrical machinery and equipment and parts thereof; sound recorders and reproducers; television image and sound recorders and reproducers, parts and accessories of such articles",115452251.65,115452251.65,0.0,False,-0.03385358528180049,-0.08177131111756353,119294238.87733334,129975879.09858333,17666271.251946412,False
2017-02-01,2017,2,1,201702,X,exports,SGP,Singapore,85,"Electrical machinery and equipment and parts thereof; sound recorders and reproducers; television image and sound recorders and reproducers, parts and accessories of such articles",132747357.59,132747357.59,0.0,False,0.1498031064169374,-0.02281095627639762,122565761.89000003,129717647.40591668,17595168.476149548,False
2017-03-01,2017,3,1,201703,X,exports,SGP,Singapore,85,"Electrical machinery and equipment and parts thereof; sound recorders and reproducers; television image and sound recorders and reproducers, parts and accessories of such articles",150253853.19,150253853.19,0.0,False,0.13187829812831442,-0.03227167024572741,132817820.81000002,129300093.68291666,16982588.562145375,False
2017-04-01,2017,4,2,201704,X,exports,SGP,Singapore,85,"Electrical machinery and equipment and parts thereof; sound recorders and reproducers; television image and sound recorders and reproducers, parts and accessories of such articles",118910723.4,118910723.4,,False,-0.20860117144793466,-0.10919028266266462,133970644.72666669,128085478.18133335,17176104.580901705,False
2017-05-01,2017,5,2,201705,X,exports,SGP,Singapore,85,"Electrical machinery and equipment and parts thereof; sound recorders and reproducers; television image and sound recorders and reproducers, parts and accessories of such articles",133887931.61,133887931.61,0.0,False,0.12595338571458048,0.13006414235903274,134350836.0666667,129369624.97916667,16967305.336833235,False
2017-06-01,2017,6,2,201706,X,exports,SGP,Singapore,85,"Electrical machinery and equipment and parts thereof; sound recorders and reproducers; television image and sound recorders and reproducers, parts and accessories of such articles",106557595.04,106557595.04,,False,-0.20412845460642481,-0.14894307858574873,119785416.68333335,127815575.35641666,18193049.709256772,False
2017-07-01,2017,7,3,201707,X,exports,SGP,Singapore,85,"Electrical machinery and equipment and parts thereof; sound recorders and reproducers; television image and sound recorders and reproducers, parts and accessories of such articles",118867019.99,118867019.99,0.0,False,0.11551898243742476,0.06696118005759066,119770848.88000001,128437237.76841666,17702228.145696815,False
2017-08-01,2017,8,3,201708,X,exports,SGP,Singapore,85,"Electrical machinery and equipment and parts thereof; sound recorders and reproducers; television image and sound recorders and reproducers, parts and accessories of such articles",147092261.67,147092261.67,0.0,False,0.23745225279791238,0.17310869560108788,124172292.23333335,130246032.18833333,18455108.083903648,False
2017-09-01,2017,9,3,201709,X,exports,SGP,Singapore,85,"Electrical machinery and equipment and parts thereof; sound recorders and reproducers; television image and sound recorders and reproducers, parts and accessories of such articles",146337612.83,146337612.83,0.0,False,-0.005130445554593632,0.17916900964363336,137432298.16333336,132098973.04116666,18893226.974518403,False
2017-10-01,2017,10,4,201710,X,exports,SGP,Singapore,85,"Electrical machinery and equipment and parts thereof; sound recorders and reproducers; television image and sound recorders and reproducers, parts and accessories of such articles",141561364.98,141561364.98,0.0,False,-0.032638552437974866,-0.18007026181270658,144997079.82666668,129508203.07766666,14431818.55987541,False
2017-11-01,2017,11,4,201711,X,exports,SGP,Singapore,85,"Electrical machinery and equipment and parts thereof; sound recorders and reproducers; television image and sound recorders and reproducers, parts and accessories of such articles",130166753.95,130166753.95,0.0,False,-0.0804923789171561,0.0588448816886642,139355243.92000005,130111033.52749999,14282500.46496492,False
2017-12-01,2017,12,4,201712,X,exports,SGP,Singapore,85,"Electrical machinery and equipment and parts thereof; sound recorders and reproducers; television image and sound recorders and reproducers, parts and accessories of such articles",125464216.18,125464216.18,0.0,False,-0.036127026504835125,0.04993017377618303,132397445.03666669,130608245.17333333,13980086.3060865,False
2018-01-01,2018,1,1,201801,X,exports,SGP,Singapore,85,"Electrical machinery and equipment and parts thereof; sound recorders and reproducers; television image and sound recorders and reproducers, parts and accessories of such articles",125165998.45,125165998.45,0.0,False,-0.0023769146221912507,0.08413648639307425,126932322.86000003,131417724.07333334,13286773.262519611,False
2018-02-01,2018,2,1,201802,X,exports,SGP,Singapore,85,"Electrical machinery and equipment and parts thereof; sound recorders and reproducers; television image and sound recorders and reproducers, parts and accessories of such articles",127600737.5,127600737.5,0.0,False,0.019452080278595796,-0.038770037938500534,126076984.04333337,130988839.06583333,13322966.957449256,False
2018-03-01,2018,3,1,201803,X,exports,SGP,Singapore,85,"Electrical machinery and equipment and parts thereof; sound recorders and reproducers; television image and sound recorders and reproducers, parts and accessories of such articles",117794384.56,117794384.56,0.0,False,-0.07685185158118701,-0.21603085671922262,123520373.50333337,128283883.34666668,12312843.882534988,False
2018-04-01,2018,4,2,201804,X,exports,SGP,Singapore,85,"Electrical machinery and equipment and parts thereof; sound recorders and reproducers; television image and sound recorders and reproducers, parts and accessories of such articles",114842424.92,114842424.92,0.0,False,-0.02506027474082506,-0.03421304961971161,120079182.3266667,127944858.47333334,12645893.304316122,False
2018-05-01,2018,5,2,201805,X,exports,SGP,Singapore,85,"Electrical machinery and equipment and parts thereof; sound recorders and reproducers; television image and sound recorders and reproducers, parts and accessories of such articles",130749043.36,130749043.36,0.0,False,0.13850820766873095,-0.023444146251681675,121128617.61333336,127683284.4525,12543839.759586314,False
2018-06-01,2018,6,2,201806,X,exports,SGP,Singapore,85,"Electrical machinery and equipment and parts thereof; sound recorders and reproducers; television image and sound recorders and reproducers, parts and accessories of such articles",118360232.83,118360232.83,0.0,False,-0.0947525902418197,0.11076298958858333,121317233.70333336,128666837.60166664,11118547.533867242,False
2018-07-01,2018,7,3,201807,X,exports,SGP,Singapore,85,"Electrical machinery and equipment and parts thereof; sound recorders and reproducers; television image and sound recorders and reproducers, parts and accessories of such articles",171454988.61,171454988.61,0.0,False,0.44858610455979453,0.442410086703815,140188088.26666668,133049168.32000001,16136279.460450552,True
2018-08-01,2018,8,3,201808,X,exports,SGP,Singapore,85,"Electrical machinery and equipment and parts thereof; sound recorders and reproducers; television image and sound recorders and reproducers, parts and accessories of such articles",189195662.85,189195662.85,0.0,False,0.10347132144608406,0.28623804340202863,159670294.76333335,136557785.085,22706967.975431867,True
2018-09-01,2018,9,3,201809,X,exports,SGP,Singapore,85,"Electrical machinery and equipment and parts thereof; sound recorders and reproducers; television image and sound recorders and reproducers, parts and accessories of such articles",155470472.46,155470472.46,0.0,False,-0.17825562109602022,0.06240951627801672,172040374.64000002,137318856.72083333,23211995.906533767,False
2018-10-01,2018,10,4,201810,X,exports,SGP,Singapore,85,"Electrical machinery and equipment and parts thereof; sound recorders and reproducers; television image and sound recorders and reproducers, parts and accessories of such articles",166868483.61,166868483.61,0.0,False,0.07331302831753161,0.17877136628044976,170511539.64000002,139427783.27333334,24732339.910857484,False
2018-11-01,2018,11,4,201811,X,exports,SGP,Singapore,85,"Electrical machinery and equipment and parts thereof; sound recorders and reproducers; television image and sound recorders and reproducers, parts and accessories of such articles",148198951.05,148198951.05,0.0,False,-0.1118817176024316,0.13853151094884475,156845969.04000002,140930466.365,24666217.33626628,False
2018-12-01,2018,12,4,201812,X,exports,SGP,Singapore,85,"Electrical machinery and equipment and parts thereof; sound recorders and reproducers; television image and sound recorders and reproducers, parts and accessories of such articles",192195820.61,192195820.61,0.0,False,0.2968770645694796,0.5318775859904312,169087751.7566667,146491433.40083334,28140046.60633857,False
2019-01-01,2019,1,1,201901,X,exports,SGP,Singapore,85,"Electrical machinery and equipment and parts thereof; sound recorders and reproducers; television image and sound recorders and reproducers, parts and accessories of such articles",139494970.978,139494970.978,0.0,False,-0.27420393151492906,0.11447975253218612,159963247.54600003,147685514.4448333,27448382.646825705,False
2019-02-01,2019,2,1,201902,X,exports,SGP,Singapore,85,"Electrical machinery and equipment and parts thereof; sound recorders and reproducers; television image and sound recorders and reproducers, parts and accessories of such articles",119191541.716,119191541.716,0.0,False,-0.14554954289500566,-0.06590240737440878,150294111.10133335,146984748.1295,28107207.333538145,False
2019-03-01,2019,3,1,201903,X,exports,SGP,Singapore,85,"Electrical machinery and equipment and parts thereof; sound recorders and reproducers; television image and sound recorders and reproducers, parts and accessories of such articles",142661719.254,142661719.254,0.0,False,0.19691143515806564,0.21110798096944539,133782743.98266669,149057026.0206667,26637713.132862963,False
2019-04-01,2019,4,2,201904,X,exports,SGP,Singapore,85,"Electrical machinery and equipment and parts thereof; sound recorders and reproducers; television image and sound recorders and reproducers, parts and accessories of such articles",125793078.18,125793078.18,0.0,False,-0.11824223878843398,0.09535372722779334,129215446.38333337,149969580.459,25523295.31990184,False
2019-05-01,2019,5,2,201905,X,exports,SGP,Singapore,85,"Electrical machinery and equipment and parts thereof; sound recorders and reproducers; television image and sound recorders and reproducers, parts and accessories of such articles",128612205.517,128612205.517,0.0,False,0.022410830371493384,-0.016343047628398333,132355667.65033336,149791510.63875,25676576.79599104,False
2019-06-01,2019,6,2,201906,X,exports,SGP,Singapore,85,"Electrical machinery and equipment and parts thereof; sound recorders and reproducers; television image and sound recorders and reproducers, parts and accessories of such articles",108168298.236,108168298.236,0.0,False,-0.15895775365035414,-0.08610945036445306,120857860.64433336,148942182.75591668,26947866.920757815,False
2019-07-01,2019,7,3,201907,X,exports,SGP,Singapore,85,"Electrical machinery and equipment and parts thereof; sound recorders and reproducers; television image and sound recorders and reproducers, parts and accessories of such articles",133669303.534,133669303.534,0.0,False,0.23575304145362708,-0.22038253527839424,123483269.09566669,145793375.66625,26277396.831456076,False
2019-08-01,2019,8,3,201908,X,exports,SGP,Singapore,85,"Electrical machinery and equipment and parts thereof; sound recorders and reproducers; television image and sound recorders and reproducers, parts and accessories of such articles",125992397.209,125992397.209,0.0,False,-0.0574320814280842,-0.3340629731618606,122609999.65966667,140526436.86283335,22904842.4998902,False
2019-09-01,2019,9,3,201909,X,exports,SGP,Singapore,85,"Electrical machinery and equipment and parts thereof; sound recorders and reproducers; television image and sound recorders and reproducers, parts and accessories of such articles",147687232.078,147687232.078,0.0,False,0.1721916190943804,-0.050062499063946,135782977.60700002,139877833.4976667,22550659.054414764,False
2019-10-01,2019,10,4,201910,X,exports,SGP,Singapore,85,"Electrical machinery and equipment and parts thereof; sound recorders and reproducers; television image and sound recorders and reproducers, parts and accessories of such articles",146077926.393,146077926.393,0.0,False,-0.010896715053540063,-0.12459247406832719,139919185.2266667,138145287.06291667,21036288.590551484,False
2019-11-01,2019,11,4,201911,X,exports,SGP,Singapore,85,"Electrical machinery and equipment and parts thereof; sound recorders and reproducers; television image and sound recorders and reproducers, parts and accessories of such articles",144536365.583,144536365.583,0.0,False,-0.010553003099541991,-0.0247139769954533,146100508.01800004,137840071.60733333,20903309.137131643,False
2019-12-01,2019,12,4,201912,X,exports,SGP,Singapore,85,"Electrical machinery and equipment and parts thereof; sound recorders and reproducers; television image and sound recorders and reproducers, parts and accessories of such articles",117979344.648,117979344.648,0.0,False,-0.1837393712501345,-0.3861503113150344,136197878.8746667,131655365.27716668,12746926.826547297,False
2020-01-01,2020,1,1,202001,X,exports,SGP,Singapore,85,"Electrical machinery and equipment and parts thereof; sound recorders and reproducers; television image and sound recorders and reproducers, parts and accessories of such articles",131397126.565,131397126.565,0.0,False,0.11372992414081406,-0.05805115665622895,131304278.93200003,130980544.90941666,12506246.650367182,False
2020-02-01,2020,2,1,202002,X,exports,SGP,Singapore,85,"Electrical machinery and equipment and parts thereof; sound recorders and reproducers; television image and sound recorders and reproducers, parts and accessories of such articles",124481409.112,124481409.112,0.0,False,-0.0526321817972093,0.044381231418285205,124619293.44166668,131421367.19241667,12140819.71350679,False
2020-03-01,2020,3,1,202003,X,exports,SGP,Singapore,85,"Electrical machinery and equipment and parts thereof; sound recorders and reproducers; television image and sound recorders and reproducers, parts and accessories of such articles",118028780.3,118028780.3,0.0,False,-0.051836084263750304,-0.17266677482095005,124635771.99233335,129368622.27958333,12149991.640667768,False
2020-04-01,2020,4,2,202004,X,exports,SGP,Singapore,85,"Electrical machinery and equipment and parts thereof; sound recorders and reproducers; television image and sound recorders and reproducers, parts and accessories of such articles",105090426.572,105090426.572,0.0,False,-0.10962032900038365,-0.1645770332321158,115866871.9946667,127643401.31225,14028460.966988115,False
2020-05-01,2020,5,2,202005,X,exports,SGP,Singapore,85,"Electrical machinery and equipment and parts thereof; sound recorders and reproducers; television image and sound recorders and reproducers, parts and accessories of such articles",82410560.21,82410560.21,0.0,False,-0.21581286803952093,-0.3592321982293746,101843255.69400002,123793264.20333333,19145290.3100812,True
2020-06-01,2020,6,2,202006,X,exports,SGP,Singapore,85,"Electrical machinery and equipment and parts thereof; sound recorders and reproducers; television image and sound recorders and reproducers, parts and accessories of such articles",121970260.616,121970260.616,0.0,False,0.48003193165042557,0.12759711121540507,103157082.46600002,124943427.735,18525836.549469773,False
2020-07-01,2020,7,3,202007,X,exports,SGP,Singapore,85,"Electrical machinery and equipment and parts thereof; sound recorders and reproducers; television image and sound recorders and reproducers, parts and accessories of such articles",126751314.322,126751314.322,0.0,False,0.03919852004786839,-0.05175450929345449,110377378.38266669,124366928.63399999,18336283.32847895,False
2020-08-01,2020,8,3,202008,X,exports,SGP,Singapore,85,"Electrical machinery and equipment and parts thereof; sound recorders and reproducers; television image and sound recorders and reproducers, parts and accessories of such articles",127280401.135,127280401.135,0.0,False,0.00417421165082299,0.010222870224966263,125333992.02433336,124474262.2945,18350427.483438935,False
2020-09-01,2020,9,3,202009,X,exports,SGP,Singapore,85,"Electrical machinery and equipment and parts thereof; sound recorders and reproducers; television image and sound recorders and reproducers, parts and accessories of such articles",150142466.424,150142466.424,0.0,False,0.1796196828822949,0.01662455387276318,134724727.2936667,124678865.15666665,18644113.05129456,False
2020-10-01,2020,10,4,202010,X,exports,SGP,Singapore,85,"Electrical machinery and equipment and parts thereof; sound recorders and reproducers; television image and sound recorders and reproducers, parts and accessories of such articles",142573225.315,142573225.315,0.0,False,-0.05041372563858504,-0.02399199635796545,139998697.6246667,124386806.7335,18302749.8986386,False
2020-11-01,2020,11,4,202011,X,exports,SGP,Singapore,85,"Electrical machinery and equipment and parts thereof; sound recorders and reproducers; television image and sound recorders and reproducers, parts and accessories of such articles",147092837.191,147092837.191,0.0,False,0.03170028500101907,0.017687393741279367,146602842.9766667,124599846.03416665,18571512.056610644,False
2020-12-01,2020,12,4,202012,X,exports,SGP,Singapore,85,"Electrical machinery and equipment and parts thereof; sound recorders and reproducers; television image and sound recorders and reproducers, parts and accessories of such articles",152998410.779,152998410.779,0.0,False,0.04014861430901373,0.29682370448388196,147554824.42833337,127518101.54508334,20123176.414263964,False
2021-01-01,2021,1,1,202101,X,exports,SGP,Singapore,85,"Electrical machinery and equipment and parts thereof; sound recorders and reproducers; television image and sound recorders and reproducers, parts and accessories of such articles",152857826.311,152857826.311,,False,-0.0009188622763087739,0.16332700955514223,150983024.7603334,129306493.19058335,21411634.897814576,False
2021-02-01,2021,2,1,202102,X,exports,SGP,Singapore,85,"Electrical machinery and equipment and parts thereof; sound recorders and reproducers; television image and sound recorders and reproducers, parts and accessories of such articles",140145294.542,140145294.542,,False,-0.08316572383500631,0.1258331307601659,148667177.2106667,130611816.97641666,21567633.441867016,False
2021-03-01,2021,3,1,202103,X,exports,SGP,Singapore,85,"Electrical machinery and equipment and parts thereof; sound recorders and reproducers; television image and sound recorders and reproducers, parts and accessories of such articles",179095231.31,179095231.31,,False,0.2779253980327334,0.5173861057852516,157366117.38766667,135700687.89391664,25223258.209929027,False
2021-04-01,2021,4,2,202104,X,exports,SGP,Singapore,85,"Electrical machinery and equipment and parts thereof; sound recorders and reproducers; television image and sound recorders and reproducers, parts and accessories of such articles",185953509.69,185953509.69,,False,0.038294031224811675,0.7694619363125217,168398011.84733334,142439278.15375,27038348.38616188,False
2021-05-01,2021,5,2,202105,X,exports,SGP,Singapore,85,"Electrical machinery and equipment and parts thereof; sound recorders and reproducers; television image and sound recorders and reproducers, parts and accessories of such articles",162252651.681,162252651.681,,False,-0.12745582510656195,0.9688332571401654,175767130.8936667,149092785.77633333,19770703.63929422,False
2021-06-01,2021,6,2,202106,X,exports,SGP,Singapore,85,"Electrical machinery and equipment and parts thereof; sound recorders and reproducers; television image and sound recorders and reproducers, parts and accessories of such articles",195777579.469,195777579.469,,False,0.2066217558891572,0.6051255320784157,181327913.61333334,155243395.68075,21928741.022227265,False
2021-07-01,2021,7,3,202107,X,exports,SGP,Singapore,85,"Electrical machinery and equipment and parts thereof; sound recorders and reproducers; television image and sound recorders and reproducers, parts and accessories of such articles",173258153.284,173258153.284,,False,-0.11502556240647466,0.3669140569529219,177096128.1446667,159118965.59425,20498467.34074646,False
2021-08-01,2021,8,3,202108,X,exports,SGP,Singapore,85,"Electrical machinery and equipment and parts thereof; sound recorders and reproducers; television image and sound recorders and reproducers, parts and accessories of such articles",183421288.192,183421288.192,,False,0.058658912815149566,0.44108037495461816,184152340.31500006,163797372.849,18916845.691412568,False
2021-09-01,2021,9,3,202109,X,exports,SGP,Singapore,85,"Electrical machinery and equipment and parts thereof; sound recorders and reproducers; television image and sound recorders and reproducers, parts and accessories of such articles",180921057.651,180921057.651,,False,-0.013631081569893011,0.20499590795372802,179200166.3756667,166362255.45125,18983577.10951685,False
2021-10-01,2021,10,4,202110,X,exports,SGP,Singapore,85,"Electrical machinery and equipment and parts thereof; sound recorders and reproducers; television image and sound recorders and reproducers, parts and accessories of such articles",176920095.66,176920095.66,,False,-0.022114407482173415,0.24090687623229634,180420813.83433333,169224494.64666668,17610377.29994712,False
2021-11-01,2021,11,4,202111,X,exports,SGP,Singapore,85,"Electrical machinery and equipment and parts thereof; sound recorders and reproducers; television image and sound recorders and reproducers, parts and accessories of such articles",201778515.101,201778515.101,,False,0.1405064775048066,0.37177662049573934,186539889.47066668,173781634.4725,18419660.890204065,False
2021-12-01,2021,12,4,202112,X,exports,SGP,Singapore,85,"Electrical machinery and equipment and parts thereof; sound recorders and reproducers; television image and sound recorders and reproducers, parts and accessories of such articles",210979393.748,210979393.748,,False,0.04559890155993318,0.37896460933016596,196559334.83633336,178613383.05324998,20008417.220269766,False
2022-01-01,2022,1,1,202201,X,exports,SGP,Singapore,85,"Electrical machinery and equipment and parts thereof; sound recorders and reproducers; television image and sound recorders and reproducers, parts and accessories of such articles",218224128.755,218224128.755,,False,0.03433859050544674,0.4276281039808041,210327345.86800003,184060574.92358336,21220281.972556755,False
2022-02-01,2022,2,1,202202,X,exports,SGP,Singapore,85,"Electrical machinery and equipment and parts thereof; sound recorders and reproducers; television image and sound recorders and reproducers, parts and accessories of such articles",194267153.115,194267153.115,,False,-0.10978151580523188,0.38618391541344477,207823558.53933334,188570729.80466667,16194354.964030137,False
2022-03-01,2022,3,1,202203,X,exports,SGP,Singapore,85,"Electrical machinery and equipment and parts thereof; sound recorders and reproducers; television image and sound recorders and reproducers, parts and accessories of such articles",258549900.11,258549900.11,,False,0.3308986926726962,0.4436448040454528,223680393.99333334,195191952.2046667,25523679.970797066,True
2022-04-01,2022,4,2,202204,X,exports,SGP,Singapore,85,"Electrical machinery and equipment and parts thereof; sound recorders and reproducers; television image and sound recorders and reproducers, parts and accessories of such articles",467068259.612,467068259.612,,False,0.8064917426511704,1.5117474813497296,306628437.61233336,218618181.36483335,82247939.89635715,True
2022-05-01,2022,5,2,202205,X,exports,SGP,Singapore,85,"Electrical machinery and equipment and parts thereof; sound recorders and reproducers; television image and sound recorders and reproducers, parts and accessories of such articles",299912381.789,299912381.789,,False,-0.3578831881272744,0.8484282301817081,341843513.83699995,230089825.54050002,83265430.14747843,False
2022-06-01,2022,6,2,202206,X,exports,SGP,Singapore,85,"Electrical machinery and equipment and parts thereof; sound recorders and reproducers; television image and sound recorders and reproducers, parts and accessories of such articles",293516276.196,293516276.196,,False,-0.021326580632806014,0.4992333493553902,353498972.5323333,238234716.93441665,84376840.73496477,False
2022-07-01,2022,7,3,202207,X,exports,SGP,Singapore,85,"Electrical machinery and equipment and parts thereof; sound recorders and reproducers; television image and sound recorders and reproducers, parts and accessories of such articles",265163047.774,265163047.774,,False,-0.09659848778902702,0.5304506180401911,286197235.25299996,245893458.14191666,82082701.72760773,False
2022-08-01,2022,8,3,202208,X,exports,SGP,Singapore,85,"Electrical machinery and equipment and parts thereof; sound recorders and reproducers; television image and sound recorders and reproducers, parts and accessories of such articles",251676749.531,251676749.531,,False,-0.05086039837079581,0.37212398850646045,270118691.167,251581413.2535,79690144.01974271,False
2022-09-01,2022,9,3,202209,X,exports,SGP,Singapore,85,"Electrical machinery and equipment and parts thereof; sound recorders and reproducers; television image and sound recorders and reproducers, parts and accessories of such articles",247266309.678,247266309.678,,False,-0.01752422447134605,0.36670829193902454,254702035.661,257110184.25575003,76583072.03898521,False
2022-10-01,2022,10,4,202210,X,exports,SGP,Singapore,85,"Electrical machinery and equipment and parts thereof; sound recorders and reproducers; television image and sound recorders and reproducers, parts and accessories of such articles",238637067.258,238637067.258,,False,-0.03489857729197865,0.34884093504338765,245860042.15566668,262253265.22224998,72681138.30154723,False
2022-11-01,2022,11,4,202211,X,exports,SGP,Singapore,85,"Electrical machinery and equipment and parts thereof; sound recorders and reproducers; television image and sound recorders and reproducers, parts and accessories of such articles",190142451.93,190142451.93,,False,-0.20321493171708538,-0.05766750322835701,225348609.62199998,261283593.29133332,73632698.60382175,False
2022-12-01,2022,12,4,202212,X,exports,SGP,Singapore,85,"Electrical machinery and equipment and parts thereof; sound recorders and reproducers; television image and sound recorders and reproducers, parts and accessories of such articles",305223865.359,305223865.359,,False,0.6052378743457387,0.44669988825339213,244667794.849,269137299.2589167,72800839.14918202,False
2023-01-01,2023,1,1,202301,X,exports,SGP,Singapore,85,"Electrical machinery and equipment and parts thereof; sound recorders and reproducers; television image and sound recorders and reproducers, parts and accessories of such articles",290731137.593,290731137.593,,False,-0.04748228893882167,0.33225935762311387,262032484.96066666,275179549.9954167,71181982.7719197,False
2023-02-01,2023,2,1,202302,X,exports,SGP,Singapore,85,"Electrical machinery and equipment and parts thereof; sound recorders and reproducers; television image and sound recorders and reproducers, parts and accessories of such articles",322933114.178,322933114.178,,False,0.11076204926518796,0.6623145446869949,306296039.04333335,285901713.4173333,67480388.2934692,False
2023-03-01,2023,3,1,202303,X,exports,SGP,Singapore,85,"Electrical machinery and equipment and parts thereof; sound recorders and reproducers; television image and sound recorders and reproducers, parts and accessories of such articles",227810044.939,227810044.939,,False,-0.2945596628612337,-0.11889331675595982,280491432.2366667,283340058.81975,69175275.54282321,False
2023-04-01,2023,4,2,202304,X,exports,SGP,Singapore,85,"Electrical machinery and equipment and parts thereof; sound recorders and reproducers; television image and sound recorders and reproducers, parts and accessories of such articles",150188842.186,150188842.186,,False,-0.34072774435290776,-0.6784434842334097,233644000.43433332,256933440.70091665,50670851.554360606,True
2023-05-01,2023,5,2,202305,X,exports,SGP,Singapore,85,"Electrical machinery and equipment and parts thereof; sound recorders and reproducers; television image and sound recorders and reproducers, parts and accessories of such articles",183218991.516,183218991.516,,False,0.21992412251966176,-0.3890916059447599,187072626.21366668,247208991.51149997,52824528.45103541,False
2023-06-01,2023,6,2,202306,X,exports,SGP,Singapore,85,"Electrical machinery and equipment and parts thereof; sound recorders and reproducers; television image and sound recorders and reproducers, parts and accessories of such articles",203734736.29,203734736.29,,False,0.11197389858031404,-0.30588266200967673,179047523.33066666,239727196.51933333,52021549.76840397,False
2023-07-01,2023,7,3,202307,X,exports,SGP,Singapore,85,"Electrical machinery and equipment and parts thereof; sound recorders and reproducers; television image and sound recorders and reproducers, parts and accessories of such articles",225636037.642,225636037.642,,False,0.10749910275891916,-0.14906681177419978,204196588.48266664,236433279.00833333,51513491.22670092,False
2023-08-01,2023,8,3,202308,X,exports,SGP,Singapore,85,"Electrical machinery and equipment and parts thereof; sound recorders and reproducers; television image and sound recorders and reproducers, parts and accessories of such articles",228656783.39,228656783.39,,False,0.01338769187567812,-0.09146639959351721,219342519.1073333,234514948.4965833,51322499.1854947,False
2023-09-01,2023,9,3,202309,X,exports,SGP,Singapore,85,"Electrical machinery and equipment and parts thereof; sound recorders and reproducers; television image and sound recorders and reproducers, parts and accessories of such articles",174620955.705,174620955.705,,False,-0.2363184983357164,-0.2937939829635572,209637925.579,228461168.9988333,53901342.83632284,False
2023-10-01,2023,10,4,202310,X,exports,SGP,Singapore,85,"Electrical machinery and equipment and parts thereof; sound recorders and reproducers; television image and sound recorders and reproducers, parts and accessories of such articles",176900159.842,176900159.842,,False,0.013052294484348304,-0.2587062778024076,193392632.979,223316426.71416664,55756182.402353324,False
2023-11-01,2023,11,4,202311,X,exports,SGP,Singapore,85,"Electrical machinery and equipment and parts thereof; sound recorders and reproducers; television image and sound recorders and reproducers, parts and accessories of such articles",177871130.299,177871130.299,,False,0.005488804859572927,-0.06453751651166062,176464081.9486667,222293816.57825002,56527132.843304336,False
2023-12-01,2023,12,4,202312,X,exports,SGP,Singapore,85,"Electrical machinery and equipment and parts thereof; sound recorders and reproducers; television image and sound recorders and reproducers, parts and accessories of such articles",164151002.35,164151002.35,,False,-0.0771352153996917,-0.4621947331774733,172974097.497,210537744.66083333,52217391.1771338,False
2024-01-01,2024,1,1,202401,X,exports,SGP,Singapore,85,"Electrical machinery and equipment and parts thereof; sound recorders and reproducers; television image and sound recorders and reproducers, parts and accessories of such articles",147022441.122,147022441.122,,False,-0.10434637000558034,-0.4943010152293371,163014857.9236667,198562019.9549167,48500621.44089063,False
2024-02-01,2024,2,1,202402,X,exports,SGP,Singapore,85,"Electrical machinery and equipment and parts thereof; sound recorders and reproducers; television image and sound recorders and reproducers, parts and accessories of such articles",131975832.532,131975832.532,,False,-0.10234225792451812,-0.5913214633688658,147716425.33466664,182648913.15108332,32755625.111850075,False
2024-03-01,2024,3,1,202403,X,exports,SGP,Singapore,85,"Electrical machinery and equipment and parts thereof; sound recorders and reproducers; television image and sound recorders and reproducers, parts and accessories of such articles",157793199.655,157793199.655,,False,0.19562193037683695,-0.3073474890132619,145597157.76966667,176814176.04408333,30108877.466000397,False
2024-04-01,2024,4,2,202404,X,exports,SGP,Singapore,85,"Electrical machinery and equipment and parts thereof; sound recorders and reproducers; television image and sound recorders and reproducers, parts and accessories of such articles",129282092.28,129282092.28,,False,-0.18068654059450506,-0.1392030832763742,139683708.15566668,175071946.88525,32313740.054612383,False
2024-05-01,2024,5,2,202405,X,exports,SGP,Singapore,85,"Electrical machinery and equipment and parts thereof; sound recorders and reproducers; television image and sound recorders and reproducers, parts and accessories of such articles",147117555.853,147117555.853,,False,0.13795772684720964,-0.19703981210838273,144730949.26266667,172063493.91333333,33155857.743590593,False
2024-06-01,2024,6,2,202406,X,exports,SGP,Singapore,85,"Electrical machinery and equipment and parts thereof; sound recorders and reproducers; television image and sound recorders and reproducers, parts and accessories of such articles",135271725.826,135271725.826,,False,-0.08051948632722217,-0.33603994935133896,137223791.31966665,166358243.04133332,33100930.891890034,False
2024-07-01,2024,7,3,202407,X,exports,SGP,Singapore,85,"Electrical machinery and equipment and parts thereof; sound recorders and reproducers; television image and sound recorders and reproducers, parts and accessories of such articles",153149359.501,153149359.501,,False,0.13216090477026943,-0.32125487975466605,145179547.06,160317686.52958333,27427832.050690986,False
2024-08-01,2024,8,3,202408,X,exports,SGP,Singapore,85,"Electrical machinery and equipment and parts thereof; sound recorders and reproducers; television image and sound recorders and reproducers, parts and accessories of such articles",154243623.731,154243623.731,,False,0.007145078722923914,-0.3254360467936782,147554903.01933333,154116589.89133334,17003648.18072019,False
2024-09-01,2024,9,3,202409,X,exports,SGP,Singapore,85,"Electrical machinery and equipment and parts thereof; sound recorders and reproducers; television image and sound recorders and reproducers, parts and accessories of such articles",185849132.521,185849132.521,,False,0.20490642028172146,0.06430028269326726,164414038.58433333,155052271.29266664,18479432.828014575,False
2024-10-01,2024,10,4,202410,X,exports,SGP,Singapore,85,"Electrical machinery and equipment and parts thereof; sound recorders and reproducers; television image and sound recorders and reproducers, parts and accessories of such articles",184393040.737,184393040.737,,False,-0.007834805383530541,0.042356552428739036,174828598.99633333,155676678.03391665,19388974.669958793,False
2024-11-01,2024,11,4,202411,X,exports,SGP,Singapore,85,"Electrical machinery and equipment and parts thereof; sound recorders and reproducers; television image and sound recorders and reproducers, parts and accessories of such articles",160231348.773,160231348.773,,False,-0.13103364350101387,-0.09917169523996194,176824507.34366667,154206696.2400833,18184601.0848823,False
2024-12-01,2024,12,4,202412,X,exports,SGP,Singapore,85,"Electrical machinery and equipment and parts thereof; sound recorders and reproducers; television image and sound recorders and reproducers, parts and accessories of such articles",177035716.376,177035716.376,,False,0.10487565468107474,0.07849305725546185,173886701.96199998,155280422.40891668,19178390.21709315,False
2015-01-01,2015,1,1,201501,M,imports,SGP,Singapore,85,"Electrical machinery and equipment and parts thereof; sound recorders and reproducers; television image and sound recorders and reproducers, parts and accessories of such articles",143254780.0,0.0,143254780.0,False,,,143254780.0,,,False
2015-02-01,2015,2,1,201502,M,imports,SGP,Singapore,85,"Electrical machinery and equipment and parts thereof; sound recorders and reproducers; television image and sound recorders and reproducers, parts and accessories of such articles",116357331.0,0.0,116357331.0,False,-0.18775952188122447,,129806055.5,,,False
2015-03-01,2015,3,1,201503,M,imports,SGP,Singapore,85,"Electrical machinery and equipment and parts thereof; sound recorders and reproducers; television image and sound recorders and reproducers, parts and accessories of such articles",129974854.0,0.0,129974854.0,False,0.11703192985751798,,129862321.66666667,,,False
2015-04-01,2015,4,2,201504,M,imports,SGP,Singapore,85,"Electrical machinery and equipment and parts thereof; sound recorders and reproducers; television image and sound recorders and reproducers, parts and accessories of such articles",138315720.0,0.0,138315720.0,False,0.06417292070972436,,128215968.33333333,,,False
2015-05-01,2015,5,2,201505,M,imports,SGP,Singapore,85,"Electrical machinery and equipment and parts thereof; sound recorders and reproducers; television image and sound recorders and reproducers, parts and accessories of such articles",128352573.0,0.0,128352573.0,False,-0.07203192088361321,,132214382.33333333,,,False
2015-06-01,2015,6,2,201506,M,imports,SGP,Singapore,85,"Electrical machinery and equipment and parts thereof; sound recorders and reproducers; television image and sound recorders and reproducers, parts and accessories of such articles",143056069.0,0.0,143056069.0,False,0.11455552199954733,,136574787.33333334,133218554.5,10411376.823148277,False
2015-07-01,2015,7,3,201507,M,imports,SGP,Singapore,85,"Electrical machinery and equipment and parts thereof; sound recorders and reproducers; television image and sound recorders and reproducers, parts and accessories of such articles",136839642.0,0.0,136839642.0,False,-0.04345447937619484,,136082761.33333334,133735852.71428572,9602282.101607231,False
2015-08-01,2015,8,3,201508,M,imports,SGP,Singapore,85,"Electrical machinery and equipment and parts thereof; sound recorders and reproducers; television image and sound recorders and reproducers, parts and accessories of such articles",163801135.0,0.0,163801135.0,False,0.19702984168871174,,147898948.66666666,137494013.0,13857200.183132254,False
2015-09-01,2015,9,3,201509,M,imports,SGP,Singapore,85,"Electrical machinery and equipment and parts thereof; sound recorders and reproducers; television image and sound recorders and reproducers, parts and accessories of such articles",161492747.0,0.0,161492747.0,False,-0.014092625182359098,,154044508.0,140160539.0,15231956.390400397,False
2015-10-01,2015,10,4,201510,M,imports,SGP,Singapore,85,"Electrical machinery and equipment and parts thereof; sound recorders and reproducers; television image and sound recorders and reproducers, parts and accessories of such articles",152697568.0,0.0,152697568.0,False,-0.05446175858287927,,159330483.33333334,141414241.9,14898021.309200885,False
2015-11-01,2015,11,4,201511,M,imports,SGP,Singapore,85,"Electrical machinery and equipment and parts thereof; sound recorders and reproducers; television image and sound recorders and reproducers, parts and accessories of such articles",175920037.0,0.0,175920037.0,False,0.15208145947681362,,163370117.33333334,144551132.36363637,17549838.592586648,False
2015-12-01,2015,12,4,201512,M,imports,SGP,Singapore,85,"Electrical machinery and equipment and parts thereof; sound recorders and reproducers; television image and sound recorders and reproducers, parts and accessories of such articles",165605678.0,0.0,165605678.0,False,-0.05863095060626888,,164741094.33333334,146305677.83333334,17802760.46151103,False
2016-01-01,2016,1,1,201601,M,imports,SGP,Singapore,85,"Electrical machinery and equipment and parts thereof; sound recorders and reproducers; television image and sound recorders and reproducers, parts and accessories of such articles",138817700.0,0.0,138817700.0,False,-0.16175760591976807,-0.030973346927760437,160114471.66666666,145935921.16666666,17917594.895119827,False
2016-02-01,2016,2,1,201602,M,imports,SGP,Singapore,85,"Electrical machinery and equipment and parts thereof; sound recorders and reproducers; television image and sound recorders and reproducers, parts and accessories of such articles",136004639.0,0.0,136004639.0,False,-0.020264425934156782,0.16885320272600612,146809339.0,147573196.83333334,15733610.765735302,False
2016-03-01,2016,3,1,201603,M,imports,SGP,Singapore,85,"Electrical machinery and equipment and parts thereof; sound recorders and reproducers; television image and sound recorders and reproducers, parts and accessories of such articles",155851284.0,0.0,155851284.0,False,0.14592623564847673,0.19908797127789035,143557874.33333334,149729566.0,14850887.655956542,False
2016-04-01,2016,4,2,201604,M,imports,SGP,Singapore,85,"Electrical machinery and equipment and parts thereof; sound recorders and reproducers; television image and sound recorders and reproducers, parts and accessories of such articles",141108551.0,0.0,141108551.0,False,-0.09459487674159939,0.02019171067467962,144321491.33333334,149962301.91666666,14676615.701373685,False
2016-05-01,2016,5,2,201605,M,imports,SGP,Singapore,85,"Electrical machinery and equipment and parts thereof; sound recorders and reproducers; television image and sound recorders and reproducers, parts and accessories of such articles",122824917.0,0.0,122824917.0,False,-0.12957141059438704,-0.04306618769535686,139928250.66666666,149501663.91666666,15481204.32466672,False
2016-06-01,2016,6,2,201606,M,imports,SGP,Singapore,85,"Electrical machinery and equipment and parts thereof; sound recorders and reproducers; television image and sound recorders and reproducers, parts and accessories of such articles",134681683.0,0.0,134681683.0,False,0.09653388163901622,-0.05853918717702222,132871717.0,148803798.41666666,15978925.058368139,False
2016-07-01,2016,7,3,201607,M,imports,SGP,Singapore,85,"Electrical machinery and equipment and parts thereof; sound recorders and reproducers; television image and sound recorders and reproducers, parts and accessories of such articles",129614342.0,0.0,129614342.0,False,-0.03762457438254618,-0.05280121969334006,129040314.0,148201690.08333334,16594989.089520223,False
2016-08-01,2016,8,3,201608,M,imports,SGP,Singapore,85,"Electrical machinery and equipment and parts thereof; sound recorders and reproducers; television image and sound recorders and reproducers, parts and accessories of such articles",103333543.0,0.0,103333543.0,False,-0.20276150458720066,-0.3691524603904607,122543189.33333333,143162724.08333334,20213506.043974876,False
2016-09-01,2016,9,3,201609,M,imports,SGP,Singapore,85,"Electrical machinery and equipment and parts thereof; sound recorders and reproducers; television image and sound recorders and reproducers, parts and accessories of such articles",132893967.0,0.0,132893967.0,False,0.2860680389135597,-0.17709018226063122,121947284.0,140779492.41666666,19530266.03709053,False
2016-10-01,2016,10,4,201610,M,imports,SGP,Singapore,85,"Electrical machinery and equipment and parts thereof; sound recorders and reproducers; television image and sound recorders and reproducers, parts and accessories of such articles",118257562.0,0.0,118257562.0,False,-0.11013596275593163,-0.22554390650151024,118161690.66666667,137909491.91666666,20140637.788759273,False
2016-11-01,2016,11,4,201611,M,imports,SGP,Singapore,85,"Electrical machinery and equipment and parts thereof; sound recorders and reproducers; television image and sound recorders and reproducers, parts and accessories of such articles",116488496.0,0.0,116488496.0,False,-0.014959432361712266,-0.33783269952359096,122546675.0,132956863.5,17007520.75792789,False
2016-12-01,2016,12,4,201612,M,imports,SGP,Singapore,85,"Electrical machinery and equipment and parts thereof; sound recorders and reproducers; television image and sound recorders and reproducers, parts and accessories of such articles",202058959.0,0.0,202058959.0,False,0.7345829497189147,0.22012096106994594,145601672.33333334,135994636.91666666,24827094.97140071,True
2017-01-01,2017,1,1,201701,M,imports,SGP,Singapore,85,"Electrical machinery and equipment and parts thereof; sound recorders and reproducers; television image and sound recorders and reproducers, parts and accessories of such articles",101678892.0,0.0,101678892.0,False,-0.4967860247166769,-0.26753654613208544,140075449.0,132899736.25,26688252.15552087,False
2017-02-01,2017,2,1,201702,M,imports,SGP,Singapore,85,"Electrical machinery and equipment and parts thereof; sound recorders and reproducers; television image and sound recorders and reproducers, parts and accessories of such articles",106169529.0,0.0,106169529.0,False,0.04416488920827333,-0.2193683261054059,136635793.33333334,130413477.08333333,27741627.036734883,False
2017-03-01,2017,3,1,201703,M,imports,SGP,Singapore,85,"Electrical machinery and equipment and parts thereof; sound recorders and reproducers; television image and sound recorders and reproducers, parts and accessories of such articles",121090502.0,0.0,121090502.0,False,0.14053912775670319,-0.223038149624741,109646307.66666667,127516745.25,26636816.211951632,False
2017-04-01,2017,4,2,201704,M,imports,SGP,Singapore,85,"Electrical machinery and equipment and parts thereof; sound recorders and reproducers; television image and sound recorders and reproducers, parts and accessories of such articles",110013242.0,,110013242.0,False,-0.09147918141424505,-0.22036445544678573,112424424.33333333,124925469.5,26706789.533968795,False
2017-05-01,2017,5,2,201705,M,imports,SGP,Singapore,85,"Electrical machinery and equipment and parts thereof; sound recorders and reproducers; television image and sound recorders and reproducers, parts and accessories of such articles",136670311.0,0.0,136670311.0,False,0.2423078214529848,0.11272463550697931,122591351.66666667,126079252.33333333,26906121.443516232,False
2017-06-01,2017,6,2,201706,M,imports,SGP,Singapore,85,"Electrical machinery and equipment and parts thereof; sound recorders and reproducers; television image and sound recorders and reproducers, parts and accessories of such articles",110769478.0,,110769478.0,False,-0.18951323671166598,-0.17754608100642755,119151010.33333333,124086568.58333333,27095908.77688549,False
2017-07-01,2017,7,3,201707,M,imports,SGP,Singapore,85,"Electrical machinery and equipment and parts thereof; sound recorders and reproducers; television image and sound recorders and reproducers, parts and accessories of such articles",142088398.0,0.0,142088398.0,False,0.2827396189408782,0.09623978185994253,129842729.0,125126073.25,27562513.64192579,False
2017-08-01,2017,8,3,201708,M,imports,SGP,Singapore,85,"Electrical machinery and equipment and parts thereof; sound recorders and reproducers; television image and sound recorders and reproducers, parts and accessories of such articles",151354841.0,0.0,151354841.0,False,0.06521604248082236,0.4647212957751772,134737572.33333334,129127848.08333333,27596899.03867769,False
2017-09-01,2017,9,3,201709,M,imports,SGP,Singapore,85,"Electrical machinery and equipment and parts thereof; sound recorders and reproducers; television image and sound recorders and reproducers, parts and accessories of such articles",173981385.0,0.0,173981385.0,False,0.14949336176171601,0.30917444130477345,155808208.0,132551799.58333333,30502536.40393732,False
2017-10-01,2017,10,4,201710,M,imports,SGP,Singapore,85,"Electrical machinery and equipment and parts thereof; sound recorders and reproducers; television image and sound recorders and reproducers, parts and accessories of such articles",131761909.0,0.0,131761909.0,False,-0.24266662781193515,0.11419436331691002,152366045.0,133677161.83333333,30174573.002219316,False
2017-11-01,2017,11,4,201711,M,imports,SGP,Singapore,85,"Electrical machinery and equipment and parts thereof; sound recorders and reproducers; television image and sound recorders and reproducers, parts and accessories of such articles",161723094.0,0.0,161723094.0,False,0.22738881993581317,0.38831815632678435,155822129.33333334,137446711.66666666,30653730.932857618,False
2017-12-01,2017,12,4,201712,M,imports,SGP,Singapore,85,"Electrical machinery and equipment and parts thereof; sound recorders and reproducers; television image and sound recorders and reproducers, parts and accessories of such articles",239260015.0,0.0,239260015.0,False,0.4794424783883988,0.1841099062576086,177581672.66666666,140546799.66666666,38626466.55530955,True
2018-01-01,2018,1,1,201801,M,imports,SGP,Singapore,85,"Electrical machinery and equipment and parts thereof; sound recorders and reproducers; television image and sound recorders and reproducers, parts and accessories of such articles",230909071.0,0.0,230909071.0,False,-0.034903216068092324,1.2709636824130617,210630726.66666666,151315981.25,44389767.11981926,False
2018-02-01,2018,2,1,201802,M,imports,SGP,Singapore,85,"Electrical machinery and equipment and parts thereof; sound recorders and reproducers; television image and sound recorders and reproducers, parts and accessories of such articles",147181521.0,0.0,147181521.0,False,-0.36259965724776577,0.3862877831924827,205783535.66666666,154733647.25,42118546.97767446,False
2018-03-01,2018,3,1,201803,M,imports,SGP,Singapore,85,"Electrical machinery and equipment and parts thereof; sound recorders and reproducers; television image and sound recorders and reproducers, parts and accessories of such articles",118240348.0,0.0,118240348.0,False,-0.19663591464039842,-0.02353738693725127,165443646.66666666,154496134.41666666,42333003.151744545,False
2018-04-01,2018,4,2,201804,M,imports,SGP,Singapore,85,"Electrical machinery and equipment and parts thereof; sound recorders and reproducers; television image and sound recorders and reproducers, parts and accessories of such articles",117876564.0,0.0,117876564.0,False,-0.0030766485903779284,0.07147614102673194,127766144.33333333,155151411.25,41636988.88915368,False
2018-05-01,2018,5,2,201805,M,imports,SGP,Singapore,85,"Electrical machinery and equipment and parts thereof; sound recorders and reproducers; television image and sound recorders and reproducers, parts and accessories of such articles",121295373.0,0.0,121295373.0,False,0.029003297042149878,-0.11249654652501673,119137428.33333333,153870166.41666666,42485300.6461916,False
2018-06-01,2018,6,2,201806,M,imports,SGP,Singapore,85,"Electrical machinery and equipment and parts thereof; sound recorders and reproducers; television image and sound recorders and reproducers, parts and accessories of such articles",128172694.0,0.0,128172694.0,False,0.05669895586206741,0.15711201600137548,122448210.33333333,155320434.41666666,41156530.35592843,False
2018-07-01,2018,7,3,201807,M,imports,SGP,Singapore,85,"Electrical machinery and equipment and parts thereof; sound recorders and reproducers; television image and sound recorders and reproducers, parts and accessories of such articles",199165729.0,0.0,199165729.0,False,0.5538857987958028,0.4017029666278593,149544598.66666666,160076878.66666666,42755433.28242838,False
2018-08-01,2018,8,3,201808,M,imports,SGP,Singapore,85,"Electrical machinery and equipment and parts thereof; sound recorders and reproducers; television image and sound recorders and reproducers, parts and accessories of such articles",162408599.0,0.0,162408599.0,False,-0.1845554964930739,0.07303207434243886,163249007.33333334,160998025.16666666,42669425.582569286,False
2018-09-01,2018,9,3,201809,M,imports,SGP,Singapore,85,"Electrical machinery and equipment and parts thereof; sound recorders and reproducers; television image and sound recorders and reproducers, parts and accessories of such articles",125541273.0,0.0,125541273.0,False,-0.22700353446186672,-0.2784212345475926,162371867.0,156961349.16666666,43610419.18781827,False
2018-10-01,2018,10,4,201810,M,imports,SGP,Singapore,85,"Electrical machinery and equipment and parts thereof; sound recorders and reproducers; television image and sound recorders and reproducers, parts and accessories of such articles",118180032.0,0.0,118180032.0,False,-0.05863602323038419,-0.10307893307769245,135376634.66666666,155829526.08333334,44491226.68742895,False
2018-11-01,2018,11,4,201811,M,imports,SGP,Singapore,85,"Electrical machinery and equipment and parts thereof; sound recorders and reproducers; television image and sound recorders and reproducers, parts and accessories of such articles",110961179.0,0.0,110961179.0,False,-0.06108352551469942,-0.3138816710988722,118227494.66666667,151599366.5,46258036.353079036,False
2018-12-01,2018,12,4,201812,M,imports,SGP,Singapore,85,"Electrical machinery and equipment and parts thereof; sound recorders and reproducers; television image and sound recorders and reproducers, parts and accessories of such articles",125376668.0,0.0,125376668.0,False,0.1299147064758568,-0.4759815257890041,118172626.33333333,142109087.58333334,37489781.751902886,False
2019-01-01,2019,1,1,201901,M,imports,SGP,Singapore,85,"Electrical machinery and equipment and parts thereof; sound recorders and reproducers; television image and sound recorders and reproducers, parts and accessories of such articles",119311728.0,0.0,119311728.0,False,-0.048373753240913975,-0.4832956215912366,118549858.33333333,132809309.0,25328340.330083072,False
2019-02-01,2019,2,1,201902,M,imports,SGP,Singapore,85,"Electrical machinery and equipment and parts thereof; sound recorders and reproducers; television image and sound recorders and reproducers, parts and accessories of such articles",130177755.0,0.0,130177755.0,False,0.09107258089498127,-0.11552921782891479,124955383.66666667,131392328.5,24923598.996779684,False
2019-03-01,2019,3,1,201903,M,imports,SGP,Singapore,85,"Electrical machinery and equipment and parts thereof; sound recorders and reproducers; television image and sound recorders and reproducers, parts and accessories of such articles",170450988.0,0.0,170450988.0,False,0.3093710826400409,0.44156365304337575,139980157.0,135743215.16666666,26897930.58938562,False
2019-04-01,2019,4,2,201904,M,imports,SGP,Singapore,85,"Electrical machinery and equipment and parts thereof; sound recorders and reproducers; television image and sound recorders and reproducers, parts and accessories of such articles",171474206.0,0.0,171474206.0,False,0.006003004218432473,0.4546929447315753,157367649.66666666,140209685.33333334,28085226.758644335,False
2019-05-01,2019,5,2,201905,M,imports,SGP,Singapore,85,"Electrical machinery and equipment and parts thereof; sound recorders and reproducers; television image and sound recorders and reproducers, parts and accessories of such articles",162548396.0,0.0,162548396.0,False,-0.05205336830660112,0.3401038471599407,168157863.33333334,143647437.25,28084335.179547407,False
2019-06-01,2019,6,2,201906,M,imports,SGP,Singapore,85,"Electrical machinery and equipment and parts thereof; sound recorders and reproducers; television image and sound recorders and reproducers, parts and accessories of such articles",140086899.0,0.0,140086899.0,False,-0.13818344291751727,0.09295431521475228,158036500.33333334,144640287.66666666,27695436.83751169,False
2019-07-01,2019,7,3,201907,M,imports,SGP,Singapore,85,"Electrical machinery and equipment and parts thereof; sound recorders and reproducers; television image and sound recorders and reproducers, parts and accessories of such articles",204177641.0,0.0,204177641.0,False,0.4575070364003133,0.025164530188825918,168937645.33333334,145057947.0,28614981.542327777,True
2019-08-01,2019,8,3,201908,M,imports,SGP,Singapore,85,"Electrical machinery and equipment and parts thereof; sound recorders and reproducers; television image and sound recorders and reproducers, parts and accessories of such articles",188499945.0,0.0,188499945.0,False,-0.07678458778941422,0.1606524910666829,177588161.66666666,147232225.83333334,30949256.209907204,False
2019-09-01,2019,9,3,201909,M,imports,SGP,Singapore,85,"Electrical machinery and equipment and parts thereof; sound recorders and reproducers; television image and sound recorders and reproducers, parts and accessories of such articles",156068294.0,0.0,156068294.0,False,-0.17205124913962178,0.2431632264872765,182915293.33333334,149776144.25,30250982.66519843,False
2019-10-01,2019,10,4,201910,M,imports,SGP,Singapore,85,"Electrical machinery and equipment and parts thereof; sound recorders and reproducers; television image and sound recorders and reproducers, parts and accessories of such articles",174941690.0,0.0,174941690.0,False,0.12093036654837785,0.4802982114609684,173169976.33333334,154506282.41666666,29283630.818386566,False
2019-11-01,2019,11,4,201911,M,imports,SGP,Singapore,85,"Electrical machinery and equipment and parts thereof; sound recorders and reproducers; television image and sound recorders and reproducers, parts and accessories of such articles",214675786.0,0.0,214675786.0,False,0.22712765607786234,0.9346927270843075,181895256.66666666,163149166.33333334,30541538.322446294,False
2019-12-01,2019,12,4,201912,M,imports,SGP,Singapore,85,"Electrical machinery and equipment and parts thereof; sound recorders and reproducers; television image and sound recorders and reproducers, parts and accessories of such articles",160539058.0,0.0,160539058.0,False,-0.2521790137989759,0.2804540155748916,183385511.33333334,166079365.5,28183908.083434075,False
2020-01-01,2020,1,1,202001,M,imports,SGP,Singapore,85,"Electrical machinery and equipment and parts thereof; sound recorders and reproducers; television image and sound recorders and reproducers, parts and accessories of such articles",178589834.0,0.0,178589834.0,False,0.11243853193657083,0.49683385693651183,184601559.33333334,171019207.66666666,24147529.217837006,False
2020-02-01,2020,2,1,202002,M,imports,SGP,Singapore,85,"Electrical machinery and equipment and parts thereof; sound recorders and reproducers; television image and sound recorders and reproducers, parts and accessories of such articles",136838752.0,0.0,136838752.0,False,-0.23378196319954025,0.0511684734461737,158655881.33333334,171574290.75,23180549.698348727,False
2020-03-01,2020,3,1,202003,M,imports,SGP,Singapore,85,"Electrical machinery and equipment and parts thereof; sound recorders and reproducers; television image and sound recorders and reproducers, parts and accessories of such articles",163577078.0,0.0,163577078.0,False,0.19540024743867868,-0.04032778032357309,159668554.66666666,171001464.91666666,23295479.032656576,False
2020-04-01,2020,4,2,202004,M,imports,SGP,Singapore,85,"Electrical machinery and equipment and parts thereof; sound recorders and reproducers; television image and sound recorders and reproducers, parts and accessories of such articles",159911911.0,0.0,159911911.0,False,-0.022406360627128974,-0.06742877118206336,153442580.33333334,170037940.33333334,23512253.949100476,False
2020-05-01,2020,5,2,202005,M,imports,SGP,Singapore,85,"Electrical machinery and equipment and parts thereof; sound recorders and reproducers; television image and sound recorders and reproducers, parts and accessories of such articles",163483956.0,0.0,163483956.0,False,0.022337579343917557,0.0057555781725462385,162324315.0,170115903.66666666,23486699.2154,False
2020-06-01,2020,6,2,202006,M,imports,SGP,Singapore,85,"Electrical machinery and equipment and parts thereof; sound recorders and reproducers; television image and sound recorders and reproducers, parts and accessories of such articles",143851686.0,0.0,143851686.0,False,-0.12008682980487695,0.026874654424322797,155749184.33333334,170429635.91666666,23070568.25098407,False
2020-07-01,2020,7,3,202007,M,imports,SGP,Singapore,85,"Electrical machinery and equipment and parts thereof; sound recorders and reproducers; television image and sound recorders and reproducers, parts and accessories of such articles",110266117.0,0.0,110266117.0,False,-0.2334735861211943,-0.45995008826652084,139200586.33333334,162603675.58333334,26286075.839295242,False
2020-08-01,2020,8,3,202008,M,imports,SGP,Singapore,85,"Electrical machinery and equipment and parts thereof; sound recorders and reproducers; television image and sound recorders and reproducers, parts and accessories of such articles",116789675.0,0.0,116789675.0,False,0.05916194545963749,-0.3804259465433796,123635826.0,156627819.75,27961517.805370662,False
2020-09-01,2020,9,3,202009,M,imports,SGP,Singapore,85,"Electrical machinery and equipment and parts thereof; sound recorders and reproducers; television image and sound recorders and reproducers, parts and accessories of such articles",123043320.0,0.0,123043320.0,False,0.053546214594740515,-0.2116059140109522,116699704.0,153875738.58333334,29598878.05490184,False
2020-10-01,2020,10,4,202010,M,imports,SGP,Singapore,85,"Electrical machinery and equipment and parts thereof; sound recorders and reproducers; television image and sound recorders and reproducers, parts and accessories of such articles",157649021.0,0.0,157649021.0,False,0.2812481083897931,-0.09884818764469461,132494005.33333333,152434682.83333334,28892548.668549813,False
2020-11-01,2020,11,4,202011,M,imports,SGP,Singapore,85,"Electrical machinery and equipment and parts thereof; sound recorders and reproducers; television image and sound recorders and reproducers, parts and accessories of such articles",132673381.0,0.0,132673381.0,False,-0.15842559529754385,-0.38198255391504654,137788574.0,145601149.08333334,21613886.48490406,False
2020-12-01,2020,12,4,202012,M,imports,SGP,Singapore,85,"Electrical machinery and equipment and parts thereof; sound recorders and reproducers; television image and sound recorders and reproducers, parts and accessories of such articles",189831765.0,0.0,189831765.0,False,0.4308202863994248,0.18246467473354677,160051389.0,148042208.0,24864107.056256644,False
2021-01-01,2021,1,1,202101,M,imports,SGP,Singapore,85,"Electrical machinery and equipment and parts thereof; sound recorders and reproducers; television image and sound recorders and reproducers, parts and accessories of such articles",148707896.0,,148707896.0,False,-0.21663323311564853,-0.1673216068950487,157071014.0,145552046.5,22949226.272319637,False
2021-02-01,2021,2,1,202102,M,imports,SGP,Singapore,85,"Electrical machinery and equipment and parts thereof; sound recorders and reproducers; television image and sound recorders and reproducers, parts and accessories of such articles",96398587.0,,96398587.0,False,-0.35175878623149914,-0.2955315245786515,144979416.0,142182032.75,26963264.60398822,False
2021-03-01,2021,3,1,202103,M,imports,SGP,Singapore,85,"Electrical machinery and equipment and parts thereof; sound recorders and reproducers; television image and sound recorders and reproducers, parts and accessories of such articles",175818323.0,,175818323.0,False,0.8238682585669019,0.07483472103591438,140308268.66666666,143202136.5,28055721.730084114,False
2021-04-01,2021,4,2,202104,M,imports,SGP,Singapore,85,"Electrical machinery and equipment and parts thereof; sound recorders and reproducers; television image and sound recorders and reproducers, parts and accessories of such articles",168946551.0,,168946551.0,False,-0.03908450429253607,0.05649760510960311,147054487.0,143955023.16666666,28659624.741988957,False
2021-05-01,2021,5,2,202105,M,imports,SGP,Singapore,85,"Electrical machinery and equipment and parts thereof; sound recorders and reproducers; television image and sound recorders and reproducers, parts and accessories of such articles",166888434.0,,166888434.0,False,-0.012182059875256002,0.020824538892366906,170551102.66666666,144238729.66666666,28886472.51218872,False
2021-06-01,2021,6,2,202106,M,imports,SGP,Singapore,85,"Electrical machinery and equipment and parts thereof; sound recorders and reproducers; television image and sound recorders and reproducers, parts and accessories of such articles",172518950.0,,172518950.0,False,0.0337382038110563,0.19928347589891993,169451311.66666666,146627668.33333334,30014917.442735665,False
2021-07-01,2021,7,3,202107,M,imports,SGP,Singapore,85,"Electrical machinery and equipment and parts thereof; sound recorders and reproducers; television image and sound recorders and reproducers, parts and accessories of such articles",142296753.0,,142296753.0,False,-0.1751818974089513,0.2904848458570459,160568045.66666666,149296888.0,27832201.05095313,False
2021-08-01,2021,8,3,202108,M,imports,SGP,Singapore,85,"Electrical machinery and equipment and parts thereof; sound recorders and reproducers; television image and sound recorders and reproducers, parts and accessories of such articles",142931322.0,,142931322.0,False,0.004459476317073774,0.22383525769722357,152582341.66666666,151475358.58333334,26020618.211562797,False
2021-09-01,2021,9,3,202109,M,imports,SGP,Singapore,85,"Electrical machinery and equipment and parts thereof; sound recorders and reproducers; television image and sound recorders and reproducers, parts and accessories of such articles",127348166.0,,127348166.0,False,-0.10902548008336477,0.034986425918936526,137525413.66666666,151834095.75,25619585.17321389,False
2021-10-01,2021,10,4,202110,M,imports,SGP,Singapore,85,"Electrical machinery and equipment and parts thereof; sound recorders and reproducers; television image and sound recorders and reproducers, parts and accessories of such articles",120464653.0,,120464653.0,False,-0.05405270618502667,-0.2358680552795821,130248047.0,148735398.41666666,27060538.309740596,False
2021-11-01,2021,11,4,202111,M,imports,SGP,Singapore,85,"Electrical machinery and equipment and parts thereof; sound recorders and reproducers; television image and sound recorders and reproducers, parts and accessories of such articles",130198726.0,,130198726.0,False,0.08080439164175401,-0.01865223439206698,126003848.33333333,148529177.16666666,27203124.09212056,False
2021-12-01,2021,12,4,202112,M,imports,SGP,Singapore,85,"Electrical machinery and equipment and parts thereof; sound recorders and reproducers; television image and sound recorders and reproducers, parts and accessories of such articles",128210305.0,,128210305.0,False,-0.015272200128901403,-0.32461089955097877,126291228.0,143394055.5,24365826.80369056,False
2022-01-01,2022,1,1,202201,M,imports,SGP,Singapore,85,"Electrical machinery and equipment and parts thereof; sound recorders and reproducers; television image and sound recorders and reproducers, parts and accessories of such articles",106937334.0,,106937334.0,False,-0.16592247401642168,-0.28089000734702074,121782121.66666667,139913175.33333334,26433597.758353423,False
2022-02-01,2022,2,1,202202,M,imports,SGP,Singapore,85,"Electrical machinery and equipment and parts thereof; sound recorders and reproducers; television image and sound recorders and reproducers, parts and accessories of such articles",169451389.0,,169451389.0,False,0.5845858753127322,0.7578202572616546,134866342.66666666,146000908.83333334,23779950.825219855,False
2022-03-01,2022,3,1,202203,M,imports,SGP,Singapore,85,"Electrical machinery and equipment and parts thereof; sound recorders and reproducers; television image and sound recorders and reproducers, parts and accessories of such articles",180334842.0,,180334842.0,False,0.06422758210615798,0.025688556931577677,152241188.33333334,146377285.41666666,24324300.49609096,False
2022-04-01,2022,4,2,202204,M,imports,SGP,Singapore,85,"Electrical machinery and equipment and parts thereof; sound recorders and reproducers; television image and sound recorders and reproducers, parts and accessories of such articles",190358002.0,,190358002.0,False,0.055580828911586666,0.12673505835582288,180048077.66666666,148161573.0,26790627.66395851,False
2022-05-01,2022,5,2,202205,M,imports,SGP,Singapore,85,"Electrical machinery and equipment and parts thereof; sound recorders and reproducers; television image and sound recorders and reproducers, parts and accessories of such articles",124322845.0,,124322845.0,False,-0.34689982194707003,-0.2550541579172587,165005229.66666666,144614440.58333334,26903394.32130806,False
2022-06-01,2022,6,2,202206,M,imports,SGP,Singapore,85,"Electrical machinery and equipment and parts thereof; sound recorders and reproducers; television image and sound recorders and reproducers, parts and accessories of such articles",141736238.0,,141736238.0,False,0.14006591467561735,-0.17843090280806828,152139028.33333334,142049214.58333334,25427931.452062447,False
2022-07-01,2022,7,3,202207,M,imports,SGP,Singapore,85,"Electrical machinery and equipment and parts thereof; sound recorders and reproducers; television image and sound recorders and reproducers, parts and accessories of such articles",216561151.0,,216561151.0,False,0.5279166009753977,0.5218980506182036,160873411.33333334,148237914.41666666,33309490.871094912,True
2022-08-01,2022,8,3,202208,M,imports,SGP,Singapore,85,"Electrical machinery and equipment and parts thereof; sound recorders and reproducers; television image and sound recorders and reproducers, parts and accessories of such articles",170957627.0,,170957627.0,False,-0.21058035473777104,0.19608231847180435,176418338.66666666,150573439.83333334,33881227.40094098,False
2022-09-01,2022,9,3,202209,M,imports,SGP,Singapore,85,"Electrical machinery and equipment and parts thereof; sound recorders and reproducers; television image and sound recorders and reproducers, parts and accessories of such articles",128693470.0,,128693470.0,False,-0.24722007284296244,0.010563984093810985,172070749.33333334,150685548.5,33799518.806652166,False
2022-10-01,2022,10,4,202210,M,imports,SGP,Singapore,85,"Electrical machinery and equipment and parts thereof; sound recorders and reproducers; television image and sound recorders and reproducers, parts and accessories of such articles",113048440.0,,113048440.0,False,-0.12156817280628152,-0.06156339486571216,137566512.33333334,150067530.75,34463614.86780546,False
2022-11-01,2022,11,4,202211,M,imports,SGP,Singapore,85,"Electrical machinery and equipment and parts thereof; sound recorders and reproducers; television image and sound recorders and reproducers, parts and accessories of such articles",122524968.0,,122524968.0,False,0.08382714524853241,-0.05893881020003222,121422292.66666667,149428050.91666666,34933787.23252139,False
2022-12-01,2022,12,4,202212,M,imports,SGP,Singapore,85,"Electrical machinery and equipment and parts thereof; sound recorders and reproducers; television image and sound recorders and reproducers, parts and accessories of such articles",126116049.0,,126116049.0,False,0.029308973171900732,-0.01633453722772127,120563152.33333333,149253529.58333334,35054445.4368121,False
2023-01-01,2023,1,1,202301,M,imports,SGP,Singapore,85,"Electrical machinery and equipment and parts thereof; sound recorders and reproducers; television image and sound recorders and reproducers, parts and accessories of such articles",99613026.0,,99613026.0,False,-0.21014790116046211,-0.06849158966315727,116084681.0,148643170.58333334,35911512.871299036,False
2023-02-01,2023,2,1,202302,M,imports,SGP,Singapore,85,"Electrical machinery and equipment and parts thereof; sound recorders and reproducers; television image and sound recorders and reproducers, parts and accessories of such articles",96334776.0,,96334776.0,False,-0.03290985257289547,-0.431490195692642,107354617.0,142550119.5,38190535.78133643,False
2023-03-01,2023,3,1,202303,M,imports,SGP,Singapore,85,"Electrical machinery and equipment and parts thereof; sound recorders and reproducers; television image and sound recorders and reproducers, parts and accessories of such articles",143569475.0,,143569475.0,False,0.4903182522581462,-0.20387278793301633,113172425.66666667,139486338.91666666,36312282.006356224,False
2023-04-01,2023,4,2,202304,M,imports,SGP,Singapore,85,"Electrical machinery and equipment and parts thereof; sound recorders and reproducers; television image and sound recorders and reproducers, parts and accessories of such articles",94862438.0,,94862438.0,False,-0.33925761029633905,-0.5016629876163545,111588896.33333333,131528375.25,34572474.95429251,False
2023-05-01,2023,5,2,202305,M,imports,SGP,Singapore,85,"Electrical machinery and equipment and parts thereof; sound recorders and reproducers; television image and sound recorders and reproducers, parts and accessories of such articles",184386075.0,,184386075.0,False,0.943720600982235,0.4831230334215726,140939329.33333334,136533644.41666666,37645717.36191503,False
2023-06-01,2023,6,2,202306,M,imports,SGP,Singapore,85,"Electrical machinery and equipment and parts thereof; sound recorders and reproducers; television image and sound recorders and reproducers, parts and accessories of such articles",126484919.0,,126484919.0,False,-0.31402130556767915,-0.10760352620619151,135244477.33333334,135262701.16666666,37711496.6003191,False
2023-07-01,2023,7,3,202307,M,imports,SGP,Singapore,85,"Electrical machinery and equipment and parts thereof; sound recorders and reproducers; television image and sound recorders and reproducers, parts and accessories of such articles",111316314.0,,111316314.0,False,-0.11992421800104092,-0.4859820725648064,140729102.66666666,126492298.08333333,28098331.565314483,False
2023-08-01,2023,8,3,202308,M,imports,SGP,Singapore,85,"Electrical machinery and equipment and parts thereof; sound recorders and reproducers; television image and sound recorders and reproducers, parts and accessories of such articles",290566128.0,,290566128.0,False,1.6102744293168025,0.6996382852225715,176122453.66666666,136459673.16666666,54301809.780263804,True
2023-09-01,2023,9,3,202309,M,imports,SGP,Singapore,85,"Electrical machinery and equipment and parts thereof; sound recorders and reproducers; television image and sound recorders and reproducers, parts and accessories of such articles",91726003.0,,91726003.0,False,-0.6843196981308158,-0.28725208046686446,164536148.33333334,133379050.91666667,55810113.56141574,False
2023-10-01,2023,10,4,202310,M,imports,SGP,Singapore,85,"Electrical machinery and equipment and parts thereof; sound recorders and reproducers; television image and sound recorders and reproducers, parts and accessories of such articles",159076240.0,,159076240.0,False,0.7342545711928601,0.40715112919735996,180456123.66666666,137214700.91666666,55867474.50935605,False
2023-11-01,2023,11,4,202311,M,imports,SGP,Singapore,85,"Electrical machinery and equipment and parts thereof; sound recorders and reproducers; television image and sound recorders and reproducers, parts and accessories of such articles",167790845.0,,167790845.0,False,0.054782568408707766,0.36944206343314456,139531029.33333334,140986857.33333334,56311862.26885319,False
2023-12-01,2023,12,4,202312,M,imports,SGP,Singapore,85,"Electrical machinery and equipment and parts thereof; sound recorders and reproducers; television image and sound recorders and reproducers, parts and accessories of such articles",119116260.0,,119116260.0,False,-0.29009082706508804,-0.05550276158746459,148661115.0,140403541.58333334,56515792.76796635,False
2024-01-01,2024,1,1,202401,M,imports,SGP,Singapore,85,"Electrical machinery and equipment and parts thereof; sound recorders and reproducers; television image and sound recorders and reproducers, parts and accessories of such articles",113930183.0,,113930183.0,False,-0.04353794351837437,0.14372775905833834,133612429.33333333,141596638.0,55721934.60594632,False
2024-02-01,2024,2,1,202402,M,imports,SGP,Singapore,85,"Electrical machinery and equipment and parts thereof; sound recorders and reproducers; television image and sound recorders and reproducers, parts and accessories of such articles",101850109.0,,101850109.0,False,-0.10603049764257821,0.057251734306207336,111632184.0,142056249.08333334,55336071.965424195,False
2024-03-01,2024,3,1,202403,M,imports,SGP,Singapore,85,"Electrical machinery and equipment and parts thereof; sound recorders and reproducers; television image and sound recorders and reproducers, parts and accessories of such articles",101665642.0,,101665642.0,False,-0.0018111615373921364,-0.2918714650171981,105815311.33333333,138564263.0,56540953.10030491,False
2024-04-01,2024,4,2,202404,M,imports,SGP,Singapore,85,"Electrical machinery and equipment and parts thereof; sound recorders and reproducers; television image and sound recorders and reproducers, parts and accessories of such articles",202738849.0,,202738849.0,False,0.9941727117603802,1.1371878403546827,135418200.0,147553963.91666666,57528194.24301843,False
2024-05-01,2024,5,2,202405,M,imports,SGP,Singapore,85,"Electrical machinery and equipment and parts thereof; sound recorders and reproducers; television image and sound recorders and reproducers, parts and accessories of such articles",149288336.0,,149288336.0,False,-0.26364218433537623,-0.1903491844489884,151230942.33333334,144629152.33333334,56365829.2904321,False
2024-06-01,2024,6,2,202406,M,imports,SGP,Singapore,85,"Electrical machinery and equipment and parts thereof; sound recorders and reproducers; television image and sound recorders and reproducers, parts and accessories of such articles",86314038.0,,86314038.0,False,-0.42182999480950745,-0.31759423429760825,146113741.0,141281578.91666666,58686484.59140942,False
2024-07-01,2024,7,3,202407,M,imports,SGP,Singapore,85,"Electrical machinery and equipment and parts thereof; sound recorders and reproducers; television image and sound recorders and reproducers, parts and accessories of such articles",161503511.0,,161503511.0,False,0.8711152292515847,0.450852127568651,132368628.33333333,145463845.33333334,58142654.83022402,False
2024-08-01,2024,8,3,202408,M,imports,SGP,Singapore,85,"Electrical machinery and equipment and parts thereof; sound recorders and reproducers; television image and sound recorders and reproducers, parts and accessories of such articles",246002286.0,,246002286.0,False,0.5232008547479814,-0.15336901897939048,164606611.66666666,141750191.83333334,48686438.62567067,True
2024-09-01,2024,9,3,202409,M,imports,SGP,Singapore,85,"Electrical machinery and equipment and parts thereof; sound recorders and reproducers; television image and sound recorders and reproducers, parts and accessories of such articles",104090349.0,,104090349.0,False,-0.5768724319903271,0.13479652002279008,170532048.66666666,142780554.0,47651353.98822994,False
2024-10-01,2024,10,4,202410,M,imports,SGP,Singapore,85,"Electrical machinery and equipment and parts thereof; sound recorders and reproducers; television image and sound recorders and reproducers, parts and accessories of such articles",433829289.0,,433829289.0,False,3.167814722189086,1.7271784208628516,261307308.0,165676641.41666666,96827031.2750889,True
2024-11-01,2024,11,4,202411,M,imports,SGP,Singapore,85,"Electrical machinery and equipment and parts thereof; sound recorders and reproducers; television image and sound recorders and reproducers, parts and accessories of such articles",91017595.0,,91017595.0,False,-0.7901995155518419,-0.4575532711573149,209645744.33333334,159278870.58333334,99182357.08964734,False
2024-12-01,2024,12,4,202412,M,imports,SGP,Singapore,85,"Electrical machinery and equipment and parts thereof; sound recorders and reproducers; television image and sound recorders and reproducers, parts and accessories of such articles",120108127.0,,120108127.0,False,0.3196143778573801,0.008326881653268892,214985003.66666666,159361526.16666666,99146250.75068684,False
2015-01-01,2015,1,1,201501,X,exports,THA,Thailand,85,"Electrical machinery and equipment and parts thereof; sound recorders and reproducers; television image and sound recorders and reproducers, parts and accessories of such articles",30237529.0,30237529.0,0.0,False,,,30237529.0,,,False
2015-02-01,2015,2,1,201502,X,exports,THA,Thailand,85,"Electrical machinery and equipment and parts thereof; sound recorders and reproducers; television image and sound recorders and reproducers, parts and accessories of such articles",33345240.0,33345240.0,0.0,False,0.10277661908153934,,31791384.5,,,False
2015-03-01,2015,3,1,201503,X,exports,THA,Thailand,85,"Electrical machinery and equipment and parts thereof; sound recorders and reproducers; television image and sound recorders and reproducers, parts and accessories of such articles",31135799.0,31135799.0,0.0,False,-0.0662595620844234,,31572856.0,,,False
2015-04-01,2015,4,2,201504,X,exports,THA,Thailand,85,"Electrical machinery and equipment and parts thereof; sound recorders and reproducers; television image and sound recorders and reproducers, parts and accessories of such articles",29569391.0,29569391.0,0.0,False,-0.05030890647771713,,31350143.333333332,,,False
2015-05-01,2015,5,2,201505,X,exports,THA,Thailand,85,"Electrical machinery and equipment and parts thereof; sound recorders and reproducers; television image and sound recorders and reproducers, parts and accessories of such articles",27813177.0,27813177.0,0.0,False,-0.05939297160364243,,29506122.333333332,,,False
2015-06-01,2015,6,2,201506,X,exports,THA,Thailand,85,"Electrical machinery and equipment and parts thereof; sound recorders and reproducers; television image and sound recorders and reproducers, parts and accessories of such articles",34339479.0,34339479.0,0.0,False,0.23464784335856348,,30574015.666666668,31073435.833333332,2425786.472787283,False
2015-07-01,2015,7,3,201507,X,exports,THA,Thailand,85,"Electrical machinery and equipment and parts thereof; sound recorders and reproducers; television image and sound recorders and reproducers, parts and accessories of such articles",28196457.0,28196457.0,0.0,False,-0.17889094939384487,,30116371.0,30662438.85714286,2467008.230771733,False
2015-08-01,2015,8,3,201508,X,exports,THA,Thailand,85,"Electrical machinery and equipment and parts thereof; sound recorders and reproducers; television image and sound recorders and reproducers, parts and accessories of such articles",30285529.0,30285529.0,0.0,False,0.07408987590178451,,30940488.333333332,30615325.125,2287889.8910359945,False
2015-09-01,2015,9,3,201509,X,exports,THA,Thailand,85,"Electrical machinery and equipment and parts thereof; sound recorders and reproducers; television image and sound recorders and reproducers, parts and accessories of such articles",31929134.553,31929134.553,0.0,False,0.05427032669629117,,30137040.184333336,30761303.95033333,2184473.275489519,False
2015-10-01,2015,10,4,201510,X,exports,THA,Thailand,85,"Electrical machinery and equipment and parts thereof; sound recorders and reproducers; television image and sound recorders and reproducers, parts and accessories of such articles",33220731.8,33220731.8,0.0,False,0.04045199674472988,,31811798.451,31007246.735299997,2201496.8328028214,False
2015-11-01,2015,11,4,201511,X,exports,THA,Thailand,85,"Electrical machinery and equipment and parts thereof; sound recorders and reproducers; television image and sound recorders and reproducers, parts and accessories of such articles",31425875.92,31425875.92,0.0,False,-0.05402818609793536,,32191914.091000002,31045303.933909092,2092333.9428452759,False
2015-12-01,2015,12,4,201512,X,exports,THA,Thailand,85,"Electrical machinery and equipment and parts thereof; sound recorders and reproducers; television image and sound recorders and reproducers, parts and accessories of such articles",28617069.07,28617069.07,0.0,False,-0.089378792723242,,31087892.26333333,30842951.028583333,2114529.336381608,False
2016-01-01,2016,1,1,201601,X,exports,THA,Thailand,85,"Electrical machinery and equipment and parts thereof; sound recorders and reproducers; television image and sound recorders and reproducers, parts and accessories of such articles",30832283.738,30832283.738,0.0,False,0.07740885911766093,0.019669422656858115,30291742.909333333,30892513.92341667,2106001.7622902533,False
2016-02-01,2016,2,1,201602,X,exports,THA,Thailand,85,"Electrical machinery and equipment and parts thereof; sound recorders and reproducers; television image and sound recorders and reproducers, parts and accessories of such articles",28364471.015,28364471.015,0.0,False,-0.08003989402700273,-0.1493697146879135,29271274.607666668,30477449.841333333,2069156.0660784552,False
2016-03-01,2016,3,1,201603,X,exports,THA,Thailand,85,"Electrical machinery and equipment and parts thereof; sound recorders and reproducers; television image and sound recorders and reproducers, parts and accessories of such articles",29663535.79,29663535.79,0.0,False,0.045799012938158246,-0.047285223353349615,29620096.847666666,30354761.2405,2070219.0845553565,False
2016-04-01,2016,4,2,201604,X,exports,THA,Thailand,85,"Electrical machinery and equipment and parts thereof; sound recorders and reproducers; television image and sound recorders and reproducers, parts and accessories of such articles",28824072.071,28824072.071,0.0,False,-0.028299516448170525,-0.02520575851562179,28950692.958666664,30292651.32975,2106781.0186380744,False
2016-05-01,2016,5,2,201605,X,exports,THA,Thailand,85,"Electrical machinery and equipment and parts thereof; sound recorders and reproducers; television image and sound recorders and reproducers, parts and accessories of such articles",23391134.633,23391134.633,0.0,False,-0.1884861175970377,-0.15899091164594392,27292914.164666664,29924147.79916667,2839292.3318773336,True
2016-06-01,2016,6,2,201606,X,exports,THA,Thailand,85,"Electrical machinery and equipment and parts thereof; sound recorders and reproducers; television image and sound recorders and reproducers, parts and accessories of such articles",34154152.813,34154152.813,0.0,False,0.4601323684750047,-0.005396884064548524,28789786.50566667,29908703.95025,2813479.2607730734,False
2016-07-01,2016,7,3,201607,X,exports,THA,Thailand,85,"Electrical machinery and equipment and parts thereof; sound recorders and reproducers; television image and sound recorders and reproducers, parts and accessories of such articles",18264408.022,18264408.022,0.0,False,-0.4652360981693544,-0.35224457377747853,25269898.48933333,29081033.202083334,4384991.89069813,True
2016-08-01,2016,8,3,201608,X,exports,THA,Thailand,85,"Electrical machinery and equipment and parts thereof; sound recorders and reproducers; television image and sound recorders and reproducers, parts and accessories of such articles",24899160.193,24899160.193,0.0,False,0.3632612764130243,-0.17785288832168,25772573.676,28632169.134833336,4523968.461256255,False
2016-09-01,2016,9,3,201609,X,exports,THA,Thailand,85,"Electrical machinery and equipment and parts thereof; sound recorders and reproducers; television image and sound recorders and reproducers, parts and accessories of such articles",30387519.313,30387519.313,0.0,False,0.2204234631794113,-0.048282399807643706,24517029.176,28503701.19816667,4442996.758671708,False
2016-10-01,2016,10,4,201610,X,exports,THA,Thailand,85,"Electrical machinery and equipment and parts thereof; sound recorders and reproducers; television image and sound recorders and reproducers, parts and accessories of such articles",27822380.646,27822380.646,0.0,False,-0.08441421757986722,-0.16249946528872072,27703020.05066667,28053838.602,4187945.1014923905,False
2016-11-01,2016,11,4,201611,X,exports,THA,Thailand,85,"Electrical machinery and equipment and parts thereof; sound recorders and reproducers; television image and sound recorders and reproducers, parts and accessories of such articles",23539410.013,23539410.013,0.0,False,-0.15393976121219377,-0.2509545295436272,27249769.99066667,27396633.109750003,4229271.66528844,False
2016-12-01,2016,12,4,201612,X,exports,THA,Thailand,85,"Electrical machinery and equipment and parts thereof; sound recorders and reproducers; television image and sound recorders and reproducers, parts and accessories of such articles",28653725.577,28653725.577,0.0,False,0.21726608955685545,0.0012809315625696982,26671838.745333333,27399687.818666667,4230246.420612084,False
2017-01-01,2017,1,1,201701,X,exports,THA,Thailand,85,"Electrical machinery and equipment and parts thereof; sound recorders and reproducers; television image and sound recorders and reproducers, parts and accessories of such articles",29950102.89,29950102.89,0.0,False,0.04524288855619485,-0.028612244733358327,27381079.493333336,27326172.747999996,4172440.7645819103,False
2017-02-01,2017,2,1,201702,X,exports,THA,Thailand,85,"Electrical machinery and equipment and parts thereof; sound recorders and reproducers; television image and sound recorders and reproducers, parts and accessories of such articles",26531653.75,26531653.75,0.0,False,-0.11413814344996398,-0.06461665595775612,28378494.072333336,27173437.975916665,4164516.1619337457,False
2017-03-01,2017,3,1,201703,X,exports,THA,Thailand,85,"Electrical machinery and equipment and parts thereof; sound recorders and reproducers; television image and sound recorders and reproducers, parts and accessories of such articles",43736246.33,43736246.33,0.0,False,0.6484553410094158,0.47441109649322755,33406000.99,28346163.854250003,6341764.488581155,True
2017-04-01,2017,4,2,201704,X,exports,THA,Thailand,85,"Electrical machinery and equipment and parts thereof; sound recorders and reproducers; television image and sound recorders and reproducers, parts and accessories of such articles",32624822.44,32624822.44,,False,-0.2540552704537504,0.13186028537667838,34297574.17333333,28662893.051666666,6461581.987061821,False
2017-05-01,2017,5,2,201705,X,exports,THA,Thailand,85,"Electrical machinery and equipment and parts thereof; sound recorders and reproducers; television image and sound recorders and reproducers, parts and accessories of such articles",63761087.23,63761087.23,0.0,False,0.954373463557155,1.7258655140245498,46707385.333333336,32027055.768083334,11784246.679728499,True
2017-06-01,2017,6,2,201706,X,exports,THA,Thailand,85,"Electrical machinery and equipment and parts thereof; sound recorders and reproducers; television image and sound recorders and reproducers, parts and accessories of such articles",31139323.15,31139323.15,,False,-0.5116249659032046,-0.08827124711617718,42508410.94,31775819.962833334,11766899.885620039,False
2017-07-01,2017,7,3,201707,X,exports,THA,Thailand,85,"Electrical machinery and equipment and parts thereof; sound recorders and reproducers; television image and sound recorders and reproducers, parts and accessories of such articles",33384785.51,33384785.51,0.0,False,0.0721101852209014,0.8278602553002032,42761731.96333333,33035851.420166668,10971192.146690745,False
2017-08-01,2017,8,3,201708,X,exports,THA,Thailand,85,"Electrical machinery and equipment and parts thereof; sound recorders and reproducers; television image and sound recorders and reproducers, parts and accessories of such articles",38063814.09,38063814.09,0.0,False,0.14015451974668092,0.528718791917369,34195974.25,34132905.911583334,10739349.692996196,False
2017-09-01,2017,9,3,201709,X,exports,THA,Thailand,85,"Electrical machinery and equipment and parts thereof; sound recorders and reproducers; television image and sound recorders and reproducers, parts and accessories of such articles",31966058.98,31966058.98,0.0,False,-0.1601982159639116,0.05194697371445822,34471552.86,34264450.883833334,10698893.766130494,False
2017-10-01,2017,10,4,201710,X,exports,THA,Thailand,85,"Electrical machinery and equipment and parts thereof; sound recorders and reproducers; television image and sound recorders and reproducers, parts and accessories of such articles",33155357.16,33155357.16,0.0,False,0.03720502989574359,0.19167937430856474,34395076.74333333,34708865.593333334,10516175.301709935,False
2017-11-01,2017,11,4,201711,X,exports,THA,Thailand,85,"Electrical machinery and equipment and parts thereof; sound recorders and reproducers; television image and sound recorders and reproducers, parts and accessories of such articles",37510394.28,37510394.28,0.0,False,0.13135244174821015,0.5935146318146594,34210603.47333334,35873114.282249995,9923871.576083973,False
2017-12-01,2017,12,4,201712,X,exports,THA,Thailand,85,"Electrical machinery and equipment and parts thereof; sound recorders and reproducers; television image and sound recorders and reproducers, parts and accessories of such articles",32850422.56,32850422.56,0.0,False,-0.12423147795288925,0.1464625244533171,34505391.333333336,36222839.030833334,9718140.959602252,False
2018-01-01,2018,1,1,201801,X,exports,THA,Thailand,85,"Electrical machinery and equipment and parts thereof; sound recorders and reproducers; television image and sound recorders and reproducers, parts and accessories of such articles",38175848.39,38175848.39,0.0,False,0.16211133419283486,0.2746483219176681,36178888.410000004,36908317.8225,9523623.038606621,False
2018-02-01,2018,2,1,201802,X,exports,THA,Thailand,85,"Electrical machinery and equipment and parts thereof; sound recorders and reproducers; television image and sound recorders and reproducers, parts and accessories of such articles",40983070.9,40983070.9,0.0,False,0.07353399147339812,0.5446858792207778,37336447.28333333,38112602.585,8990996.443387503,False
2018-03-01,2018,3,1,201803,X,exports,THA,Thailand,85,"Electrical machinery and equipment and parts thereof; sound recorders and reproducers; television image and sound recorders and reproducers, parts and accessories of such articles",36760512.73,36760512.73,0.0,False,-0.10303176597730268,-0.15949547995880797,38639810.67333333,37531291.45166666,8818193.454936545,False
2018-04-01,2018,4,2,201804,X,exports,THA,Thailand,85,"Electrical machinery and equipment and parts thereof; sound recorders and reproducers; television image and sound recorders and reproducers, parts and accessories of such articles",39416666.69,39416666.69,0.0,False,0.07225562873698266,0.20818026711075022,39053416.77333333,38097278.4725,8691704.508162819,False
2018-05-01,2018,5,2,201805,X,exports,THA,Thailand,85,"Electrical machinery and equipment and parts thereof; sound recorders and reproducers; television image and sound recorders and reproducers, parts and accessories of such articles",45401138.93,45401138.93,0.0,False,0.1518259341173125,-0.2879491096783169,40526106.11666667,36567282.78083333,4238649.609918373,True
2018-06-01,2018,6,2,201806,X,exports,THA,Thailand,85,"Electrical machinery and equipment and parts thereof; sound recorders and reproducers; television image and sound recorders and reproducers, parts and accessories of such articles",31824024.78,31824024.78,0.0,False,-0.29904787566966873,0.02198832732175182,38880610.13333333,36624341.25,4162869.8400146794,False
2018-07-01,2018,7,3,201807,X,exports,THA,Thailand,85,"Electrical machinery and equipment and parts thereof; sound recorders and reproducers; television image and sound recorders and reproducers, parts and accessories of such articles",39163608.76,39163608.76,0.0,False,0.23063028736115743,0.1730975101897545,38796257.49,37105909.854166664,4087615.4040143397,False
2018-08-01,2018,8,3,201808,X,exports,THA,Thailand,85,"Electrical machinery and equipment and parts thereof; sound recorders and reproducers; television image and sound recorders and reproducers, parts and accessories of such articles",42723533.47,42723533.47,0.0,False,0.09089879157499792,0.12241861440848578,37903722.336666666,37494219.8025,4396540.952063995,False
2018-09-01,2018,9,3,201809,X,exports,THA,Thailand,85,"Electrical machinery and equipment and parts thereof; sound recorders and reproducers; television image and sound recorders and reproducers, parts and accessories of such articles",34488512.78,34488512.78,0.0,False,-0.19275139533537267,0.07891037808502466,38791885.00333333,37704424.28583334,4162263.12242024,False
2018-10-01,2018,10,4,201810,X,exports,THA,Thailand,85,"Electrical machinery and equipment and parts thereof; sound recorders and reproducers; television image and sound recorders and reproducers, parts and accessories of such articles",35783099.46,35783099.46,0.0,False,0.037536749939264924,0.07925543637847521,37665048.57,37923402.81083333,3965657.5236184313,False
2018-11-01,2018,11,4,201811,X,exports,THA,Thailand,85,"Electrical machinery and equipment and parts thereof; sound recorders and reproducers; television image and sound recorders and reproducers, parts and accessories of such articles",36009528.11,36009528.11,0.0,False,0.006327809871615742,-0.04001200730647192,35427046.78333333,37798330.63,4003356.0836772723,False
2018-12-01,2018,12,4,201812,X,exports,THA,Thailand,85,"Electrical machinery and equipment and parts thereof; sound recorders and reproducers; television image and sound recorders and reproducers, parts and accessories of such articles",27540797.26,27540797.26,0.0,False,-0.23518027851212508,-0.16163035012113391,33111141.61,37355861.855,4811740.494260477,True
2019-01-01,2019,1,1,201901,X,exports,THA,Thailand,85,"Electrical machinery and equipment and parts thereof; sound recorders and reproducers; television image and sound recorders and reproducers, parts and accessories of such articles",40747260.393,40747260.393,0.0,False,0.47952363209836846,0.06735703622695577,34765861.921000004,37570146.18858334,4907874.055986718,False
2019-02-01,2019,2,1,201902,X,exports,THA,Thailand,85,"Electrical machinery and equipment and parts thereof; sound recorders and reproducers; television image and sound recorders and reproducers, parts and accessories of such articles",38281231.427,38281231.427,0.0,False,-0.06052011698984405,-0.06592574479332147,35523096.36000001,37344992.899166666,4797809.768571267,False
2019-03-01,2019,3,1,201903,X,exports,THA,Thailand,85,"Electrical machinery and equipment and parts thereof; sound recorders and reproducers; television image and sound recorders and reproducers, parts and accessories of such articles",38767522.716,38767522.716,0.0,False,0.0127031255493264,0.05459689859989614,39265338.178666666,37512243.73133333,4810547.731530655,False
2019-04-01,2019,4,2,201904,X,exports,THA,Thailand,85,"Electrical machinery and equipment and parts thereof; sound recorders and reproducers; television image and sound recorders and reproducers, parts and accessories of such articles",36010756.487,36010756.487,0.0,False,-0.07111019832748389,-0.08640786979240112,37686503.54333334,37228417.88108333,4788395.214482229,False
2019-05-01,2019,5,2,201905,X,exports,THA,Thailand,85,"Electrical machinery and equipment and parts thereof; sound recorders and reproducers; television image and sound recorders and reproducers, parts and accessories of such articles",42861473.61,42861473.61,0.0,False,0.1902408555475119,-0.055938361456431385,39213250.93766667,37016779.10441667,4437612.706594795,False
2019-06-01,2019,6,2,201906,X,exports,THA,Thailand,85,"Electrical machinery and equipment and parts thereof; sound recorders and reproducers; television image and sound recorders and reproducers, parts and accessories of such articles",25831978.851,25831978.851,0.0,False,-0.3973147286990817,-0.1882868672464627,34901402.982666664,36517441.94366667,5323698.986648446,True
2019-07-01,2019,7,3,201907,X,exports,THA,Thailand,85,"Electrical machinery and equipment and parts thereof; sound recorders and reproducers; television image and sound recorders and reproducers, parts and accessories of such articles",34566463.004,34566463.004,0.0,False,0.338126792507105,-0.11738309878877462,34419971.821666665,36134346.464,5281205.562692236,False
2019-08-01,2019,8,3,201908,X,exports,THA,Thailand,85,"Electrical machinery and equipment and parts thereof; sound recorders and reproducers; television image and sound recorders and reproducers, parts and accessories of such articles",38962499.945,38962499.945,0.0,False,0.12717635994435694,-0.08803189295288405,33120313.933333337,35820927.003583334,4956215.0126112485,False
2019-09-01,2019,9,3,201909,X,exports,THA,Thailand,85,"Electrical machinery and equipment and parts thereof; sound recorders and reproducers; television image and sound recorders and reproducers, parts and accessories of such articles",35466644.265,35466644.265,0.0,False,-0.08972359794507023,0.028361080433924046,36331869.07133334,35902437.960666664,4940327.55562661,False
2019-10-01,2019,10,4,201910,X,exports,THA,Thailand,85,"Electrical machinery and equipment and parts thereof; sound recorders and reproducers; television image and sound recorders and reproducers, parts and accessories of such articles",38237902.522,38237902.522,0.0,False,0.07813703028382624,0.06860230385420052,37555682.244,36107004.8825,4985553.506784483,False
2019-11-01,2019,11,4,201911,X,exports,THA,Thailand,85,"Electrical machinery and equipment and parts thereof; sound recorders and reproducers; television image and sound recorders and reproducers, parts and accessories of such articles",34505110.829,34505110.829,0.0,False,-0.09762020003195393,-0.04177831146257682,36069885.872,35981636.775750004,5007096.222093222,False
2019-12-01,2019,12,4,201912,X,exports,THA,Thailand,85,"Electrical machinery and equipment and parts thereof; sound recorders and reproducers; television image and sound recorders and reproducers, parts and accessories of such articles",25368540.165,25368540.165,0.0,False,-0.26478890936704735,-0.07887415438604495,32703851.172000006,35800615.35116667,5366376.47524651,False
2020-01-01,2020,1,1,202001,X,exports,THA,Thailand,85,"Electrical machinery and equipment and parts thereof; sound recorders and reproducers; television image and sound recorders and reproducers, parts and accessories of such articles",43146376.451,43146376.451,0.0,False,0.7007827872778978,0.05887797203691614,34340009.14833333,36000541.689333335,5606726.671779566,False
2020-02-01,2020,2,1,202002,X,exports,THA,Thailand,85,"Electrical machinery and equipment and parts thereof; sound recorders and reproducers; television image and sound recorders and reproducers, parts and accessories of such articles",40856521.395,40856521.395,0.0,False,-0.053071781325611744,0.06727291343568509,36457146.00366667,36215149.18666667,5749431.121107046,False
2020-03-01,2020,3,1,202003,X,exports,THA,Thailand,85,"Electrical machinery and equipment and parts thereof; sound recorders and reproducers; television image and sound recorders and reproducers, parts and accessories of such articles",44643074.192,44643074.192,0.0,False,0.09267927536932685,0.151558600198487,42881990.67933334,36704778.476333335,6217672.814768209,False
2020-04-01,2020,4,2,202004,X,exports,THA,Thailand,85,"Electrical machinery and equipment and parts thereof; sound recorders and reproducers; television image and sound recorders and reproducers, parts and accessories of such articles",21478265.534,21478265.534,0.0,False,-0.5188891911514264,-0.40355972411316254,35659287.04033334,35493737.56358334,7621856.110731811,False
2020-05-01,2020,5,2,202005,X,exports,THA,Thailand,85,"Electrical machinery and equipment and parts thereof; sound recorders and reproducers; television image and sound recorders and reproducers, parts and accessories of such articles",19754417.903,19754417.903,0.0,False,-0.08026009494440589,-0.5391101555969111,28625252.543,33568149.588,8463652.642637776,False
2020-06-01,2020,6,2,202006,X,exports,THA,Thailand,85,"Electrical machinery and equipment and parts thereof; sound recorders and reproducers; television image and sound recorders and reproducers, parts and accessories of such articles",22251036.688,22251036.688,0.0,False,0.126382806988246,-0.13862438428178625,21161240.04166667,33269737.741083335,8816965.504393388,False
2020-07-01,2020,7,3,202007,X,exports,THA,Thailand,85,"Electrical machinery and equipment and parts thereof; sound recorders and reproducers; television image and sound recorders and reproducers, parts and accessories of such articles",25985703.487,25985703.487,0.0,False,0.1678423729809455,-0.24823944283819388,22663719.359333336,32554674.448,9047187.20834916,False
2020-08-01,2020,8,3,202008,X,exports,THA,Thailand,85,"Electrical machinery and equipment and parts thereof; sound recorders and reproducers; television image and sound recorders and reproducers, parts and accessories of such articles",22349762.681,22349762.681,0.0,False,-0.13992081483647223,-0.4263776012178573,23528834.285333335,31170279.676,9246370.148567121,False
2020-09-01,2020,9,3,202009,X,exports,THA,Thailand,85,"Electrical machinery and equipment and parts thereof; sound recorders and reproducers; television image and sound recorders and reproducers, parts and accessories of such articles",32275019.158,32275019.158,0.0,False,0.4440877793050422,-0.0899894865483406,26870161.775333334,30904310.917083334,9157023.12803122,False
2020-10-01,2020,10,4,202010,X,exports,THA,Thailand,85,"Electrical machinery and equipment and parts thereof; sound recorders and reproducers; television image and sound recorders and reproducers, parts and accessories of such articles",40015634.0,40015634.0,0.0,False,0.23983300533785545,0.04649134394798948,31546805.279666673,31052455.206916664,9299721.794306776,False
2020-11-01,2020,11,4,202011,X,exports,THA,Thailand,85,"Electrical machinery and equipment and parts thereof; sound recorders and reproducers; television image and sound recorders and reproducers, parts and accessories of such articles",38588629.639,38588629.639,0.0,False,-0.03566117085637077,0.11834533238386191,36959760.93233334,31392748.44108333,9509882.803837642,False
2020-12-01,2020,12,4,202012,X,exports,THA,Thailand,85,"Electrical machinery and equipment and parts thereof; sound recorders and reproducers; television image and sound recorders and reproducers, parts and accessories of such articles",40127658.157,40127658.157,0.0,False,0.03988295340875658,0.5817882265201286,39577307.26533333,32622674.940416664,9613775.68641824,False
2021-01-01,2021,1,1,202101,X,exports,THA,Thailand,85,"Electrical machinery and equipment and parts thereof; sound recorders and reproducers; television image and sound recorders and reproducers, parts and accessories of such articles",33811588.536,33811588.536,,False,-0.1573994075679247,-0.21635160777872575,37509292.11066667,31844775.9475,9045718.28582789,False
2021-02-01,2021,2,1,202102,X,exports,THA,Thailand,85,"Electrical machinery and equipment and parts thereof; sound recorders and reproducers; television image and sound recorders and reproducers, parts and accessories of such articles",29894398.521,29894398.521,,False,-0.11585347464018947,-0.268307787831921,34611215.071333334,30931265.708000004,8595208.057005739,False
2021-03-01,2021,3,1,202103,X,exports,THA,Thailand,85,"Electrical machinery and equipment and parts thereof; sound recorders and reproducers; television image and sound recorders and reproducers, parts and accessories of such articles",34887390.235,34887390.235,,False,0.1670209792143018,-0.21852625818381055,32864459.09733333,30118292.044916663,7582034.580771786,False
2021-04-01,2021,4,2,202104,X,exports,THA,Thailand,85,"Electrical machinery and equipment and parts thereof; sound recorders and reproducers; television image and sound recorders and reproducers, parts and accessories of such articles",39499536.193,39499536.193,,False,0.13220094501001034,0.8390468322720197,34760441.64966667,31620064.599833336,7499415.529956041,False
2021-05-01,2021,5,2,202105,X,exports,THA,Thailand,85,"Electrical machinery and equipment and parts thereof; sound recorders and reproducers; television image and sound recorders and reproducers, parts and accessories of such articles",32966278.231,32966278.231,,False,-0.16540087787556879,0.6688053473847781,35784401.553,32721052.960500002,6502630.106790979,False
2021-06-01,2021,6,2,202106,X,exports,THA,Thailand,85,"Electrical machinery and equipment and parts thereof; sound recorders and reproducers; television image and sound recorders and reproducers, parts and accessories of such articles",35870051.939,35870051.939,,False,0.08808315235504582,0.6120620554432301,36111955.454333335,33855970.89808334,5640476.047630176,False
2021-07-01,2021,7,3,202107,X,exports,THA,Thailand,85,"Electrical machinery and equipment and parts thereof; sound recorders and reproducers; television image and sound recorders and reproducers, parts and accessories of such articles",33632576.124,33632576.124,,False,-0.06237726722015957,0.2942722963350035,34156302.098,34493210.2845,5074003.06516826,False
2021-08-01,2021,8,3,202108,X,exports,THA,Thailand,85,"Electrical machinery and equipment and parts thereof; sound recorders and reproducers; television image and sound recorders and reproducers, parts and accessories of such articles",33484664.102,33484664.102,,False,-0.004397879646645508,0.49821117028978623,34329097.388333336,35421118.736250006,3390122.748167118,False
2021-09-01,2021,9,3,202109,X,exports,THA,Thailand,85,"Electrical machinery and equipment and parts thereof; sound recorders and reproducers; television image and sound recorders and reproducers, parts and accessories of such articles",35017267.108,35017267.108,,False,0.045770296555206036,0.08496502934903094,34044835.778000005,35649639.39875,3248226.7608251045,False
2021-10-01,2021,10,4,202110,X,exports,THA,Thailand,85,"Electrical machinery and equipment and parts thereof; sound recorders and reproducers; television image and sound recorders and reproducers, parts and accessories of such articles",32726767.888,32726767.888,,False,-0.06541056482036878,-0.18215045929298534,33742899.69933333,35042233.88941667,3031871.902489108,False
2021-11-01,2021,11,4,202111,X,exports,THA,Thailand,85,"Electrical machinery and equipment and parts thereof; sound recorders and reproducers; television image and sound recorders and reproducers, parts and accessories of such articles",32764965.743,32764965.743,,False,0.0011671746849772902,-0.1509165769938161,33503000.246333335,34556928.56475,2874614.4700298645,False
2021-12-01,2021,12,4,202112,X,exports,THA,Thailand,85,"Electrical machinery and equipment and parts thereof; sound recorders and reproducers; television image and sound recorders and reproducers, parts and accessories of such articles",39696546.929,39696546.929,,False,0.2115546599489695,-0.010743493336024534,35062760.18666667,34521002.629083335,2800400.174817222,False
2022-01-01,2022,1,1,202201,X,exports,THA,Thailand,85,"Electrical machinery and equipment and parts thereof; sound recorders and reproducers; television image and sound recorders and reproducers, parts and accessories of such articles",37037688.635,37037688.635,,False,-0.0669795863795295,0.0954140352076358,36499733.769,34789844.304,2879832.420521076,False
2022-02-01,2022,2,1,202202,X,exports,THA,Thailand,85,"Electrical machinery and equipment and parts thereof; sound recorders and reproducers; television image and sound recorders and reproducers, parts and accessories of such articles",33672217.199,33672217.199,,False,-0.09086613015099654,0.12637212537814357,36802150.921000004,35104662.527166665,2473903.0120073855,False
2022-03-01,2022,3,1,202203,X,exports,THA,Thailand,85,"Electrical machinery and equipment and parts thereof; sound recorders and reproducers; television image and sound recorders and reproducers, parts and accessories of such articles",35873996.072,35873996.072,,False,0.06538859202492264,0.02827972600857387,35527967.30199999,35186879.680250004,2482405.5080824737,False
2022-04-01,2022,4,2,202204,X,exports,THA,Thailand,85,"Electrical machinery and equipment and parts thereof; sound recorders and reproducers; television image and sound recorders and reproducers, parts and accessories of such articles",31938808.579,31938808.579,,False,-0.10969470713833995,-0.1914130732335002,33828340.61666667,34556819.04575,2235518.0610927804,False
2022-05-01,2022,5,2,202205,X,exports,THA,Thailand,85,"Electrical machinery and equipment and parts thereof; sound recorders and reproducers; television image and sound recorders and reproducers, parts and accessories of such articles",23736889.399,23736889.399,,False,-0.2568010375124895,-0.279964537316836,30516564.683333326,33787703.30975,3842531.602863741,True
2022-06-01,2022,6,2,202206,X,exports,THA,Thailand,85,"Electrical machinery and equipment and parts thereof; sound recorders and reproducers; television image and sound recorders and reproducers, parts and accessories of such articles",34258413.292,34258413.292,,False,0.4432562209875426,-0.04492992231348658,29978037.090000004,33653400.08916666,3790951.9567471356,False
2022-07-01,2022,7,3,202207,X,exports,THA,Thailand,85,"Electrical machinery and equipment and parts thereof; sound recorders and reproducers; television image and sound recorders and reproducers, parts and accessories of such articles",31513388.746,31513388.746,,False,-0.08012701938653477,-0.06300996302474016,29836230.479000002,33476801.141,3841039.7831298485,False
2022-08-01,2022,8,3,202208,X,exports,THA,Thailand,85,"Electrical machinery and equipment and parts thereof; sound recorders and reproducers; television image and sound recorders and reproducers, parts and accessories of such articles",37403848.17,37403848.17,,False,0.18691926379220902,0.11704415060164552,34391883.402666666,33803399.81333333,4004895.7425997704,False
2022-09-01,2022,9,3,202209,X,exports,THA,Thailand,85,"Electrical machinery and equipment and parts thereof; sound recorders and reproducers; television image and sound recorders and reproducers, parts and accessories of such articles",37940906.145,37940906.145,,False,0.014358361539675846,0.08349135379362793,35619381.02033334,34047036.39975,4170941.3413266204,False
2022-10-01,2022,10,4,202210,X,exports,THA,Thailand,85,"Electrical machinery and equipment and parts thereof; sound recorders and reproducers; television image and sound recorders and reproducers, parts and accessories of such articles",35712013.922,35712013.922,,False,-0.05874641513520462,0.09121725812387993,37018922.74566667,34295806.90258333,4174061.336507367,False
2022-11-01,2022,11,4,202211,X,exports,THA,Thailand,85,"Electrical machinery and equipment and parts thereof; sound recorders and reproducers; television image and sound recorders and reproducers, parts and accessories of such articles",36830311.419,36830311.419,,False,0.031314321825773206,0.1240759934830249,36827743.828666665,34634585.70891667,4203393.152967954,False
2022-12-01,2022,12,4,202212,X,exports,THA,Thailand,85,"Electrical machinery and equipment and parts thereof; sound recorders and reproducers; television image and sound recorders and reproducers, parts and accessories of such articles",28916020.202,28916020.202,,False,-0.21488526466591806,-0.271573412828116,33819448.51433333,33736208.48166666,4175112.566109822,False
2023-01-01,2023,1,1,202301,X,exports,THA,Thailand,85,"Electrical machinery and equipment and parts thereof; sound recorders and reproducers; television image and sound recorders and reproducers, parts and accessories of such articles",49724107.314,49724107.314,,False,0.7196041144887841,0.3425272782009283,38490146.31166667,34793410.03825,6201526.576223972,True
2023-02-01,2023,2,1,202302,X,exports,THA,Thailand,85,"Electrical machinery and equipment and parts thereof; sound recorders and reproducers; television image and sound recorders and reproducers, parts and accessories of such articles",32670475.72,32670475.72,,False,-0.3429650629283091,-0.029749792628141924,37103534.412,34709931.58166667,6224689.868404473,False
2023-03-01,2023,3,1,202303,X,exports,THA,Thailand,85,"Electrical machinery and equipment and parts thereof; sound recorders and reproducers; television image and sound recorders and reproducers, parts and accessories of such articles",42229454.796,42229454.796,,False,0.2925876916493213,0.17716060154671465,41541345.943333335,35239553.142,6592258.5369865615,False
2023-04-01,2023,4,2,202304,X,exports,THA,Thailand,85,"Electrical machinery and equipment and parts thereof; sound recorders and reproducers; television image and sound recorders and reproducers, parts and accessories of such articles",20143412.013,20143412.013,,False,-0.5230008980625533,-0.3693123535533369,31681114.176333334,34256603.428166665,7882321.297692388,False
2023-05-01,2023,5,2,202305,X,exports,THA,Thailand,85,"Electrical machinery and equipment and parts thereof; sound recorders and reproducers; television image and sound recorders and reproducers, parts and accessories of such articles",37845850.195,37845850.195,,False,0.8788202401149983,0.5943896253143595,33406239.00133333,35432350.16116667,7192613.786987949,False
2023-06-01,2023,6,2,202306,X,exports,THA,Thailand,85,"Electrical machinery and equipment and parts thereof; sound recorders and reproducers; television image and sound recorders and reproducers, parts and accessories of such articles",30828314.033,30828314.033,,False,-0.18542419118192044,-0.10012428858755684,29605858.746999998,35146508.55625,7310696.893754817,False
2023-07-01,2023,7,3,202307,X,exports,THA,Thailand,85,"Electrical machinery and equipment and parts thereof; sound recorders and reproducers; television image and sound recorders and reproducers, parts and accessories of such articles",28196576.843,28196576.843,,False,-0.08536753541510156,-0.1052508801809201,32290247.023666665,34870107.564333335,7520241.781407736,False
2023-08-01,2023,8,3,202308,X,exports,THA,Thailand,85,"Electrical machinery and equipment and parts thereof; sound recorders and reproducers; television image and sound recorders and reproducers, parts and accessories of such articles",34125036.074,34125036.074,,False,0.21025457324163743,-0.08765975311144036,31049975.649999995,34596873.223,7479267.143028446,False
2023-09-01,2023,9,3,202309,X,exports,THA,Thailand,85,"Electrical machinery and equipment and parts thereof; sound recorders and reproducers; television image and sound recorders and reproducers, parts and accessories of such articles",31479689.431,31479689.431,,False,-0.07751923359915502,-0.17029684766375786,31267100.782666665,34058438.49683333,7449155.791840475,False
2023-10-01,2023,10,4,202310,X,exports,THA,Thailand,85,"Electrical machinery and equipment and parts thereof; sound recorders and reproducers; television image and sound recorders and reproducers, parts and accessories of such articles",35326609.653,35326609.653,,False,0.12220324569694441,-0.010792006013488287,33643778.386,34026321.474416666,7442205.8709356915,False
2023-11-01,2023,11,4,202311,X,exports,THA,Thailand,85,"Electrical machinery and equipment and parts thereof; sound recorders and reproducers; television image and sound recorders and reproducers, parts and accessories of such articles",36821886.757,36821886.757,,False,0.04232721788723981,-0.00022874262191696637,34542728.61366666,34025619.419250004,7441917.703757972,False
2023-12-01,2023,12,4,202312,X,exports,THA,Thailand,85,"Electrical machinery and equipment and parts thereof; sound recorders and reproducers; television image and sound recorders and reproducers, parts and accessories of such articles",24134518.595,24134518.595,,False,-0.34456051222274964,-0.16535821920159277,32094338.334999997,33627160.952,7856810.4317074,False
2024-01-01,2024,1,1,202401,X,exports,THA,Thailand,85,"Electrical machinery and equipment and parts thereof; sound recorders and reproducers; television image and sound recorders and reproducers, parts and accessories of such articles",35324231.741,35324231.741,,False,0.4636393761886841,-0.28959545682875776,32093545.697666664,32427171.320916668,6071639.2684118645,False
2024-02-01,2024,2,1,202402,X,exports,THA,Thailand,85,"Electrical machinery and equipment and parts thereof; sound recorders and reproducers; television image and sound recorders and reproducers, parts and accessories of such articles",35753858.286,35753858.286,,False,0.012162374772933582,0.09437825737298455,31737536.207333326,32684119.86808333,6147639.723912376,False
2024-03-01,2024,3,1,202403,X,exports,THA,Thailand,85,"Electrical machinery and equipment and parts thereof; sound recorders and reproducers; television image and sound recorders and reproducers, parts and accessories of such articles",30953456.099,30953456.099,,False,-0.13426249409506874,-0.2670173875431626,34010515.37533333,31744453.31,5368378.079391729,False
2024-04-01,2024,4,2,202404,X,exports,THA,Thailand,85,"Electrical machinery and equipment and parts thereof; sound recorders and reproducers; television image and sound recorders and reproducers, parts and accessories of such articles",24033251.077,24033251.077,,False,-0.2235680888061985,0.19310725816905316,30246855.153999995,32068606.565333333,4677138.712974343,False
2024-05-01,2024,5,2,202405,X,exports,THA,Thailand,85,"Electrical machinery and equipment and parts thereof; sound recorders and reproducers; television image and sound recorders and reproducers, parts and accessories of such articles",31288781.557,31288781.557,,False,0.3018955053876833,-0.17325726874187874,28758496.24433333,31522184.178833332,4309403.522719654,False
2024-06-01,2024,6,2,202406,X,exports,THA,Thailand,85,"Electrical machinery and equipment and parts thereof; sound recorders and reproducers; television image and sound recorders and reproducers, parts and accessories of such articles",26630868.108,26630868.108,,False,-0.14886848311796663,-0.13615554585654177,27317633.58066666,31172397.01841666,4535274.376508094,False
2024-07-01,2024,7,3,202407,X,exports,THA,Thailand,85,"Electrical machinery and equipment and parts thereof; sound recorders and reproducers; television image and sound recorders and reproducers, parts and accessories of such articles",25884684.804,25884684.804,,False,-0.028019488548923444,-0.08199194008097976,27934778.15633333,30979739.3485,4718578.767008148,False
2024-08-01,2024,8,3,202408,X,exports,THA,Thailand,85,"Electrical machinery and equipment and parts thereof; sound recorders and reproducers; television image and sound recorders and reproducers, parts and accessories of such articles",45142950.06,45142950.06,,False,0.7440023087715555,0.32286893300589337,32552834.324,31897898.84733333,6219487.593395412,True
2024-09-01,2024,9,3,202409,X,exports,THA,Thailand,85,"Electrical machinery and equipment and parts thereof; sound recorders and reproducers; television image and sound recorders and reproducers, parts and accessories of such articles",29589789.975,29589789.975,,False,-0.3445313180536079,-0.060035517826262264,33539141.612999994,31740407.226,6254867.989956053,False
2024-10-01,2024,10,4,202410,X,exports,THA,Thailand,85,"Electrical machinery and equipment and parts thereof; sound recorders and reproducers; television image and sound recorders and reproducers, parts and accessories of such articles",33319643.933,33319643.933,,False,0.126052059212022,-0.05681172746871743,36017461.32266667,31573160.082666665,6176602.410677244,False
2024-11-01,2024,11,4,202411,X,exports,THA,Thailand,85,"Electrical machinery and equipment and parts thereof; sound recorders and reproducers; television image and sound recorders and reproducers, parts and accessories of such articles",31411602.382,31411602.382,,False,-0.057264764138438506,-0.14693120998128872,31440345.429999996,31122303.051416665,5952022.537627473,False
2024-12-01,2024,12,4,202412,X,exports,THA,Thailand,85,"Electrical machinery and equipment and parts thereof; sound recorders and reproducers; television image and sound recorders and reproducers, parts and accessories of such articles",27009715.613,27009715.613,,False,-0.14013569621403466,0.11913214704003527,30580320.642666668,31361902.802916665,5697588.345566897,False
2015-01-01,2015,1,1,201501,M,imports,THA,Thailand,85,"Electrical machinery and equipment and parts thereof; sound recorders and reproducers; television image and sound recorders and reproducers, parts and accessories of such articles",42542162.0,0.0,42542162.0,False,,,42542162.0,,,False
2015-02-01,2015,2,1,201502,M,imports,THA,Thailand,85,"Electrical machinery and equipment and parts thereof; sound recorders and reproducers; television image and sound recorders and reproducers, parts and accessories of such articles",45643068.0,0.0,45643068.0,False,0.07289018362536437,,44092615.0,,,False
2015-03-01,2015,3,1,201503,M,imports,THA,Thailand,85,"Electrical machinery and equipment and parts thereof; sound recorders and reproducers; television image and sound recorders and reproducers, parts and accessories of such articles",48614471.0,0.0,48614471.0,False,0.06510086044172136,,45599900.333333336,,,False
2015-04-01,2015,4,2,201504,M,imports,THA,Thailand,85,"Electrical machinery and equipment and parts thereof; sound recorders and reproducers; television image and sound recorders and reproducers, parts and accessories of such articles",40866325.0,0.0,40866325.0,False,-0.1593794160590578,,45041288.0,,,False
2015-05-01,2015,5,2,201505,M,imports,THA,Thailand,85,"Electrical machinery and equipment and parts thereof; sound recorders and reproducers; television image and sound recorders and reproducers, parts and accessories of such articles",44226049.0,0.0,44226049.0,False,0.08221253073282209,,44568948.333333336,,,False
2015-06-01,2015,6,2,201506,M,imports,THA,Thailand,85,"Electrical machinery and equipment and parts thereof; sound recorders and reproducers; television image and sound recorders and reproducers, parts and accessories of such articles",45190210.0,0.0,45190210.0,False,0.021800749146730247,,43427528.0,44513714.166666664,2676658.746520775,False
2015-07-01,2015,7,3,201507,M,imports,THA,Thailand,85,"Electrical machinery and equipment and parts thereof; sound recorders and reproducers; television image and sound recorders and reproducers, parts and accessories of such articles",37791792.0,0.0,37791792.0,False,-0.16371727416181514,,42402683.666666664,43553439.571428575,3524955.2421162664,False
2015-08-01,2015,8,3,201508,M,imports,THA,Thailand,85,"Electrical machinery and equipment and parts thereof; sound recorders and reproducers; television image and sound recorders and reproducers, parts and accessories of such articles",47747401.0,0.0,47747401.0,False,0.2634331020873528,,43576467.666666664,44077684.75,3584540.320396535,False
2015-09-01,2015,9,3,201509,M,imports,THA,Thailand,85,"Electrical machinery and equipment and parts thereof; sound recorders and reproducers; television image and sound recorders and reproducers, parts and accessories of such articles",40657878.0,0.0,40657878.0,False,-0.14847976751656078,,42065690.333333336,43697706.222222224,3541506.216164168,False
2015-10-01,2015,10,4,201510,M,imports,THA,Thailand,85,"Electrical machinery and equipment and parts thereof; sound recorders and reproducers; television image and sound recorders and reproducers, parts and accessories of such articles",38893179.0,0.0,38893179.0,False,-0.043403617867120325,,42432819.333333336,43217253.5,3668382.384636502,False
2015-11-01,2015,11,4,201511,M,imports,THA,Thailand,85,"Electrical machinery and equipment and parts thereof; sound recorders and reproducers; television image and sound recorders and reproducers, parts and accessories of such articles",35719387.0,0.0,35719387.0,False,-0.0816027920988408,,38423481.333333336,42535629.27272727,4149946.2462996817,False
2015-12-01,2015,12,4,201512,M,imports,THA,Thailand,85,"Electrical machinery and equipment and parts thereof; sound recorders and reproducers; television image and sound recorders and reproducers, parts and accessories of such articles",38923333.0,0.0,38923333.0,False,0.08969767594275901,,37845299.666666664,42234604.583333336,4091919.225967098,False
2016-01-01,2016,1,1,201601,M,imports,THA,Thailand,85,"Electrical machinery and equipment and parts thereof; sound recorders and reproducers; television image and sound recorders and reproducers, parts and accessories of such articles",36439378.0,0.0,36439378.0,False,-0.06381660583897064,-0.14345260591128395,37027366.0,41726039.25,4416582.673995774,False
2016-02-01,2016,2,1,201602,M,imports,THA,Thailand,85,"Electrical machinery and equipment and parts thereof; sound recorders and reproducers; television image and sound recorders and reproducers, parts and accessories of such articles",42265611.0,0.0,42265611.0,False,0.15988837679940637,-0.07399715111175265,39209440.666666664,41444584.5,4248696.589523737,False
2016-03-01,2016,3,1,201603,M,imports,THA,Thailand,85,"Electrical machinery and equipment and parts thereof; sound recorders and reproducers; television image and sound recorders and reproducers, parts and accessories of such articles",47051176.0,0.0,47051176.0,False,0.1132259746582156,-0.03215698881100648,41918721.666666664,41314309.916666664,4027051.572331289,False
2016-04-01,2016,4,2,201604,M,imports,THA,Thailand,85,"Electrical machinery and equipment and parts thereof; sound recorders and reproducers; television image and sound recorders and reproducers, parts and accessories of such articles",41749654.0,0.0,41749654.0,False,-0.1126756534204374,0.021615082834093746,43688813.666666664,41387920.666666664,4026191.517635953,False
2016-05-01,2016,5,2,201605,M,imports,THA,Thailand,85,"Electrical machinery and equipment and parts thereof; sound recorders and reproducers; television image and sound recorders and reproducers, parts and accessories of such articles",46471882.0,0.0,46471882.0,False,0.11310819486072865,0.050780774018497565,45090904.0,41575073.416666664,4217752.267433977,False
2016-06-01,2016,6,2,201606,M,imports,THA,Thailand,85,"Electrical machinery and equipment and parts thereof; sound recorders and reproducers; television image and sound recorders and reproducers, parts and accessories of such articles",50909759.0,0.0,50909759.0,False,0.0954959603314538,0.12656610801321788,46377098.333333336,42051702.5,4926964.906700815,False
2016-07-01,2016,7,3,201607,M,imports,THA,Thailand,85,"Electrical machinery and equipment and parts thereof; sound recorders and reproducers; television image and sound recorders and reproducers, parts and accessories of such articles",35384018.0,0.0,35384018.0,False,-0.3049659103670084,-0.06371155937776118,44255219.666666664,41851054.666666664,5159746.995186954,False
2016-08-01,2016,8,3,201608,M,imports,THA,Thailand,85,"Electrical machinery and equipment and parts thereof; sound recorders and reproducers; television image and sound recorders and reproducers, parts and accessories of such articles",47046740.0,0.0,47046740.0,False,0.3296042297966273,-0.014674327509470064,44446839.0,41792666.25,5090456.445972211,False
2016-09-01,2016,9,3,201609,M,imports,THA,Thailand,85,"Electrical machinery and equipment and parts thereof; sound recorders and reproducers; television image and sound recorders and reproducers, parts and accessories of such articles",48751076.0,0.0,48751076.0,False,0.03622644204465608,0.1990560845305307,43727278.0,42467099.416666664,5449884.20087734,False
2016-10-01,2016,10,4,201610,M,imports,THA,Thailand,85,"Electrical machinery and equipment and parts thereof; sound recorders and reproducers; television image and sound recorders and reproducers, parts and accessories of such articles",45603708.0,0.0,45603708.0,False,-0.06455996991738189,0.17253742616410972,47133841.333333336,43026310.166666664,5393821.567632928,False
2016-11-01,2016,11,4,201611,M,imports,THA,Thailand,85,"Electrical machinery and equipment and parts thereof; sound recorders and reproducers; television image and sound recorders and reproducers, parts and accessories of such articles",42558690.0,0.0,42558690.0,False,-0.06677128096688978,0.19147313474332583,45637824.666666664,43596252.083333336,4889282.8915933585,False
2016-12-01,2016,12,4,201612,M,imports,THA,Thailand,85,"Electrical machinery and equipment and parts thereof; sound recorders and reproducers; television image and sound recorders and reproducers, parts and accessories of such articles",41101104.0,0.0,41101104.0,False,-0.03424884553542418,0.05595027024021815,43087834.0,43777733.0,4738146.227983661,False
2017-01-01,2017,1,1,201701,M,imports,THA,Thailand,85,"Electrical machinery and equipment and parts thereof; sound recorders and reproducers; television image and sound recorders and reproducers, parts and accessories of such articles",47699412.0,0.0,47699412.0,False,0.1605384614486267,0.309007305228975,43786402.0,44716069.166666664,4241705.718096236,False
2017-02-01,2017,2,1,201702,M,imports,THA,Thailand,85,"Electrical machinery and equipment and parts thereof; sound recorders and reproducers; television image and sound recorders and reproducers, parts and accessories of such articles",43087988.0,0.0,43087988.0,False,-0.0966767472940756,0.019457355058702497,43962834.666666664,44784600.583333336,4205000.116593454,False
2017-03-01,2017,3,1,201703,M,imports,THA,Thailand,85,"Electrical machinery and equipment and parts thereof; sound recorders and reproducers; television image and sound recorders and reproducers, parts and accessories of such articles",45109050.0,0.0,45109050.0,False,0.046905462376196416,-0.04127688540664742,45298816.666666664,44622756.75,4146804.5526201357,False
2017-04-01,2017,4,2,201704,M,imports,THA,Thailand,85,"Electrical machinery and equipment and parts thereof; sound recorders and reproducers; television image and sound recorders and reproducers, parts and accessories of such articles",48257442.0,,48257442.0,False,0.06979512980211289,0.1558764534910877,45484826.666666664,45165072.416666664,4162416.3659706847,False
2017-05-01,2017,5,2,201705,M,imports,THA,Thailand,85,"Electrical machinery and equipment and parts thereof; sound recorders and reproducers; television image and sound recorders and reproducers, parts and accessories of such articles",56075504.0,0.0,56075504.0,False,0.1620073853064985,0.20665446688817113,49813998.666666664,45965374.25,5224303.170540999,False
2017-06-01,2017,6,2,201706,M,imports,THA,Thailand,85,"Electrical machinery and equipment and parts thereof; sound recorders and reproducers; television image and sound recorders and reproducers, parts and accessories of such articles",35570930.0,,35570930.0,False,-0.3656600928633651,-0.3012944728337842,46634625.333333336,44687138.5,5754189.548133686,False
2017-07-01,2017,7,3,201707,M,imports,THA,Thailand,85,"Electrical machinery and equipment and parts thereof; sound recorders and reproducers; television image and sound recorders and reproducers, parts and accessories of such articles",57840241.0,0.0,57840241.0,False,0.6260536623585609,0.6346431035616136,49828891.666666664,46558490.416666664,6095081.693092635,False
2017-08-01,2017,8,3,201708,M,imports,THA,Thailand,85,"Electrical machinery and equipment and parts thereof; sound recorders and reproducers; television image and sound recorders and reproducers, parts and accessories of such articles",57323572.0,0.0,57323572.0,False,-0.008932690996221848,0.2184387696150678,50244914.333333336,47414893.083333336,6845686.875761562,False
2017-09-01,2017,9,3,201709,M,imports,THA,Thailand,85,"Electrical machinery and equipment and parts thereof; sound recorders and reproducers; television image and sound recorders and reproducers, parts and accessories of such articles",58938532.0,0.0,58938532.0,False,0.028172703543317246,0.20896884409279504,58034115.0,48263847.75,7614924.924079127,False
2017-10-01,2017,10,4,201710,M,imports,THA,Thailand,85,"Electrical machinery and equipment and parts thereof; sound recorders and reproducers; television image and sound recorders and reproducers, parts and accessories of such articles",59442100.0,0.0,59442100.0,False,0.00854395219751991,0.3034488335904615,58568068.0,49417047.083333336,8200756.356687592,False
2017-11-01,2017,11,4,201711,M,imports,THA,Thailand,85,"Electrical machinery and equipment and parts thereof; sound recorders and reproducers; television image and sound recorders and reproducers, parts and accessories of such articles",60803893.0,0.0,60803893.0,False,0.022909570826064263,0.4287068751411287,59728175.0,50937480.666666664,8499513.52463902,False
2017-12-01,2017,12,4,201712,M,imports,THA,Thailand,85,"Electrical machinery and equipment and parts thereof; sound recorders and reproducers; television image and sound recorders and reproducers, parts and accessories of such articles",54631675.0,0.0,54631675.0,False,-0.10151024376021445,0.32920213043425783,58292556.0,52065028.25,7956103.631360673,False
2018-01-01,2018,1,1,201801,M,imports,THA,Thailand,85,"Electrical machinery and equipment and parts thereof; sound recorders and reproducers; television image and sound recorders and reproducers, parts and accessories of such articles",58101779.0,0.0,58101779.0,False,0.06351816963327583,0.21808166104856808,57845782.333333336,52931892.166666664,8003759.0753435865,False
2018-02-01,2018,2,1,201802,M,imports,THA,Thailand,85,"Electrical machinery and equipment and parts thereof; sound recorders and reproducers; television image and sound recorders and reproducers, parts and accessories of such articles",60378397.0,0.0,60378397.0,False,0.03918327526597776,0.40128141977759557,57703950.333333336,54372759.583333336,7617542.855677954,False
2018-03-01,2018,3,1,201803,M,imports,THA,Thailand,85,"Electrical machinery and equipment and parts thereof; sound recorders and reproducers; television image and sound recorders and reproducers, parts and accessories of such articles",63902426.0,0.0,63902426.0,False,0.05836572640376647,0.4166209663027707,60794200.666666664,55938874.25,7470318.209833163,False
2018-04-01,2018,4,2,201804,M,imports,THA,Thailand,85,"Electrical machinery and equipment and parts thereof; sound recorders and reproducers; television image and sound recorders and reproducers, parts and accessories of such articles",59898391.0,0.0,59898391.0,False,-0.06265857574796929,0.24122598541381457,61393071.333333336,56908953.333333336,7130236.041387762,False
2018-05-01,2018,5,2,201805,M,imports,THA,Thailand,85,"Electrical machinery and equipment and parts thereof; sound recorders and reproducers; television image and sound recorders and reproducers, parts and accessories of such articles",69353058.0,0.0,69353058.0,False,0.15784509136480818,0.23677993157226007,64384625.0,58015416.166666664,7969903.097449581,False
2018-06-01,2018,6,2,201806,M,imports,THA,Thailand,85,"Electrical machinery and equipment and parts thereof; sound recorders and reproducers; television image and sound recorders and reproducers, parts and accessories of such articles",45033319.0,0.0,45033319.0,False,-0.3506657053247746,0.26601466422159903,58094922.666666664,58803948.583333336,5689155.523718103,True
2018-07-01,2018,7,3,201807,M,imports,THA,Thailand,85,"Electrical machinery and equipment and parts thereof; sound recorders and reproducers; television image and sound recorders and reproducers, parts and accessories of such articles",73080949.0,0.0,73080949.0,False,0.6228195172556568,0.2634966199397406,62489108.666666664,60074007.583333336,7003757.475508342,False
2018-08-01,2018,8,3,201808,M,imports,THA,Thailand,85,"Electrical machinery and equipment and parts thereof; sound recorders and reproducers; television image and sound recorders and reproducers, parts and accessories of such articles",66895136.0,0.0,66895136.0,False,-0.08464330423514344,0.16697431206834068,61669801.333333336,60871637.916666664,7204210.471711407,False
2018-09-01,2018,9,3,201809,M,imports,THA,Thailand,85,"Electrical machinery and equipment and parts thereof; sound recorders and reproducers; television image and sound recorders and reproducers, parts and accessories of such articles",67594677.0,0.0,67594677.0,False,0.010457277491744632,0.14686733290201381,69190254.0,61592983.333333336,7423093.07766895,False
2018-10-01,2018,10,4,201810,M,imports,THA,Thailand,85,"Electrical machinery and equipment and parts thereof; sound recorders and reproducers; television image and sound recorders and reproducers, parts and accessories of such articles",71627258.0,0.0,71627258.0,False,0.05965826273568853,0.20499205108837004,68705690.33333333,62608413.166666664,7918979.590214209,False
2018-11-01,2018,11,4,201811,M,imports,THA,Thailand,85,"Electrical machinery and equipment and parts thereof; sound recorders and reproducers; television image and sound recorders and reproducers, parts and accessories of such articles",65347734.0,0.0,65347734.0,False,-0.08766947354036647,0.07472944207700638,68189889.66666667,62987066.583333336,7933471.439695516,False
2018-12-01,2018,12,4,201812,M,imports,THA,Thailand,85,"Electrical machinery and equipment and parts thereof; sound recorders and reproducers; television image and sound recorders and reproducers, parts and accessories of such articles",50640012.0,0.0,50640012.0,False,-0.22506858462758628,-0.07306499388861865,62538334.666666664,62654428.0,8386401.694391504,False
2019-01-01,2019,1,1,201901,M,imports,THA,Thailand,85,"Electrical machinery and equipment and parts thereof; sound recorders and reproducers; television image and sound recorders and reproducers, parts and accessories of such articles",66630781.0,0.0,66630781.0,False,0.3157734046350542,0.1467941627054139,60872842.333333336,63365178.166666664,8326692.281436237,False
2019-02-01,2019,2,1,201902,M,imports,THA,Thailand,85,"Electrical machinery and equipment and parts thereof; sound recorders and reproducers; television image and sound recorders and reproducers, parts and accessories of such articles",48983139.0,0.0,48983139.0,False,-0.26485719865717916,-0.18873071439773403,55417977.333333336,62415573.333333336,9292093.631524138,False
2019-03-01,2019,3,1,201903,M,imports,THA,Thailand,85,"Electrical machinery and equipment and parts thereof; sound recorders and reproducers; television image and sound recorders and reproducers, parts and accessories of such articles",56200619.0,0.0,56200619.0,False,0.14734621233645306,-0.12052448525193704,57271513.0,61773756.083333336,9444790.861303579,False
2019-04-01,2019,4,2,201904,M,imports,THA,Thailand,85,"Electrical machinery and equipment and parts thereof; sound recorders and reproducers; television image and sound recorders and reproducers, parts and accessories of such articles",55244137.0,0.0,55244137.0,False,-0.01701906521705754,-0.07770248786816325,53475965.0,61385901.583333336,9622693.70891257,False
2019-05-01,2019,5,2,201905,M,imports,THA,Thailand,85,"Electrical machinery and equipment and parts thereof; sound recorders and reproducers; television image and sound recorders and reproducers, parts and accessories of such articles",61330138.0,0.0,61330138.0,False,0.11016555476285195,-0.11568228181084672,57591631.333333336,60717324.916666664,9291844.750151316,False
2019-06-01,2019,6,2,201906,M,imports,THA,Thailand,85,"Electrical machinery and equipment and parts thereof; sound recorders and reproducers; television image and sound recorders and reproducers, parts and accessories of such articles",47941299.0,0.0,47941299.0,False,-0.21830766139805524,0.06457396577853824,54838524.666666664,60959656.583333336,8874151.782561483,False
2019-07-01,2019,7,3,201907,M,imports,THA,Thailand,85,"Electrical machinery and equipment and parts thereof; sound recorders and reproducers; television image and sound recorders and reproducers, parts and accessories of such articles",57296854.0,0.0,57296854.0,False,0.1951460472524953,-0.2159809802141458,55522763.666666664,59644315.333333336,8045242.468384332,False
2019-08-01,2019,8,3,201908,M,imports,THA,Thailand,85,"Electrical machinery and equipment and parts thereof; sound recorders and reproducers; television image and sound recorders and reproducers, parts and accessories of such articles",53053918.0,0.0,53053918.0,False,-0.07405181443295294,-0.20690918395023516,52764023.666666664,58490880.5,7902123.902183906,False
2019-09-01,2019,9,3,201909,M,imports,THA,Thailand,85,"Electrical machinery and equipment and parts thereof; sound recorders and reproducers; television image and sound recorders and reproducers, parts and accessories of such articles",65643228.0,0.0,65643228.0,False,0.23729274810580425,-0.028869862045498018,58664666.666666664,58328259.75,7715620.52985256,False
2019-10-01,2019,10,4,201910,M,imports,THA,Thailand,85,"Electrical machinery and equipment and parts thereof; sound recorders and reproducers; television image and sound recorders and reproducers, parts and accessories of such articles",61166165.0,0.0,61166165.0,False,-0.06820296832447059,-0.1460490502093491,59954437.0,57456502.0,6584483.237994654,False
2019-11-01,2019,11,4,201911,M,imports,THA,Thailand,85,"Electrical machinery and equipment and parts thereof; sound recorders and reproducers; television image and sound recorders and reproducers, parts and accessories of such articles",59249655.0,0.0,59249655.0,False,-0.03133284553641702,-0.09331737501410531,62019682.666666664,56948328.75,6140436.682762406,False
2019-12-01,2019,12,4,201912,M,imports,THA,Thailand,85,"Electrical machinery and equipment and parts thereof; sound recorders and reproducers; television image and sound recorders and reproducers, parts and accessories of such articles",49265245.0,0.0,49265245.0,False,-0.16851423016724743,-0.027147841118205118,56560355.0,56833764.833333336,6280069.529177316,False
2020-01-01,2020,1,1,202001,M,imports,THA,Thailand,85,"Electrical machinery and equipment and parts thereof; sound recorders and reproducers; television image and sound recorders and reproducers, parts and accessories of such articles",53602261.0,0.0,53602261.0,False,0.0880339882608927,-0.19553305250916986,54039053.666666664,55748054.833333336,5511540.809231237,False
2020-02-01,2020,2,1,202002,M,imports,THA,Thailand,85,"Electrical machinery and equipment and parts thereof; sound recorders and reproducers; television image and sound recorders and reproducers, parts and accessories of such articles",50530215.0,0.0,50530215.0,False,-0.057311873467427055,0.03158384765827282,51132573.666666664,55876977.833333336,5354778.79710453,False
2020-03-01,2020,3,1,202003,M,imports,THA,Thailand,85,"Electrical machinery and equipment and parts thereof; sound recorders and reproducers; television image and sound recorders and reproducers, parts and accessories of such articles",55128342.0,0.0,55128342.0,False,0.09099757442156142,-0.019079451776145007,53086939.333333336,55787621.416666664,5357832.94728312,False
2020-04-01,2020,4,2,202004,M,imports,THA,Thailand,85,"Electrical machinery and equipment and parts thereof; sound recorders and reproducers; television image and sound recorders and reproducers, parts and accessories of such articles",40604295.0,0.0,40604295.0,False,-0.2634588030962368,-0.265002637293438,48754284.0,54567634.583333336,6929172.350437379,True
2020-05-01,2020,5,2,202005,M,imports,THA,Thailand,85,"Electrical machinery and equipment and parts thereof; sound recorders and reproducers; television image and sound recorders and reproducers, parts and accessories of such articles",21477445.0,0.0,21477445.0,False,-0.47105484776918305,-0.6498060219593831,39070027.333333336,51246576.833333336,11461492.142019074,True
2020-06-01,2020,6,2,202006,M,imports,THA,Thailand,85,"Electrical machinery and equipment and parts thereof; sound recorders and reproducers; television image and sound recorders and reproducers, parts and accessories of such articles",23454395.0,0.0,23454395.0,False,0.09204772727854738,-0.5107684712506434,28512045.0,49206001.5,14001743.269862864,False
2020-07-01,2020,7,3,202007,M,imports,THA,Thailand,85,"Electrical machinery and equipment and parts thereof; sound recorders and reproducers; television image and sound recorders and reproducers, parts and accessories of such articles",18760795.0,0.0,18760795.0,False,-0.20011601237209486,-0.6725684973907992,21230878.333333332,45994663.25,16220731.249424376,False
2020-08-01,2020,8,3,202008,M,imports,THA,Thailand,85,"Electrical machinery and equipment and parts thereof; sound recorders and reproducers; television image and sound recorders and reproducers, parts and accessories of such articles",25072660.0,0.0,25072660.0,False,0.3364391007950356,-0.527411717264689,22429283.333333332,43662891.75,17100995.684344444,False
2020-09-01,2020,9,3,202009,M,imports,THA,Thailand,85,"Electrical machinery and equipment and parts thereof; sound recorders and reproducers; television image and sound recorders and reproducers, parts and accessories of such articles",31731725.0,0.0,31731725.0,False,0.2655906872266445,-0.516603220670379,25188393.333333332,40836933.166666664,15898169.256330617,False
2020-10-01,2020,10,4,202010,M,imports,THA,Thailand,85,"Electrical machinery and equipment and parts thereof; sound recorders and reproducers; television image and sound recorders and reproducers, parts and accessories of such articles",35179255.0,0.0,35179255.0,False,0.1086461577490665,-0.42485759896831854,30661213.333333332,38671357.333333336,14593661.992165852,False
2020-11-01,2020,11,4,202011,M,imports,THA,Thailand,85,"Electrical machinery and equipment and parts thereof; sound recorders and reproducers; television image and sound recorders and reproducers, parts and accessories of such articles",44724068.0,0.0,44724068.0,False,0.27131936136794255,-0.2451590140060731,37211682.666666664,37460891.75,13274414.632437829,False
2020-12-01,2020,12,4,202012,M,imports,THA,Thailand,85,"Electrical machinery and equipment and parts thereof; sound recorders and reproducers; television image and sound recorders and reproducers, parts and accessories of such articles",53527390.0,0.0,53527390.0,False,0.19683634324140642,0.08651423533974101,44476904.333333336,37816070.5,13670095.794057267,False
2021-01-01,2021,1,1,202101,M,imports,THA,Thailand,85,"Electrical machinery and equipment and parts thereof; sound recorders and reproducers; television image and sound recorders and reproducers, parts and accessories of such articles",46577934.0,,46577934.0,False,-0.12982990577347409,-0.13104534900122966,48276464.0,37230709.916666664,13069886.924967572,False
2021-02-01,2021,2,1,202102,M,imports,THA,Thailand,85,"Electrical machinery and equipment and parts thereof; sound recorders and reproducers; television image and sound recorders and reproducers, parts and accessories of such articles",59406919.0,,59406919.0,False,0.2754305289710788,0.1756712097900237,53170747.666666664,37970435.25,14101523.056253783,False
2021-03-01,2021,3,1,202103,M,imports,THA,Thailand,85,"Electrical machinery and equipment and parts thereof; sound recorders and reproducers; television image and sound recorders and reproducers, parts and accessories of such articles",62367475.0,,62367475.0,False,0.049835205222475754,0.13131417955577196,56117442.666666664,38573696.333333336,15026755.4559799,False
2021-04-01,2021,4,2,202104,M,imports,THA,Thailand,85,"Electrical machinery and equipment and parts thereof; sound recorders and reproducers; television image and sound recorders and reproducers, parts and accessories of such articles",61946113.0,,61946113.0,False,-0.006756117671911532,0.5256049390834148,61240169.0,40352181.166666664,16481470.601691104,False
2021-05-01,2021,5,2,202105,M,imports,THA,Thailand,85,"Electrical machinery and equipment and parts thereof; sound recorders and reproducers; television image and sound recorders and reproducers, parts and accessories of such articles",48178017.0,,48178017.0,False,-0.22225924005917852,1.2431912641377965,57497201.666666664,42577228.833333336,15473160.3425246,False
2021-06-01,2021,6,2,202106,M,imports,THA,Thailand,85,"Electrical machinery and equipment and parts thereof; sound recorders and reproducers; television image and sound recorders and reproducers, parts and accessories of such articles",69056541.0,,69056541.0,False,0.4333620455985143,1.9442900147285829,59726890.333333336,46377407.666666664,15942454.726749316,False
2021-07-01,2021,7,3,202107,M,imports,THA,Thailand,85,"Electrical machinery and equipment and parts thereof; sound recorders and reproducers; television image and sound recorders and reproducers, parts and accessories of such articles",57005097.0,,57005097.0,False,-0.1745156045391848,2.0385224613349275,58079885.0,49564432.833333336,13565214.277329562,False
2021-08-01,2021,8,3,202108,M,imports,THA,Thailand,85,"Electrical machinery and equipment and parts thereof; sound recorders and reproducers; television image and sound recorders and reproducers, parts and accessories of such articles",58093795.0,,58093795.0,False,0.019098257126024976,1.3170176199892634,61385144.333333336,52316194.083333336,11306483.357368939,False
2021-09-01,2021,9,3,202109,M,imports,THA,Thailand,85,"Electrical machinery and equipment and parts thereof; sound recorders and reproducers; television image and sound recorders and reproducers, parts and accessories of such articles",69523219.0,,69523219.0,False,0.19674087396080764,1.1909687859705076,61540703.666666664,55465485.25,10267101.67930834,False
2021-10-01,2021,10,4,202110,M,imports,THA,Thailand,85,"Electrical machinery and equipment and parts thereof; sound recorders and reproducers; television image and sound recorders and reproducers, parts and accessories of such articles",54126501.0,,54126501.0,False,-0.22146152352352955,0.5385914511265233,60581171.666666664,57044422.416666664,8089793.659443958,False
2021-11-01,2021,11,4,202111,M,imports,THA,Thailand,85,"Electrical machinery and equipment and parts thereof; sound recorders and reproducers; television image and sound recorders and reproducers, parts and accessories of such articles",70054338.0,,70054338.0,False,0.2942705829072527,0.5663677552766444,64568019.333333336,59155278.25,7884914.240151324,False
2021-12-01,2021,12,4,202112,M,imports,THA,Thailand,85,"Electrical machinery and equipment and parts thereof; sound recorders and reproducers; television image and sound recorders and reproducers, parts and accessories of such articles",72696959.0,,72696959.0,False,0.03772244625307852,0.35812635362942236,65625932.666666664,60752742.333333336,8554487.879735235,False
2022-01-01,2022,1,1,202201,M,imports,THA,Thailand,85,"Electrical machinery and equipment and parts thereof; sound recorders and reproducers; television image and sound recorders and reproducers, parts and accessories of such articles",75554353.0,,75554353.0,False,0.03930555059393881,0.6221061457985664,72768550.0,63167443.916666664,8274632.504512735,False
2022-02-01,2022,2,1,202202,M,imports,THA,Thailand,85,"Electrical machinery and equipment and parts thereof; sound recorders and reproducers; television image and sound recorders and reproducers, parts and accessories of such articles",68715299.0,,68715299.0,False,-0.0905183318822147,0.15668848270013802,72322203.66666667,63943142.25,8326199.763162118,False
2022-03-01,2022,3,1,202203,M,imports,THA,Thailand,85,"Electrical machinery and equipment and parts thereof; sound recorders and reproducers; television image and sound recorders and reproducers, parts and accessories of such articles",87363283.0,,87363283.0,False,0.2713803806631183,0.40078274773830436,77210978.33333333,66026126.25,10687869.184661942,False
2022-04-01,2022,4,2,202204,M,imports,THA,Thailand,85,"Electrical machinery and equipment and parts thereof; sound recorders and reproducers; television image and sound recorders and reproducers, parts and accessories of such articles",63403096.0,,63403096.0,False,-0.27425923313802203,0.023520168246876194,73160559.33333333,66147541.5,10645498.000264363,False
2022-05-01,2022,5,2,202205,M,imports,THA,Thailand,85,"Electrical machinery and equipment and parts thereof; sound recorders and reproducers; television image and sound recorders and reproducers, parts and accessories of such articles",63161893.0,,63161893.0,False,-0.0038042779488244305,0.31101064205278517,71309424.0,67396197.83333333,9114890.309787959,False
2022-06-01,2022,6,2,202206,M,imports,THA,Thailand,85,"Electrical machinery and equipment and parts thereof; sound recorders and reproducers; television image and sound recorders and reproducers, parts and accessories of such articles",73857342.0,,73857342.0,False,0.1693338893436902,0.06951985909633085,66807443.666666664,67796264.58333333,9297910.237408768,False
2022-07-01,2022,7,3,202207,M,imports,THA,Thailand,85,"Electrical machinery and equipment and parts thereof; sound recorders and reproducers; television image and sound recorders and reproducers, parts and accessories of such articles",63481850.0,,63481850.0,False,-0.14048017054282835,0.11361708585462105,66833695.0,68335994.0,8788585.902794244,False
2022-08-01,2022,8,3,202208,M,imports,THA,Thailand,85,"Electrical machinery and equipment and parts thereof; sound recorders and reproducers; television image and sound recorders and reproducers, parts and accessories of such articles",79794833.0,,79794833.0,False,0.2569708192184066,0.3735517364634209,72378008.33333333,70144413.83333333,8721912.98463991,False
2022-09-01,2022,9,3,202209,M,imports,THA,Thailand,85,"Electrical machinery and equipment and parts thereof; sound recorders and reproducers; television image and sound recorders and reproducers, parts and accessories of such articles",76864804.0,,76864804.0,False,-0.03671953295522279,0.10559903735182341,73380495.66666667,70756212.58333333,8929397.901279818,False
2022-10-01,2022,10,4,202210,M,imports,THA,Thailand,85,"Electrical machinery and equipment and parts thereof; sound recorders and reproducers; television image and sound recorders and reproducers, parts and accessories of such articles",70420056.0,,70420056.0,False,-0.08384524079447342,0.3010273100786618,75693231.0,72114008.83333333,7252071.689578749,False
2022-11-01,2022,11,4,202211,M,imports,THA,Thailand,85,"Electrical machinery and equipment and parts thereof; sound recorders and reproducers; television image and sound recorders and reproducers, parts and accessories of such articles",72933539.0,,72933539.0,False,0.03569271515489847,0.041099539046389966,73406133.0,72353942.25,7225312.518675879,False
2022-12-01,2022,12,4,202212,M,imports,THA,Thailand,85,"Electrical machinery and equipment and parts thereof; sound recorders and reproducers; television image and sound recorders and reproducers, parts and accessories of such articles",72225110.0,,72225110.0,False,-0.009713350122774078,-0.006490629133468984,71859568.33333333,72314621.5,7224559.972251036,False
2023-01-01,2023,1,1,202301,M,imports,THA,Thailand,85,"Electrical machinery and equipment and parts thereof; sound recorders and reproducers; television image and sound recorders and reproducers, parts and accessories of such articles",78350495.0,,78350495.0,False,0.0848096319964069,0.03700835079614806,74503048.0,72547633.33333333,7381927.00427815,False
2023-02-01,2023,2,1,202302,M,imports,THA,Thailand,85,"Electrical machinery and equipment and parts thereof; sound recorders and reproducers; television image and sound recorders and reproducers, parts and accessories of such articles",69376018.0,,69376018.0,False,-0.11454269689042806,0.009615311431592444,73317207.66666667,72602693.25,7353151.998901933,False
2023-03-01,2023,3,1,202303,M,imports,THA,Thailand,85,"Electrical machinery and equipment and parts thereof; sound recorders and reproducers; television image and sound recorders and reproducers, parts and accessories of such articles",76490444.0,,76490444.0,False,0.10254877989682254,-0.1244554763355219,74738985.66666667,71696623.33333333,5894105.925785445,False
2023-04-01,2023,4,2,202304,M,imports,THA,Thailand,85,"Electrical machinery and equipment and parts thereof; sound recorders and reproducers; television image and sound recorders and reproducers, parts and accessories of such articles",50288528.0,,50288528.0,False,-0.3425514957136345,-0.20684428407092292,65384996.666666664,70603742.66666667,8297516.735098437,True
2023-05-01,2023,5,2,202305,M,imports,THA,Thailand,85,"Electrical machinery and equipment and parts thereof; sound recorders and reproducers; television image and sound recorders and reproducers, parts and accessories of such articles",88455625.0,,88455625.0,False,0.7589623024957104,0.4004587386258356,71744865.66666667,72711553.66666667,9377588.33846512,False
2023-06-01,2023,6,2,202306,M,imports,THA,Thailand,85,"Electrical machinery and equipment and parts thereof; sound recorders and reproducers; television image and sound recorders and reproducers, parts and accessories of such articles",67536789.0,,67536789.0,False,-0.23648960707699485,-0.08557785629490977,68760314.0,72184840.91666667,9484279.030927083,False
2023-07-01,2023,7,3,202307,M,imports,THA,Thailand,85,"Electrical machinery and equipment and parts thereof; sound recorders and reproducers; television image and sound recorders and reproducers, parts and accessories of such articles",75952604.0,,75952604.0,False,0.1246108250719471,0.19644597629086102,77315006.0,73224070.41666667,9120212.559394056,False
2023-08-01,2023,8,3,202308,M,imports,THA,Thailand,85,"Electrical machinery and equipment and parts thereof; sound recorders and reproducers; television image and sound recorders and reproducers, parts and accessories of such articles",81137788.0,,81137788.0,False,0.06826867976771411,0.016830099763477158,74875727.0,73335983.33333333,9215908.969449827,False
2023-09-01,2023,9,3,202309,M,imports,THA,Thailand,85,"Electrical machinery and equipment and parts thereof; sound recorders and reproducers; television image and sound recorders and reproducers, parts and accessories of such articles",64713428.0,,64713428.0,False,-0.20242553321764212,-0.15808764698079503,73934606.66666667,72323368.66666667,9457339.540782657,False
2023-10-01,2023,10,4,202310,M,imports,THA,Thailand,85,"Electrical machinery and equipment and parts thereof; sound recorders and reproducers; television image and sound recorders and reproducers, parts and accessories of such articles",86718596.0,,86718596.0,False,0.34004021545574736,0.23144741605999286,77523270.66666667,73681580.33333333,10292614.681410179,False
2023-11-01,2023,11,4,202311,M,imports,THA,Thailand,85,"Electrical machinery and equipment and parts thereof; sound recorders and reproducers; television image and sound recorders and reproducers, parts and accessories of such articles",75574027.0,,75574027.0,False,-0.12851417705148271,0.036204029534340876,75668683.66666667,73901621.0,10303388.059670387,False
2023-12-01,2023,12,4,202312,M,imports,THA,Thailand,85,"Electrical machinery and equipment and parts thereof; sound recorders and reproducers; television image and sound recorders and reproducers, parts and accessories of such articles",66849305.0,,66849305.0,False,-0.11544603809454268,-0.07443124697214032,76380642.66666667,73453637.25,10497939.447760504,False
2024-01-01,2024,1,1,202401,M,imports,THA,Thailand,85,"Electrical machinery and equipment and parts thereof; sound recorders and reproducers; television image and sound recorders and reproducers, parts and accessories of such articles",67046774.0,,67046774.0,False,0.002953942453103986,-0.14427121360241568,69823368.66666667,72511660.5,10525704.025891202,False
2024-02-01,2024,2,1,202402,M,imports,THA,Thailand,85,"Electrical machinery and equipment and parts thereof; sound recorders and reproducers; television image and sound recorders and reproducers, parts and accessories of such articles",65638575.0,,65638575.0,False,-0.021003232758074253,-0.053872261737478166,66511551.333333336,72200206.91666667,10681070.375520058,False
2024-03-01,2024,3,1,202403,M,imports,THA,Thailand,85,"Electrical machinery and equipment and parts thereof; sound recorders and reproducers; television image and sound recorders and reproducers, parts and accessories of such articles",58584841.0,,58584841.0,False,-0.10746324093720805,-0.23408941122109317,63756730.0,70708073.33333333,11262134.511403155,False
2024-04-01,2024,4,2,202404,M,imports,THA,Thailand,85,"Electrical machinery and equipment and parts thereof; sound recorders and reproducers; television image and sound recorders and reproducers, parts and accessories of such articles",51573786.0,,51573786.0,False,-0.11967353466061292,0.02555767788629648,58599067.333333336,70815178.16666667,11054484.38036447,False
2024-05-01,2024,5,2,202405,M,imports,THA,Thailand,85,"Electrical machinery and equipment and parts thereof; sound recorders and reproducers; television image and sound recorders and reproducers, parts and accessories of such articles",60573161.0,,60573161.0,False,0.17449513983712572,-0.3152141426845382,56910596.0,68491639.5,9877179.584594492,False
2024-06-01,2024,6,2,202406,M,imports,THA,Thailand,85,"Electrical machinery and equipment and parts thereof; sound recorders and reproducers; television image and sound recorders and reproducers, parts and accessories of such articles",64881706.0,,64881706.0,False,0.07112960474359253,-0.03931313642998335,59009551.0,68270382.58333333,9930109.707938459,False
2024-07-01,2024,7,3,202407,M,imports,THA,Thailand,85,"Electrical machinery and equipment and parts thereof; sound recorders and reproducers; television image and sound recorders and reproducers, parts and accessories of such articles",75654756.0,,75654756.0,False,0.16604141081000545,-0.003921498201694296,67036541.0,68245561.91666667,9909512.963927807,False
2024-08-01,2024,8,3,202408,M,imports,THA,Thailand,85,"Electrical machinery and equipment and parts thereof; sound recorders and reproducers; television image and sound recorders and reproducers, parts and accessories of such articles",72827650.0,,72827650.0,False,-0.037368516527896856,-0.10242007090457039,71121370.66666667,67553050.41666667,9190974.281587556,False
2024-09-01,2024,9,3,202409,M,imports,THA,Thailand,85,"Electrical machinery and equipment and parts thereof; sound recorders and reproducers; television image and sound recorders and reproducers, parts and accessories of such articles",74548571.0,,74548571.0,False,0.023630049850571933,0.15197994147366134,74343659.0,68372645.66666667,9351845.25772893,False
2024-10-01,2024,10,4,202410,M,imports,THA,Thailand,85,"Electrical machinery and equipment and parts thereof; sound recorders and reproducers; television image and sound recorders and reproducers, parts and accessories of such articles",76216060.0,,76216060.0,False,0.022367819766793362,-0.12111054011990696,74530760.33333333,67497434.33333333,7849611.589724104,False
2024-11-01,2024,11,4,202411,M,imports,THA,Thailand,85,"Electrical machinery and equipment and parts thereof; sound recorders and reproducers; television image and sound recorders and reproducers, parts and accessories of such articles",64170186.0,,64170186.0,False,-0.158049025362896,-0.1508962993331029,71644939.0,66547114.25,7463744.834159172,False
2024-12-01,2024,12,4,202412,M,imports,THA,Thailand,85,"Electrical machinery and equipment and parts thereof; sound recorders and reproducers; television image and sound recorders and reproducers, parts and accessories of such articles",67568160.0,,67568160.0,False,0.05295253468643524,0.010753365349123634,69318135.33333333,66607018.833333336,7469273.476345184,False
2015-01-01,2015,1,1,201501,X,exports,USA,United States,85,"Electrical machinery and equipment and parts thereof; sound recorders and reproducers; television image and sound recorders and reproducers, parts and accessories of such articles",85816499.0,85816499.0,0.0,False,,,85816499.0,,,False
2015-02-01,2015,2,1,201502,X,exports,USA,United States,85,"Electrical machinery and equipment and parts thereof; sound recorders and reproducers; television image and sound recorders and reproducers, parts and accessories of such articles",94398056.0,94398056.0,0.0,False,0.09999891745758593,,90107277.5,,,False
2015-03-01,2015,3,1,201503,X,exports,USA,United States,85,"Electrical machinery and equipment and parts thereof; sound recorders and reproducers; television image and sound recorders and reproducers, parts and accessories of such articles",105443002.0,105443002.0,0.0,False,0.11700395609841796,,95219185.66666667,,,False
2015-04-01,2015,4,2,201504,X,exports,USA,United States,85,"Electrical machinery and equipment and parts thereof; sound recorders and reproducers; television image and sound recorders and reproducers, parts and accessories of such articles",98026673.0,98026673.0,0.0,False,-0.07033495688978963,,99289243.66666667,,,False
2015-05-01,2015,5,2,201505,X,exports,USA,United States,85,"Electrical machinery and equipment and parts thereof; sound recorders and reproducers; television image and sound recorders and reproducers, parts and accessories of such articles",97459547.0,97459547.0,0.0,False,-0.005785425360707697,,100309740.66666667,,,False
2015-06-01,2015,6,2,201506,X,exports,USA,United States,85,"Electrical machinery and equipment and parts thereof; sound recorders and reproducers; television image and sound recorders and reproducers, parts and accessories of such articles",108729354.0,108729354.0,0.0,False,0.11563574166828428,,101405191.33333333,98312188.5,8144164.09660809,False
2015-07-01,2015,7,3,201507,X,exports,USA,United States,85,"Electrical machinery and equipment and parts thereof; sound recorders and reproducers; television image and sound recorders and reproducers, parts and accessories of such articles",93578990.0,93578990.0,0.0,False,-0.1393401454403932,,99922630.33333333,97636017.28571428,7646783.197589289,False
2015-08-01,2015,8,3,201508,X,exports,USA,United States,85,"Electrical machinery and equipment and parts thereof; sound recorders and reproducers; television image and sound recorders and reproducers, parts and accessories of such articles",110903046.0,110903046.0,0.0,False,0.18512762319832698,,104403796.66666667,99294395.875,8492450.884403788,False
2015-09-01,2015,9,3,201509,X,exports,USA,United States,85,"Electrical machinery and equipment and parts thereof; sound recorders and reproducers; television image and sound recorders and reproducers, parts and accessories of such articles",120539126.464,120539126.464,0.0,False,0.08688742835791907,,108340387.48799999,101654921.49599999,10642144.40973182,False
2015-10-01,2015,10,4,201510,X,exports,USA,United States,85,"Electrical machinery and equipment and parts thereof; sound recorders and reproducers; television image and sound recorders and reproducers, parts and accessories of such articles",123211452.28,123211452.28,0.0,False,0.02216977917786811,,118217874.91466667,103810574.5744,12130116.416946502,False
2015-11-01,2015,11,4,201511,X,exports,USA,United States,85,"Electrical machinery and equipment and parts thereof; sound recorders and reproducers; television image and sound recorders and reproducers, parts and accessories of such articles",95964543.55,95964543.55,0.0,False,-0.22113941704120954,,113238374.098,103097299.02672726,11748282.169568183,False
2015-12-01,2015,12,4,201512,X,exports,USA,United States,85,"Electrical machinery and equipment and parts thereof; sound recorders and reproducers; television image and sound recorders and reproducers, parts and accessories of such articles",97122553.05,97122553.05,0.0,False,0.01206705578083267,,105432849.62666667,102599403.52866668,11333554.885305233,False
2016-01-01,2016,1,1,201601,X,exports,USA,United States,85,"Electrical machinery and equipment and parts thereof; sound recorders and reproducers; television image and sound recorders and reproducers, parts and accessories of such articles",83876710.043,83876710.043,0.0,False,-0.13638277198274285,-0.022603916258574053,92321268.881,102437754.44891667,11605264.99466578,False
2016-02-01,2016,2,1,201602,X,exports,USA,United States,85,"Electrical machinery and equipment and parts thereof; sound recorders and reproducers; television image and sound recorders and reproducers, parts and accessories of such articles",88171306.101,88171306.101,0.0,False,0.05120129361056658,-0.06596269206009919,89723523.06466667,101918858.624,12124984.327447917,False
2016-03-01,2016,3,1,201603,X,exports,USA,United States,85,"Electrical machinery and equipment and parts thereof; sound recorders and reproducers; television image and sound recorders and reproducers, parts and accessories of such articles",97380494.299,97380494.299,0.0,False,0.10444654395218889,-0.0764631843562269,89809503.48099999,101246982.98224999,12135327.30212063,False
2016-04-01,2016,4,2,201604,X,exports,USA,United States,85,"Electrical machinery and equipment and parts thereof; sound recorders and reproducers; television image and sound recorders and reproducers, parts and accessories of such articles",104677818.561,104677818.561,0.0,False,0.0749362006686276,0.06785036518581022,96743206.32033332,101801245.11233334,12126760.84423522,False
2016-05-01,2016,5,2,201605,X,exports,USA,United States,85,"Electrical machinery and equipment and parts thereof; sound recorders and reproducers; television image and sound recorders and reproducers, parts and accessories of such articles",98452436.731,98452436.731,0.0,False,-0.05947183381904564,0.010187711328065285,100170249.86366665,101883985.92325,12097797.08301849,False
2016-06-01,2016,6,2,201606,X,exports,USA,United States,85,"Electrical machinery and equipment and parts thereof; sound recorders and reproducers; television image and sound recorders and reproducers, parts and accessories of such articles",118376652.25,118376652.25,0.0,False,0.20237402120821657,0.08872763329394928,107168969.18066669,102687927.44408333,12888743.332892839,False
2016-07-01,2016,7,3,201607,X,exports,USA,United States,85,"Electrical machinery and equipment and parts thereof; sound recorders and reproducers; television image and sound recorders and reproducers, parts and accessories of such articles",82481285.571,82481285.571,0.0,False,-0.3032301217911829,-0.11859183807177232,99770124.85066666,101763118.74166667,13955738.905903123,False
2016-08-01,2016,8,3,201608,X,exports,USA,United States,85,"Electrical machinery and equipment and parts thereof; sound recorders and reproducers; television image and sound recorders and reproducers, parts and accessories of such articles",111661578.588,111661578.588,0.0,False,0.3537807736020502,0.006839601033140186,104173172.13633333,101826329.79066665,14002540.100438856,False
2016-09-01,2016,9,3,201609,X,exports,USA,United States,85,"Electrical machinery and equipment and parts thereof; sound recorders and reproducers; television image and sound recorders and reproducers, parts and accessories of such articles",133334239.954,133334239.954,0.0,False,0.19409237841752236,0.10614904774360845,109159034.70433332,102892589.24816667,15913742.359308796,False
2016-10-01,2016,10,4,201610,X,exports,USA,United States,85,"Electrical machinery and equipment and parts thereof; sound recorders and reproducers; television image and sound recorders and reproducers, parts and accessories of such articles",118641261.895,118641261.895,0.0,False,-0.11019658614373207,-0.03709225319911147,121212360.14566667,102511740.04941666,15430616.250427414,False
2016-11-01,2016,11,4,201611,X,exports,USA,United States,85,"Electrical machinery and equipment and parts thereof; sound recorders and reproducers; television image and sound recorders and reproducers, parts and accessories of such articles",99104668.472,99104668.472,0.0,False,-0.16466946752716005,0.03272171997946227,117026723.44033332,102773417.12625001,15335827.785609769,False
2016-12-01,2016,12,4,201612,X,exports,USA,United States,85,"Electrical machinery and equipment and parts thereof; sound recorders and reproducers; television image and sound recorders and reproducers, parts and accessories of such articles",94423220.104,94423220.104,0.0,False,-0.04723741515085789,-0.02779306001779358,104056383.49033333,102548472.71408331,15445652.751761714,False
2017-01-01,2017,1,1,201701,X,exports,USA,United States,85,"Electrical machinery and equipment and parts thereof; sound recorders and reproducers; television image and sound recorders and reproducers, parts and accessories of such articles",103662235.43,103662235.43,0.0,False,0.09784685711654317,0.23588819085604107,99063374.66866668,104197266.49633332,14283600.17360506,False
2017-02-01,2017,2,1,201702,X,exports,USA,United States,85,"Electrical machinery and equipment and parts thereof; sound recorders and reproducers; television image and sound recorders and reproducers, parts and accessories of such articles",100047402.07,100047402.07,0.0,False,-0.034871265750785474,0.13469343365965303,99377619.20133333,105186941.16041668,13459940.80085904,False
2017-03-01,2017,3,1,201703,X,exports,USA,United States,85,"Electrical machinery and equipment and parts thereof; sound recorders and reproducers; television image and sound recorders and reproducers, parts and accessories of such articles",103746860.74,103746860.74,0.0,False,0.0369770588086995,0.06537619763412295,102485499.41333334,105717471.69716667,13248072.714724764,False
2017-04-01,2017,4,2,201704,X,exports,USA,United States,85,"Electrical machinery and equipment and parts thereof; sound recorders and reproducers; television image and sound recorders and reproducers, parts and accessories of such articles",80813396.7,80813396.7,,False,-0.22105212510934225,-0.22797974001620258,94869219.83666666,103728769.87541665,15082496.14858219,False
2017-05-01,2017,5,2,201705,X,exports,USA,United States,85,"Electrical machinery and equipment and parts thereof; sound recorders and reproducers; television image and sound recorders and reproducers, parts and accessories of such articles",88867398.37,88867398.37,0.0,False,0.0996617145038281,-0.09735704548572066,91142551.93666667,102930016.67866667,15631155.31800421,False
2017-06-01,2017,6,2,201706,X,exports,USA,United States,85,"Electrical machinery and equipment and parts thereof; sound recorders and reproducers; television image and sound recorders and reproducers, parts and accessories of such articles",67429564.45,67429564.45,,False,-0.24123395433208739,-0.4303812181848553,79036786.50666666,98684426.02866668,17819923.121681783,False
2017-07-01,2017,7,3,201707,X,exports,USA,United States,85,"Electrical machinery and equipment and parts thereof; sound recorders and reproducers; television image and sound recorders and reproducers, parts and accessories of such articles",70981579.12,70981579.12,0.0,False,0.052677407884398786,-0.13942200793052661,75759513.98,97726117.15775,19038076.574300814,False
2017-08-01,2017,8,3,201708,X,exports,USA,United States,85,"Electrical machinery and equipment and parts thereof; sound recorders and reproducers; television image and sound recorders and reproducers, parts and accessories of such articles",95096915.72,95096915.72,0.0,False,0.3397407735777631,-0.14834702390442622,77836019.76333334,96345728.58541666,18529538.824995317,False
2017-09-01,2017,9,3,201709,X,exports,USA,United States,85,"Electrical machinery and equipment and parts thereof; sound recorders and reproducers; television image and sound recorders and reproducers, parts and accessories of such articles",89809232.41,89809232.41,0.0,False,-0.05560309995298762,-0.32643533693232907,85295909.08333333,92718644.62341666,14439493.984824922,False
2017-10-01,2017,10,4,201710,X,exports,USA,United States,85,"Electrical machinery and equipment and parts thereof; sound recorders and reproducers; television image and sound recorders and reproducers, parts and accessories of such articles",81718719.6,81718719.6,0.0,False,-0.09008553567260136,-0.31121164513301647,88874955.91000001,89641766.09883332,12168883.338502945,False
2017-11-01,2017,11,4,201711,X,exports,USA,United States,85,"Electrical machinery and equipment and parts thereof; sound recorders and reproducers; television image and sound recorders and reproducers, parts and accessories of such articles",72541014.92,72541014.92,0.0,False,-0.11230847381020381,-0.2680363494632447,81356322.30999999,87428128.30283333,12695689.321472181,False
2017-12-01,2017,12,4,201712,X,exports,USA,United States,85,"Electrical machinery and equipment and parts thereof; sound recorders and reproducers; television image and sound recorders and reproducers, parts and accessories of such articles",67112395.47,67112395.47,0.0,False,-0.07483517367363579,-0.2892384373665631,73790709.99666665,85152226.25,13733259.992375487,False
2018-01-01,2018,1,1,201801,X,exports,USA,United States,85,"Electrical machinery and equipment and parts thereof; sound recorders and reproducers; television image and sound recorders and reproducers, parts and accessories of such articles",72314230.0,72314230.0,0.0,False,0.07750929606327772,-0.30240526166511594,70655880.13,82539892.46416666,12844981.27805015,False
2018-02-01,2018,2,1,201802,X,exports,USA,United States,85,"Electrical machinery and equipment and parts thereof; sound recorders and reproducers; television image and sound recorders and reproducers, parts and accessories of such articles",62961534.45,62961534.45,0.0,False,-0.12933409579276445,-0.3706829648015466,67462719.97333334,79449403.49583334,12710463.583348475,False
2018-03-01,2018,3,1,201803,X,exports,USA,United States,85,"Electrical machinery and equipment and parts thereof; sound recorders and reproducers; television image and sound recorders and reproducers, parts and accessories of such articles",70370019.74,70370019.74,0.0,False,0.11766684777804026,-0.3217142259720581,68548594.73,76668000.07916667,10341219.59924786,False
2018-04-01,2018,4,2,201804,X,exports,USA,United States,85,"Electrical machinery and equipment and parts thereof; sound recorders and reproducers; television image and sound recorders and reproducers, parts and accessories of such articles",61216357.89,61216357.89,0.0,False,-0.13007900074236922,-0.24249740278519938,64849304.02666666,75034913.51166667,11143340.135594975,False
2018-05-01,2018,5,2,201805,X,exports,USA,United States,85,"Electrical machinery and equipment and parts thereof; sound recorders and reproducers; television image and sound recorders and reproducers, parts and accessories of such articles",79253122.68,79253122.68,0.0,False,0.2946396259380599,-0.10818675764503527,70279833.43666667,74233723.87083332,10377717.021221377,False
2018-06-01,2018,6,2,201806,X,exports,USA,United States,85,"Electrical machinery and equipment and parts thereof; sound recorders and reproducers; television image and sound recorders and reproducers, parts and accessories of such articles",58234612.26,58234612.26,0.0,False,-0.2652073471586269,-0.1363638081455827,66234697.60999999,73467477.855,11230221.028054161,False
2018-07-01,2018,7,3,201807,X,exports,USA,United States,85,"Electrical machinery and equipment and parts thereof; sound recorders and reproducers; television image and sound recorders and reproducers, parts and accessories of such articles",77213071.05,77213071.05,0.0,False,0.3258965425109537,0.0877902690705874,71566935.33,73986768.84916668,11248880.049105223,False
2018-08-01,2018,8,3,201808,X,exports,USA,United States,85,"Electrical machinery and equipment and parts thereof; sound recorders and reproducers; television image and sound recorders and reproducers, parts and accessories of such articles",79302599.43,79302599.43,0.0,False,0.027061847839816133,-0.16608652520870626,71583427.58,72670575.825,9311487.093830647,False
2018-09-01,2018,9,3,201809,X,exports,USA,United States,85,"Electrical machinery and equipment and parts thereof; sound recorders and reproducers; television image and sound recorders and reproducers, parts and accessories of such articles",73052137.31,73052137.31,0.0,False,-0.07881787185951272,-0.18658543949579665,76522602.59666668,71274151.23333333,7608331.144392469,False
2018-10-01,2018,10,4,201810,X,exports,USA,United States,85,"Electrical machinery and equipment and parts thereof; sound recorders and reproducers; television image and sound recorders and reproducers, parts and accessories of such articles",65568777.36,65568777.36,0.0,False,-0.10243861748006133,-0.19762842980227013,72641171.36666667,69928322.71333332,6996628.8027335815,False
2018-11-01,2018,11,4,201811,X,exports,USA,United States,85,"Electrical machinery and equipment and parts thereof; sound recorders and reproducers; television image and sound recorders and reproducers, parts and accessories of such articles",64124435.4,64124435.4,0.0,False,-0.02202789220957957,-0.11602511392047676,67581783.35666667,69226941.08666667,7131471.056840178,False
2018-12-01,2018,12,4,201812,X,exports,USA,United States,85,"Electrical machinery and equipment and parts thereof; sound recorders and reproducers; television image and sound recorders and reproducers, parts and accessories of such articles",66562542.4,66562542.4,0.0,False,0.03802149656042042,-0.008193018087780723,65418585.053333335,69181119.9975,7148039.757418804,False
2019-01-01,2019,1,1,201901,X,exports,USA,United States,85,"Electrical machinery and equipment and parts thereof; sound recorders and reproducers; television image and sound recorders and reproducers, parts and accessories of such articles",71927065.735,71927065.735,0.0,False,0.08059372646499163,-0.005353915335888915,67538014.51166667,69148856.30875,7133471.324220426,False
2019-02-01,2019,2,1,201902,X,exports,USA,United States,85,"Electrical machinery and equipment and parts thereof; sound recorders and reproducers; television image and sound recorders and reproducers, parts and accessories of such articles",65741524.78,65741524.78,0.0,False,-0.0859974043399645,0.044153789361783824,68077044.30499999,69380522.16958334,6957229.542506432,False
2019-03-01,2019,3,1,201903,X,exports,USA,United States,85,"Electrical machinery and equipment and parts thereof; sound recorders and reproducers; television image and sound recorders and reproducers, parts and accessories of such articles",84840575.001,84840575.001,0.0,False,0.2905172991486553,0.20563523094728642,74169721.83866666,70586401.77466667,8273824.292326588,False
2019-04-01,2019,4,2,201904,X,exports,USA,United States,85,"Electrical machinery and equipment and parts thereof; sound recorders and reproducers; television image and sound recorders and reproducers, parts and accessories of such articles",76826211.285,76826211.285,0.0,False,-0.09446380715719505,0.25499480748347403,75802770.35533333,71887222.89091666,7884678.618170083,False
2019-05-01,2019,5,2,201905,X,exports,USA,United States,85,"Electrical machinery and equipment and parts thereof; sound recorders and reproducers; television image and sound recorders and reproducers, parts and accessories of such articles",93715124.614,93715124.614,0.0,False,0.2198326983267167,0.1824786386322359,85127303.63333333,73092389.71875,9948144.710378554,True
2019-06-01,2019,6,2,201906,X,exports,USA,United States,85,"Electrical machinery and equipment and parts thereof; sound recorders and reproducers; television image and sound recorders and reproducers, parts and accessories of such articles",61981682.916,61981682.916,0.0,False,-0.33861601132907604,0.06434439091429778,77507672.93833333,73404645.60675,9487530.690968726,False
2019-07-01,2019,7,3,201907,X,exports,USA,United States,85,"Electrical machinery and equipment and parts thereof; sound recorders and reproducers; television image and sound recorders and reproducers, parts and accessories of such articles",100412562.461,100412562.461,0.0,False,0.6200360773856854,0.3004606745401561,85369789.997,75337936.55766666,12285311.726430729,True
2019-08-01,2019,8,3,201908,X,exports,USA,United States,85,"Electrical machinery and equipment and parts thereof; sound recorders and reproducers; television image and sound recorders and reproducers, parts and accessories of such articles",96922503.191,96922503.191,0.0,False,-0.0347571975504114,0.22218570245673974,86438916.18933332,76806261.87108333,13765969.043315234,False
2019-09-01,2019,9,3,201909,X,exports,USA,United States,85,"Electrical machinery and equipment and parts thereof; sound recorders and reproducers; television image and sound recorders and reproducers, parts and accessories of such articles",93874235.73,93874235.73,0.0,False,-0.03145056473616803,0.2850306532667277,97069767.12733333,78541436.73941666,14540267.720621532,False
2019-10-01,2019,10,4,201910,X,exports,USA,United States,85,"Electrical machinery and equipment and parts thereof; sound recorders and reproducers; television image and sound recorders and reproducers, parts and accessories of such articles",110073159.135,110073159.135,0.0,False,0.17255984327362373,0.6787435051694246,100289966.01866667,82250135.22066666,16477310.934683612,False
2019-11-01,2019,11,4,201911,X,exports,USA,United States,85,"Electrical machinery and equipment and parts thereof; sound recorders and reproducers; television image and sound recorders and reproducers, parts and accessories of such articles",118832009.73,118832009.73,0.0,False,0.07957299185224298,0.8531470723873229,107593134.86500001,86809099.74816667,18455849.50359381,False
2019-12-01,2019,12,4,201912,X,exports,USA,United States,85,"Electrical machinery and equipment and parts thereof; sound recorders and reproducers; television image and sound recorders and reproducers, parts and accessories of such articles",135343179.467,135343179.467,0.0,False,0.13894547247425404,1.0333234667280378,121416116.11066668,92540819.50375001,21946639.136603545,False
2020-01-01,2020,1,1,202001,X,exports,USA,United States,85,"Electrical machinery and equipment and parts thereof; sound recorders and reproducers; television image and sound recorders and reproducers, parts and accessories of such articles",148613068.118,148613068.118,0.0,False,0.09804623109386545,1.066163364226942,134262752.43833336,98931319.70233333,26159150.962865345,False
2020-02-01,2020,2,1,202002,X,exports,USA,United States,85,"Electrical machinery and equipment and parts thereof; sound recorders and reproducers; television image and sound recorders and reproducers, parts and accessories of such articles",161825304.801,161825304.801,0.0,False,0.0889035994634697,1.4615386598126299,148593850.79533336,106938301.37075,29560512.327061966,False
2020-03-01,2020,3,1,202003,X,exports,USA,United States,85,"Electrical machinery and equipment and parts thereof; sound recorders and reproducers; television image and sound recorders and reproducers, parts and accessories of such articles",142496677.466,142496677.466,0.0,False,-0.119441315798965,0.6795817032630955,150978350.12833333,111742976.57616667,30318210.14938736,False
2020-04-01,2020,4,2,202004,X,exports,USA,United States,85,"Electrical machinery and equipment and parts thereof; sound recorders and reproducers; television image and sound recorders and reproducers, parts and accessories of such articles",126073689.334,126073689.334,0.0,False,-0.1152517267353026,0.6410244267585714,143465223.86699998,115846933.08025001,28436870.840491537,False
2020-05-01,2020,5,2,202005,X,exports,USA,United States,85,"Electrical machinery and equipment and parts thereof; sound recorders and reproducers; television image and sound recorders and reproducers, parts and accessories of such articles",106810702.24,106810702.24,0.0,False,-0.1527914919897969,0.13973814450910593,125127023.01333332,116938231.21575,27753389.96091982,False
2020-06-01,2020,6,2,202006,X,exports,USA,United States,85,"Electrical machinery and equipment and parts thereof; sound recorders and reproducers; television image and sound recorders and reproducers, parts and accessories of such articles",135047699.466,135047699.466,0.0,False,0.264364868255921,1.1788324084233386,122644030.34666665,123027065.92825,22023955.839374833,False
2020-07-01,2020,7,3,202007,X,exports,USA,United States,85,"Electrical machinery and equipment and parts thereof; sound recorders and reproducers; television image and sound recorders and reproducers, parts and accessories of such articles",168055040.862,168055040.862,0.0,False,0.24441246705065134,0.6736455752463459,136637814.18933332,128663939.12833333,24253231.508849602,False
2020-08-01,2020,8,3,202008,X,exports,USA,United States,85,"Electrical machinery and equipment and parts thereof; sound recorders and reproducers; television image and sound recorders and reproducers, parts and accessories of such articles",180562090.379,180562090.379,0.0,False,0.07442234075721843,0.8629532299962985,161221610.23566666,135633904.72733334,26239016.623928446,False
2020-09-01,2020,9,3,202009,X,exports,USA,United States,85,"Electrical machinery and equipment and parts thereof; sound recorders and reproducers; television image and sound recorders and reproducers, parts and accessories of such articles",168913678.887,168913678.887,0.0,False,-0.06451194416031614,0.799361428335114,172510270.04266667,141887191.65708333,24248291.732785333,False
2020-10-01,2020,10,4,202010,X,exports,USA,United States,85,"Electrical machinery and equipment and parts thereof; sound recorders and reproducers; television image and sound recorders and reproducers, parts and accessories of such articles",165619370.464,165619370.464,0.0,False,-0.019502910863742673,0.5046299367212213,171698379.91,146516042.60116667,22886567.48638562,False
2020-11-01,2020,11,4,202011,X,exports,USA,United States,85,"Electrical machinery and equipment and parts thereof; sound recorders and reproducers; television image and sound recorders and reproducers, parts and accessories of such articles",144827413.978,144827413.978,0.0,False,-0.1255406081290441,0.21875759155352603,159786821.10966665,148682326.28849998,21195790.866123274,False
2020-12-01,2020,12,4,202012,X,exports,USA,United States,85,"Electrical machinery and equipment and parts thereof; sound recorders and reproducers; television image and sound recorders and reproducers, parts and accessories of such articles",159024540.478,159024540.478,0.0,False,0.09802789478901164,0.1749726961067446,156490441.64,150655773.03941667,20941849.589054283,False
2021-01-01,2021,1,1,202101,X,exports,USA,United States,85,"Electrical machinery and equipment and parts thereof; sound recorders and reproducers; television image and sound recorders and reproducers, parts and accessories of such articles",150610850.318,150610850.318,,False,-0.05290812433546366,0.013442843387189374,151487601.5913333,150822254.88941666,20932073.012256205,False
2021-02-01,2021,2,1,202102,X,exports,USA,United States,85,"Electrical machinery and equipment and parts thereof; sound recorders and reproducers; television image and sound recorders and reproducers, parts and accessories of such articles",153826778.601,153826778.601,,False,0.021352567070764827,-0.049426918798861186,154487389.799,150155711.03941664,20675627.226769533,False
2021-03-01,2021,3,1,202103,X,exports,USA,United States,85,"Electrical machinery and equipment and parts thereof; sound recorders and reproducers; television image and sound recorders and reproducers, parts and accessories of such articles",167357868.18,167357868.18,,False,0.08796316026416506,0.17446856415253587,157265165.69966665,152227476.93225,21080029.37176188,False
2021-04-01,2021,4,2,202104,X,exports,USA,United States,85,"Electrical machinery and equipment and parts thereof; sound recorders and reproducers; television image and sound recorders and reproducers, parts and accessories of such articles",162592838.075,162592838.075,,False,-0.028472100874725736,0.28966510723940053,161259161.61866668,155270739.32733333,19540928.55167677,False
2021-05-01,2021,5,2,202105,X,exports,USA,United States,85,"Electrical machinery and equipment and parts thereof; sound recorders and reproducers; television image and sound recorders and reproducers, parts and accessories of such articles",132442554.115,132442554.115,,False,-0.18543426830456344,0.2399745656330028,154131086.79,157406726.9835833,14517476.307259174,False
2021-06-01,2021,6,2,202106,X,exports,USA,United States,85,"Electrical machinery and equipment and parts thereof; sound recorders and reproducers; television image and sound recorders and reproducers, parts and accessories of such articles",160494406.75,160494406.75,,False,0.2118039237648841,0.18842755104026443,151843266.3133333,159527285.92391667,12699229.446290707,False
2021-07-01,2021,7,3,202107,X,exports,USA,United States,85,"Electrical machinery and equipment and parts thereof; sound recorders and reproducers; television image and sound recorders and reproducers, parts and accessories of such articles",152047299.848,152047299.848,,False,-0.052631783705446855,-0.09525296552779339,148328086.90433332,158193307.50608334,12562021.841486659,False
2021-08-01,2021,8,3,202108,X,exports,USA,United States,85,"Electrical machinery and equipment and parts thereof; sound recorders and reproducers; television image and sound recorders and reproducers, parts and accessories of such articles",165108560.558,165108560.558,,False,0.08590261532468646,-0.08558568295572477,159216755.71866667,156905513.3543333,10717045.18484812,False
2021-09-01,2021,9,3,202109,X,exports,USA,United States,85,"Electrical machinery and equipment and parts thereof; sound recorders and reproducers; television image and sound recorders and reproducers, parts and accessories of such articles",182471774.322,182471774.322,,False,0.10516240772325425,0.08026641491877107,166542544.90933332,158035354.64058334,12640212.875280127,False
2021-10-01,2021,10,4,202110,X,exports,USA,United States,85,"Electrical machinery and equipment and parts thereof; sound recorders and reproducers; television image and sound recorders and reproducers, parts and accessories of such articles",169874122.916,169874122.916,,False,-0.06903890452541694,0.0256899446005614,172484819.26533332,158389917.34491667,12928669.19464399,False
2021-11-01,2021,11,4,202111,X,exports,USA,United States,85,"Electrical machinery and equipment and parts thereof; sound recorders and reproducers; television image and sound recorders and reproducers, parts and accessories of such articles",202091809.36,202091809.36,,False,0.18965623422191924,0.3953974859393594,184812568.86600003,163161950.29341668,17297665.752064116,True
2021-12-01,2021,12,4,202112,X,exports,USA,United States,85,"Electrical machinery and equipment and parts thereof; sound recorders and reproducers; television image and sound recorders and reproducers, parts and accessories of such articles",253839780.872,253839780.872,,False,0.2560616962947657,0.596230242885796,208601904.38266668,171063220.32625,31257714.140306108,True
2022-01-01,2022,1,1,202201,X,exports,USA,United States,85,"Electrical machinery and equipment and parts thereof; sound recorders and reproducers; television image and sound recorders and reproducers, parts and accessories of such articles",197827149.134,197827149.134,,False,-0.2206613618463713,0.31349865375773023,217919579.7886667,174997911.89425,31420489.11646447,False
2022-02-01,2022,2,1,202202,X,exports,USA,United States,85,"Electrical machinery and equipment and parts thereof; sound recorders and reproducers; television image and sound recorders and reproducers, parts and accessories of such articles",240620963.998,240620963.998,,False,0.2163192213572931,0.5642332641063039,230762631.33466664,182230760.67733335,35789939.37326271,False
2022-03-01,2022,3,1,202203,X,exports,USA,United States,85,"Electrical machinery and equipment and parts thereof; sound recorders and reproducers; television image and sound recorders and reproducers, parts and accessories of such articles",206867445.605,206867445.605,,False,-0.14027671501341243,0.23607839807391584,215105186.24566665,185523225.46275,36113201.79706308,False
2022-04-01,2022,4,2,202204,X,exports,USA,United States,85,"Electrical machinery and equipment and parts thereof; sound recorders and reproducers; television image and sound recorders and reproducers, parts and accessories of such articles",132240669.352,132240669.352,,False,-0.36074683493455517,-0.1866759267034831,193243026.3183333,182993878.06916666,38826248.99996863,False
2022-05-01,2022,5,2,202205,X,exports,USA,United States,85,"Electrical machinery and equipment and parts thereof; sound recorders and reproducers; television image and sound recorders and reproducers, parts and accessories of such articles",241262609.108,241262609.108,,False,0.8244206588655714,0.8216396589461077,193456908.02166668,192062215.98525,38653760.675699435,False
2022-06-01,2022,6,2,202206,X,exports,USA,United States,85,"Electrical machinery and equipment and parts thereof; sound recorders and reproducers; television image and sound recorders and reproducers, parts and accessories of such articles",242715445.34,242715445.34,,False,0.006021804362356109,0.5122984673109177,205406241.26666665,198913969.20108333,39819034.00122784,False
2022-07-01,2022,7,3,202207,X,exports,USA,United States,85,"Electrical machinery and equipment and parts thereof; sound recorders and reproducers; television image and sound recorders and reproducers, parts and accessories of such articles",267496505.02,267496505.02,,False,0.10209922835889684,0.7592979637745183,250491519.82266665,208534736.29875,41382341.16716446,False
2022-08-01,2022,8,3,202208,X,exports,USA,United States,85,"Electrical machinery and equipment and parts thereof; sound recorders and reproducers; television image and sound recorders and reproducers, parts and accessories of such articles",405091298.56,405091298.56,,False,0.5143797805123189,1.4534845267317191,305101082.97333336,228533297.79891667,67948389.2703695,True
2022-09-01,2022,9,3,202209,X,exports,USA,United States,85,"Electrical machinery and equipment and parts thereof; sound recorders and reproducers; television image and sound recorders and reproducers, parts and accessories of such articles",284638488.817,284638488.817,,False,-0.2973473144725156,0.5599042091557176,319075430.79899997,237047190.67349997,68052861.60599837,False
2022-10-01,2022,10,4,202210,X,exports,USA,United States,85,"Electrical machinery and equipment and parts thereof; sound recorders and reproducers; television image and sound recorders and reproducers, parts and accessories of such articles",357178031.004,357178031.004,,False,0.2548479739633427,1.1026041216449354,348969272.79366666,252655849.68083334,72575194.00587149,False
2022-11-01,2022,11,4,202211,X,exports,USA,United States,85,"Electrical machinery and equipment and parts thereof; sound recorders and reproducers; television image and sound recorders and reproducers, parts and accessories of such articles",298012667.699,298012667.699,,False,-0.16564670323841224,0.4746400096212191,313276395.84,260649254.54241666,71777770.1385456,False
2022-12-01,2022,12,4,202212,X,exports,USA,United States,85,"Electrical machinery and equipment and parts thereof; sound recorders and reproducers; television image and sound recorders and reproducers, parts and accessories of such articles",301723870.36,301723870.36,,False,0.012453170832148697,0.1886390278289194,318971523.02099997,264639595.33308336,72690009.59495856,False
2023-01-01,2023,1,1,202301,X,exports,USA,United States,85,"Electrical machinery and equipment and parts thereof; sound recorders and reproducers; television image and sound recorders and reproducers, parts and accessories of such articles",323113539.738,323113539.738,,False,0.07089153851990226,0.6333124202236575,307616692.59900004,275080127.88341665,71203584.57014513,False
2023-02-01,2023,2,1,202302,X,exports,USA,United States,85,"Electrical machinery and equipment and parts thereof; sound recorders and reproducers; television image and sound recorders and reproducers, parts and accessories of such articles",420380100.245,420380100.245,,False,0.3010290456595215,0.7470634863240517,348405836.781,290060055.904,81464618.13270867,False
2023-03-01,2023,3,1,202303,X,exports,USA,United States,85,"Electrical machinery and equipment and parts thereof; sound recorders and reproducers; television image and sound recorders and reproducers, parts and accessories of such articles",260858869.704,260858869.704,,False,-0.3794690339719461,0.2609952665152213,334784169.89566666,294559341.24558336,77863575.40695162,False
2023-04-01,2023,4,2,202304,X,exports,USA,United States,85,"Electrical machinery and equipment and parts thereof; sound recorders and reproducers; television image and sound recorders and reproducers, parts and accessories of such articles",287848067.596,287848067.596,,False,0.10346283384047861,1.1766985073994305,323029012.51500005,307526624.43258333,59060819.866531014,False
2023-05-01,2023,5,2,202305,X,exports,USA,United States,85,"Electrical machinery and equipment and parts thereof; sound recorders and reproducers; television image and sound recorders and reproducers, parts and accessories of such articles",307946663.419,307946663.419,,False,0.06982362602207481,0.27639614177076743,285551200.2396667,313083628.9585,55275079.03910789,False
2023-06-01,2023,6,2,202306,X,exports,USA,United States,85,"Electrical machinery and equipment and parts thereof; sound recorders and reproducers; television image and sound recorders and reproducers, parts and accessories of such articles",291222143.272,291222143.272,,False,-0.0543097949538236,0.19985006666572458,295672291.429,317125853.78616667,51291365.835995436,False
2023-07-01,2023,7,3,202307,X,exports,USA,United States,85,"Electrical machinery and equipment and parts thereof; sound recorders and reproducers; television image and sound recorders and reproducers, parts and accessories of such articles",321252168.238,321252168.238,,False,0.10311724454947124,0.20095837593833532,306806991.64299995,321605492.38766664,48852276.92706222,False
2023-08-01,2023,8,3,202308,X,exports,USA,United States,85,"Electrical machinery and equipment and parts thereof; sound recorders and reproducers; television image and sound recorders and reproducers, parts and accessories of such articles",256357778.259,256357778.259,,False,-0.20200451979805134,-0.36716049154773533,289610696.58966666,309211032.36258334,44411205.86022618,False
2023-09-01,2023,9,3,202309,X,exports,USA,United States,85,"Electrical machinery and equipment and parts thereof; sound recorders and reproducers; television image and sound recorders and reproducers, parts and accessories of such articles",281607677.944,281607677.944,,False,0.09849476718233152,-0.010647930592930233,286405874.81366664,308958464.78983337,44571981.680164315,False
2023-10-01,2023,10,4,202310,X,exports,USA,United States,85,"Electrical machinery and equipment and parts thereof; sound recorders and reproducers; television image and sound recorders and reproducers, parts and accessories of such articles",225495930.658,225495930.658,,False,-0.19925503344109208,-0.36867357148437085,254487128.9536667,297984956.42766666,47719950.53376663,False
2023-11-01,2023,11,4,202311,X,exports,USA,United States,85,"Electrical machinery and equipment and parts thereof; sound recorders and reproducers; television image and sound recorders and reproducers, parts and accessories of such articles",248563018.977,248563018.977,,False,0.10229492058543999,-0.16593136494434302,251888875.85966668,293864152.3675,49806795.16312105,False
2023-12-01,2023,12,4,202312,X,exports,USA,United States,85,"Electrical machinery and equipment and parts thereof; sound recorders and reproducers; television image and sound recorders and reproducers, parts and accessories of such articles",240894269.402,240894269.402,,False,-0.030852335180679424,-0.20160685624714259,238317739.679,288795018.95433336,51982134.396316156,False
2024-01-01,2024,1,1,202401,X,exports,USA,United States,85,"Electrical machinery and equipment and parts thereof; sound recorders and reproducers; television image and sound recorders and reproducers, parts and accessories of such articles",287885544.614,287885544.614,,False,0.19507012486702968,-0.10902667573932356,259114277.66433334,285859352.694,50850238.13160965,False
2024-02-01,2024,2,1,202402,X,exports,USA,United States,85,"Electrical machinery and equipment and parts thereof; sound recorders and reproducers; television image and sound recorders and reproducers, parts and accessories of such articles",330284080.359,330284080.359,,False,0.1472756674943454,-0.21432037299932005,286354631.4583333,278351351.03683335,32535990.894388195,False
2024-03-01,2024,3,1,202403,X,exports,USA,United States,85,"Electrical machinery and equipment and parts thereof; sound recorders and reproducers; television image and sound recorders and reproducers, parts and accessories of such articles",425135416.467,425135416.467,,False,0.2871810715336385,0.6297525821123382,347768347.1466667,292041063.26708335,52773249.11865865,True
2024-04-01,2024,4,2,202404,X,exports,USA,United States,85,"Electrical machinery and equipment and parts thereof; sound recorders and reproducers; television image and sound recorders and reproducers, parts and accessories of such articles",289481292.158,289481292.158,,False,-0.319084505911847,0.005673911850929025,348300262.99466664,292177165.3139167,52763557.48066291,False
2024-05-01,2024,5,2,202405,X,exports,USA,United States,85,"Electrical machinery and equipment and parts thereof; sound recorders and reproducers; television image and sound recorders and reproducers, parts and accessories of such articles",348031387.745,348031387.745,,False,0.20225865081133865,0.13016775009333248,354216032.1233334,295517559.00775,55071062.61310719,False
2024-06-01,2024,6,2,202406,X,exports,USA,United States,85,"Electrical machinery and equipment and parts thereof; sound recorders and reproducers; television image and sound recorders and reproducers, parts and accessories of such articles",275270829.872,275270829.872,,False,-0.20906320646662802,-0.054773696878886,304261169.925,294188282.8910833,55375837.40809533,False
2024-07-01,2024,7,3,202407,X,exports,USA,United States,85,"Electrical machinery and equipment and parts thereof; sound recorders and reproducers; television image and sound recorders and reproducers, parts and accessories of such articles",343353490.254,343353490.254,,False,0.24732973128194602,0.06879742520407284,322218569.29033333,296030059.72575,56709286.61899524,False
2024-08-01,2024,8,3,202408,X,exports,USA,United States,85,"Electrical machinery and equipment and parts thereof; sound recorders and reproducers; television image and sound recorders and reproducers, parts and accessories of such articles",466816748.615,466816748.615,,False,0.3595806125916079,0.8209580055861301,361813689.5803333,313568307.2554167,73409496.99845196,True
2024-09-01,2024,9,3,202409,X,exports,USA,United States,85,"Electrical machinery and equipment and parts thereof; sound recorders and reproducers; television image and sound recorders and reproducers, parts and accessories of such articles",323461263.781,323461263.781,,False,-0.3070915627156091,0.14862373832478726,377877167.55,317056106.07516664,72744202.28117758,False
2024-10-01,2024,10,4,202410,X,exports,USA,United States,85,"Electrical machinery and equipment and parts thereof; sound recorders and reproducers; television image and sound recorders and reproducers, parts and accessories of such articles",399190449.741,399190449.741,,False,0.23412134446884658,0.7702778430464674,396489487.379,331530649.33208334,70102226.963597,False
2024-11-01,2024,11,4,202411,X,exports,USA,United States,85,"Electrical machinery and equipment and parts thereof; sound recorders and reproducers; television image and sound recorders and reproducers, parts and accessories of such articles",366230605.433,366230605.433,,False,-0.08256671553486494,0.47339136344690136,362960772.98499995,341336281.53675,65521820.56334139,False
2024-12-01,2024,12,4,202412,X,exports,USA,United States,85,"Electrical machinery and equipment and parts thereof; sound recorders and reproducers; television image and sound recorders and reproducers, parts and accessories of such articles",385483801.017,385483801.017,,False,0.05257123598732738,0.6002198888912198,383634952.06366664,353385409.1713333,58264620.96863817,False
2015-01-01,2015,1,1,201501,M,imports,USA,United States,85,"Electrical machinery and equipment and parts thereof; sound recorders and reproducers; television image and sound recorders and reproducers, parts and accessories of such articles",47778293.0,0.0,47778293.0,False,,,47778293.0,,,False
2015-02-01,2015,2,1,201502,M,imports,USA,United States,85,"Electrical machinery and equipment and parts thereof; sound recorders and reproducers; television image and sound recorders and reproducers, parts and accessories of such articles",45693862.0,0.0,45693862.0,False,-0.0436271551183296,,46736077.5,,,False
2015-03-01,2015,3,1,201503,M,imports,USA,United States,85,"Electrical machinery and equipment and parts thereof; sound recorders and reproducers; television image and sound recorders and reproducers, parts and accessories of such articles",32836954.0,0.0,32836954.0,False,-0.28137057007788047,,42103036.333333336,,,False
2015-04-01,2015,4,2,201504,M,imports,USA,United States,85,"Electrical machinery and equipment and parts thereof; sound recorders and reproducers; television image and sound recorders and reproducers, parts and accessories of such articles",51313288.0,0.0,51313288.0,False,0.5626689369543838,,43281368.0,,,False
2015-05-01,2015,5,2,201505,M,imports,USA,United States,85,"Electrical machinery and equipment and parts thereof; sound recorders and reproducers; television image and sound recorders and reproducers, parts and accessories of such articles",38388674.0,0.0,38388674.0,False,-0.2518765509627837,,40846305.333333336,,,False
2015-06-01,2015,6,2,201506,M,imports,USA,United States,85,"Electrical machinery and equipment and parts thereof; sound recorders and reproducers; television image and sound recorders and reproducers, parts and accessories of such articles",78335132.0,0.0,78335132.0,False,1.040579260434992,,56012364.666666664,49057700.5,15824972.08014884,False
2015-07-01,2015,7,3,201507,M,imports,USA,United States,85,"Electrical machinery and equipment and parts thereof; sound recorders and reproducers; television image and sound recorders and reproducers, parts and accessories of such articles",32607086.0,0.0,32607086.0,False,-0.5837488854936761,,49776964.0,46707612.71428572,15727423.16206058,False
2015-08-01,2015,8,3,201508,M,imports,USA,United States,85,"Electrical machinery and equipment and parts thereof; sound recorders and reproducers; television image and sound recorders and reproducers, parts and accessories of such articles",31114953.0,0.0,31114953.0,False,-0.04576100421853091,,47352390.333333336,44758530.25,15569432.934237052,False
2015-09-01,2015,9,3,201509,M,imports,USA,United States,85,"Electrical machinery and equipment and parts thereof; sound recorders and reproducers; television image and sound recorders and reproducers, parts and accessories of such articles",33848896.0,0.0,33848896.0,False,0.0878658887898689,,32523645.0,43546348.666666664,15011022.429393167,False
2015-10-01,2015,10,4,201510,M,imports,USA,United States,85,"Electrical machinery and equipment and parts thereof; sound recorders and reproducers; television image and sound recorders and reproducers, parts and accessories of such articles",33362856.0,0.0,33362856.0,False,-0.014359109378338397,,32775568.333333332,42527999.4,14514282.336178796,False
2015-11-01,2015,11,4,201511,M,imports,USA,United States,85,"Electrical machinery and equipment and parts thereof; sound recorders and reproducers; television image and sound recorders and reproducers, parts and accessories of such articles",87792608.0,0.0,87792608.0,False,1.6314476194723855,,51668120.0,46642963.81818182,19387114.441112876,True
2015-12-01,2015,12,4,201512,M,imports,USA,United States,85,"Electrical machinery and equipment and parts thereof; sound recorders and reproducers; television image and sound recorders and reproducers, parts and accessories of such articles",52657659.0,0.0,52657659.0,False,-0.4002039556678849,,57937707.666666664,47144188.416666664,18566254.59972705,False
2016-01-01,2016,1,1,201601,M,imports,USA,United States,85,"Electrical machinery and equipment and parts thereof; sound recorders and reproducers; television image and sound recorders and reproducers, parts and accessories of such articles",32065666.0,0.0,32065666.0,False,-0.39105409148553305,-0.3288653908167042,57505311.0,45834802.833333336,19064840.96411737,False
2016-02-01,2016,2,1,201602,M,imports,USA,United States,85,"Electrical machinery and equipment and parts thereof; sound recorders and reproducers; television image and sound recorders and reproducers, parts and accessories of such articles",21340411.0,0.0,21340411.0,False,-0.3344778492983742,-0.5329698549008617,35354578.666666664,43805348.583333336,20335103.82473487,False
2016-03-01,2016,3,1,201603,M,imports,USA,United States,85,"Electrical machinery and equipment and parts thereof; sound recorders and reproducers; television image and sound recorders and reproducers, parts and accessories of such articles",29088898.0,0.0,29088898.0,False,0.3630898673882148,-0.11414140300589393,27498325.0,43493010.583333336,20546573.483211886,False
2016-04-01,2016,4,2,201604,M,imports,USA,United States,85,"Electrical machinery and equipment and parts thereof; sound recorders and reproducers; television image and sound recorders and reproducers, parts and accessories of such articles",25632677.0,0.0,25632677.0,False,-0.11881581076051762,-0.5004670719989723,25353995.333333332,41352959.666666664,20990594.133032084,False
2016-05-01,2016,5,2,201605,M,imports,USA,United States,85,"Electrical machinery and equipment and parts thereof; sound recorders and reproducers; television image and sound recorders and reproducers, parts and accessories of such articles",23780891.0,0.0,23780891.0,False,-0.07224317616142861,-0.3805232501648793,26167488.666666668,40135644.416666664,21593062.424037836,False
2016-06-01,2016,6,2,201606,M,imports,USA,United States,85,"Electrical machinery and equipment and parts thereof; sound recorders and reproducers; television image and sound recorders and reproducers, parts and accessories of such articles",20822319.0,0.0,20822319.0,False,-0.1244096362915923,-0.7341892651690431,23411962.333333332,35342910.0,18505585.992266215,False
2016-07-01,2016,7,3,201607,M,imports,USA,United States,85,"Electrical machinery and equipment and parts thereof; sound recorders and reproducers; television image and sound recorders and reproducers, parts and accessories of such articles",19837742.0,0.0,19837742.0,False,-0.04728469485075126,-0.391612547039622,21480317.333333332,34278798.0,19036714.12549845,False
2016-08-01,2016,8,3,201608,M,imports,USA,United States,85,"Electrical machinery and equipment and parts thereof; sound recorders and reproducers; television image and sound recorders and reproducers, parts and accessories of such articles",30313894.0,0.0,30313894.0,False,0.5280919572398914,-0.025745145750340703,23657985.0,34212043.083333336,19050216.905407656,False
2016-09-01,2016,9,3,201609,M,imports,USA,United States,85,"Electrical machinery and equipment and parts thereof; sound recorders and reproducers; television image and sound recorders and reproducers, parts and accessories of such articles",32453558.0,0.0,32453558.0,False,0.07058360763549554,-0.04122255567803457,27535064.666666668,34095764.916666664,19056892.22067231,False
2016-10-01,2016,10,4,201610,M,imports,USA,United States,85,"Electrical machinery and equipment and parts thereof; sound recorders and reproducers; television image and sound recorders and reproducers, parts and accessories of such articles",31273665.0,0.0,31273665.0,False,-0.03635635266863502,-0.06262026848061208,31347039.0,33921665.666666664,19073732.337448325,False
2016-11-01,2016,11,4,201611,M,imports,USA,United States,85,"Electrical machinery and equipment and parts thereof; sound recorders and reproducers; television image and sound recorders and reproducers, parts and accessories of such articles",29676425.0,0.0,29676425.0,False,-0.051073003435958,-0.6619712561677175,31134549.333333332,29078650.416666668,8719705.989531815,False
2016-12-01,2016,12,4,201612,M,imports,USA,United States,85,"Electrical machinery and equipment and parts thereof; sound recorders and reproducers; television image and sound recorders and reproducers, parts and accessories of such articles",22792106.0,0.0,22792106.0,False,-0.23197939104861853,-0.5671644650970906,27914065.333333332,26589854.333333332,4725056.243816092,False
2017-01-01,2017,1,1,201701,M,imports,USA,United States,85,"Electrical machinery and equipment and parts thereof; sound recorders and reproducers; television image and sound recorders and reproducers, parts and accessories of such articles",24949151.0,0.0,24949151.0,False,0.09464000386800597,-0.2219356678885135,25805894.0,25996811.416666668,4411500.639203133,False
2017-02-01,2017,2,1,201702,M,imports,USA,United States,85,"Electrical machinery and equipment and parts thereof; sound recorders and reproducers; television image and sound recorders and reproducers, parts and accessories of such articles",19315194.0,0.0,19315194.0,False,-0.22581758393301643,-0.09490056213069187,22352150.333333332,25828043.333333332,4638719.173313527,False
2017-03-01,2017,3,1,201703,M,imports,USA,United States,85,"Electrical machinery and equipment and parts thereof; sound recorders and reproducers; television image and sound recorders and reproducers, parts and accessories of such articles",24138747.0,0.0,24138747.0,False,0.24972842623273683,-0.170173204911372,22801030.666666668,25415530.75,4541459.723534269,False
2017-04-01,2017,4,2,201704,M,imports,USA,United States,85,"Electrical machinery and equipment and parts thereof; sound recorders and reproducers; television image and sound recorders and reproducers, parts and accessories of such articles",25590356.0,,25590356.0,False,0.060136054286496377,-0.0016510565790689435,23014765.666666668,25412004.0,4541292.194397831,False
2017-05-01,2017,5,2,201705,M,imports,USA,United States,85,"Electrical machinery and equipment and parts thereof; sound recorders and reproducers; television image and sound recorders and reproducers, parts and accessories of such articles",27278804.0,0.0,27278804.0,False,0.06597985584882049,0.14708923227477055,25669302.333333332,25703496.75,4539337.948178281,False
2017-06-01,2017,6,2,201706,M,imports,USA,United States,85,"Electrical machinery and equipment and parts thereof; sound recorders and reproducers; television image and sound recorders and reproducers, parts and accessories of such articles",23291192.0,,23291192.0,False,-0.1461798691760826,0.11856858979059925,25386784.0,25909236.166666668,4349993.234837152,False
2017-07-01,2017,7,3,201707,M,imports,USA,United States,85,"Electrical machinery and equipment and parts thereof; sound recorders and reproducers; television image and sound recorders and reproducers, parts and accessories of such articles",32681809.0,0.0,32681809.0,False,0.40318318615895654,0.6474560965658289,27750601.666666668,26979575.083333332,4300148.508883489,False
2017-08-01,2017,8,3,201708,M,imports,USA,United States,85,"Electrical machinery and equipment and parts thereof; sound recorders and reproducers; television image and sound recorders and reproducers, parts and accessories of such articles",40927026.0,0.0,40927026.0,False,0.2522876564146128,0.3501078416385568,32300009.0,27864002.75,5857638.416841109,True
2017-09-01,2017,9,3,201709,M,imports,USA,United States,85,"Electrical machinery and equipment and parts thereof; sound recorders and reproducers; television image and sound recorders and reproducers, parts and accessories of such articles",29005754.0,0.0,29005754.0,False,-0.29128116956262595,-0.10623808951856684,34204863.0,27576685.75,5694336.675147167,False
2017-10-01,2017,10,4,201710,M,imports,USA,United States,85,"Electrical machinery and equipment and parts thereof; sound recorders and reproducers; television image and sound recorders and reproducers, parts and accessories of such articles",33684118.0,0.0,33684118.0,False,0.1612908942136102,0.07707612778994721,34538966.0,27777556.833333332,5876215.964509833,False
2017-11-01,2017,11,4,201711,M,imports,USA,United States,85,"Electrical machinery and equipment and parts thereof; sound recorders and reproducers; television image and sound recorders and reproducers, parts and accessories of such articles",41874903.0,0.0,41874903.0,False,0.2431645976302541,0.4110494441294732,34854925.0,28794096.666666668,7151339.890427231,False
2017-12-01,2017,12,4,201712,M,imports,USA,United States,85,"Electrical machinery and equipment and parts thereof; sound recorders and reproducers; television image and sound recorders and reproducers, parts and accessories of such articles",26750226.0,0.0,26750226.0,False,-0.36118715307830085,0.1736618810038879,34103082.333333336,29123940.0,6937423.155068895,False
2018-01-01,2018,1,1,201801,M,imports,USA,United States,85,"Electrical machinery and equipment and parts thereof; sound recorders and reproducers; television image and sound recorders and reproducers, parts and accessories of such articles",38896443.0,0.0,38896443.0,False,0.4540603507424572,0.5590287220595203,35840524.0,30286214.333333332,7331554.545169364,False
2018-02-01,2018,2,1,201802,M,imports,USA,United States,85,"Electrical machinery and equipment and parts thereof; sound recorders and reproducers; television image and sound recorders and reproducers, parts and accessories of such articles",26704647.0,0.0,26704647.0,False,-0.31344243996809684,0.3825720311170573,30783772.0,30902002.083333332,6600155.750978466,False
2018-03-01,2018,3,1,201803,M,imports,USA,United States,85,"Electrical machinery and equipment and parts thereof; sound recorders and reproducers; television image and sound recorders and reproducers, parts and accessories of such articles",33221908.0,0.0,33221908.0,False,0.2440496966688981,0.3762896640823983,32940999.333333332,31658932.166666668,6266415.835345854,False
2018-04-01,2018,4,2,201804,M,imports,USA,United States,85,"Electrical machinery and equipment and parts thereof; sound recorders and reproducers; television image and sound recorders and reproducers, parts and accessories of such articles",38842262.0,0.0,38842262.0,False,0.16917613521776054,0.5178476610485607,32922939.0,32763257.666666668,6267418.162939803,False
2018-05-01,2018,5,2,201805,M,imports,USA,United States,85,"Electrical machinery and equipment and parts thereof; sound recorders and reproducers; television image and sound recorders and reproducers, parts and accessories of such articles",31330961.0,0.0,31330961.0,False,-0.1933795977175583,0.14854599197237528,34465043.666666664,33100937.416666668,6050467.638406408,False
2018-06-01,2018,6,2,201806,M,imports,USA,United States,85,"Electrical machinery and equipment and parts thereof; sound recorders and reproducers; television image and sound recorders and reproducers, parts and accessories of such articles",25759309.0,0.0,25759309.0,False,-0.17783214501463906,0.10596782680766181,31977510.666666668,33306613.833333332,5719587.670179445,False
2018-07-01,2018,7,3,201807,M,imports,USA,United States,85,"Electrical machinery and equipment and parts thereof; sound recorders and reproducers; television image and sound recorders and reproducers, parts and accessories of such articles",32108973.0,0.0,32108973.0,False,0.24649977994363126,-0.017527671127384625,29733081.0,33258877.5,5727661.2050741445,False
2018-08-01,2018,8,3,201808,M,imports,USA,United States,85,"Electrical machinery and equipment and parts thereof; sound recorders and reproducers; television image and sound recorders and reproducers, parts and accessories of such articles",27299790.0,0.0,27299790.0,False,-0.14977691749904298,-0.3329642373721462,28389357.333333332,32123274.5,5411286.3872442255,False
2018-09-01,2018,9,3,201809,M,imports,USA,United States,85,"Electrical machinery and equipment and parts thereof; sound recorders and reproducers; television image and sound recorders and reproducers, parts and accessories of such articles",31601064.0,0.0,31601064.0,False,0.1575570361530254,0.08947569506381381,30336609.0,32339550.333333332,5326560.299940316,False
2018-10-01,2018,10,4,201810,M,imports,USA,United States,85,"Electrical machinery and equipment and parts thereof; sound recorders and reproducers; television image and sound recorders and reproducers, parts and accessories of such articles",33845604.0,0.0,33845604.0,False,0.0710273552814551,0.004794128793872421,30915486.0,32353007.5,5330468.623527489,False
2018-11-01,2018,11,4,201811,M,imports,USA,United States,85,"Electrical machinery and equipment and parts thereof; sound recorders and reproducers; television image and sound recorders and reproducers, parts and accessories of such articles",34012118.0,0.0,34012118.0,False,0.004919811742759794,-0.1877684349501657,33152928.666666668,31697775.416666668,4466919.397612746,False
2018-12-01,2018,12,4,201812,M,imports,USA,United States,85,"Electrical machinery and equipment and parts thereof; sound recorders and reproducers; television image and sound recorders and reproducers, parts and accessories of such articles",36389877.0,0.0,36389877.0,False,0.06990917178400946,0.36035774052899594,34749199.666666664,32501079.666666668,4361828.821759005,False
2019-01-01,2019,1,1,201901,M,imports,USA,United States,85,"Electrical machinery and equipment and parts thereof; sound recorders and reproducers; television image and sound recorders and reproducers, parts and accessories of such articles",34622165.0,0.0,34622165.0,False,-0.04857702596796354,-0.10988865999906472,35008053.333333336,32144889.833333332,3946885.237190783,False
2019-02-01,2019,2,1,201902,M,imports,USA,United States,85,"Electrical machinery and equipment and parts thereof; sound recorders and reproducers; television image and sound recorders and reproducers, parts and accessories of such articles",24329279.0,0.0,24329279.0,False,-0.29729180714146564,-0.0889496124026653,31780440.333333332,31946942.5,4289249.422391006,False
2019-03-01,2019,3,1,201903,M,imports,USA,United States,85,"Electrical machinery and equipment and parts thereof; sound recorders and reproducers; television image and sound recorders and reproducers, parts and accessories of such articles",30137885.0,0.0,30137885.0,False,0.23874961522698634,-0.09283100175944137,29696443.0,31689940.583333332,4298295.844891948,False
2019-04-01,2019,4,2,201904,M,imports,USA,United States,85,"Electrical machinery and equipment and parts thereof; sound recorders and reproducers; television image and sound recorders and reproducers, parts and accessories of such articles",36246074.0,0.0,36246074.0,False,0.20267477296432723,-0.06683925874347896,30237746.0,31473591.583333332,3957384.1941123777,False
2019-05-01,2019,5,2,201905,M,imports,USA,United States,85,"Electrical machinery and equipment and parts thereof; sound recorders and reproducers; television image and sound recorders and reproducers, parts and accessories of such articles",28120795.0,0.0,28120795.0,False,-0.22416990596002206,-0.10245986390267436,31501584.666666668,31206077.75,4074665.8969732895,False
2019-06-01,2019,6,2,201906,M,imports,USA,United States,85,"Electrical machinery and equipment and parts thereof; sound recorders and reproducers; television image and sound recorders and reproducers, parts and accessories of such articles",28317401.0,0.0,28317401.0,False,0.006991480859627197,0.09930747754142,30894756.666666668,31419252.083333332,3822942.3209787845,False
2019-07-01,2019,7,3,201907,M,imports,USA,United States,85,"Electrical machinery and equipment and parts thereof; sound recorders and reproducers; television image and sound recorders and reproducers, parts and accessories of such articles",47634441.0,0.0,47634441.0,False,0.6821614737877957,0.48352427840030887,34690879.0,32713041.083333332,6053802.147312705,True
2019-08-01,2019,8,3,201908,M,imports,USA,United States,85,"Electrical machinery and equipment and parts thereof; sound recorders and reproducers; television image and sound recorders and reproducers, parts and accessories of such articles",29187747.0,0.0,29187747.0,False,-0.3872553894355557,0.06915646603874981,35046529.666666664,32870370.833333332,5923459.555076069,False
2019-09-01,2019,9,3,201909,M,imports,USA,United States,85,"Electrical machinery and equipment and parts thereof; sound recorders and reproducers; television image and sound recorders and reproducers, parts and accessories of such articles",39679228.0,0.0,39679228.0,False,0.3594481273254835,0.25562949399425294,38833805.333333336,33543551.166666668,6217807.5575612355,False
2019-10-01,2019,10,4,201910,M,imports,USA,United States,85,"Electrical machinery and equipment and parts thereof; sound recorders and reproducers; television image and sound recorders and reproducers, parts and accessories of such articles",32684815.0,0.0,32684815.0,False,-0.17627391843409856,-0.03429659580015176,33850596.666666664,33446818.75,6221709.389608208,False
2019-11-01,2019,11,4,201911,M,imports,USA,United States,85,"Electrical machinery and equipment and parts thereof; sound recorders and reproducers; television image and sound recorders and reproducers, parts and accessories of such articles",28899048.0,0.0,28899048.0,False,-0.11582647783076028,-0.15033083208755182,33754363.666666664,33020729.583333332,6353169.408279083,False
2019-12-01,2019,12,4,201912,M,imports,USA,United States,85,"Electrical machinery and equipment and parts thereof; sound recorders and reproducers; television image and sound recorders and reproducers, parts and accessories of such articles",34874386.0,0.0,34874386.0,False,0.20676591145839818,-0.04164595005363714,32152749.666666668,32894438.666666668,6294903.218849162,False
2020-01-01,2020,1,1,202001,M,imports,USA,United States,85,"Electrical machinery and equipment and parts thereof; sound recorders and reproducers; television image and sound recorders and reproducers, parts and accessories of such articles",35935961.0,0.0,35935961.0,False,0.030439962441202617,0.037946673756537264,33236465.0,33003921.666666668,6338954.985393219,False
2020-02-01,2020,2,1,202002,M,imports,USA,United States,85,"Electrical machinery and equipment and parts thereof; sound recorders and reproducers; television image and sound recorders and reproducers, parts and accessories of such articles",21264961.0,0.0,21264961.0,False,-0.4082540049506398,-0.12595186236304,30691769.333333332,32748561.833333332,6767416.062418574,False
2020-03-01,2020,3,1,202003,M,imports,USA,United States,85,"Electrical machinery and equipment and parts thereof; sound recorders and reproducers; television image and sound recorders and reproducers, parts and accessories of such articles",40498459.0,0.0,40498459.0,False,0.9044689994964017,0.34377243127711177,32566460.333333332,33611943.0,7058697.213554343,False
2020-04-01,2020,4,2,202004,M,imports,USA,United States,85,"Electrical machinery and equipment and parts thereof; sound recorders and reproducers; television image and sound recorders and reproducers, parts and accessories of such articles",23415645.0,0.0,23415645.0,False,-0.42181392630272674,-0.3539812063507899,28393021.666666668,32542740.583333332,7576187.521468537,False
2020-05-01,2020,5,2,202005,M,imports,USA,United States,85,"Electrical machinery and equipment and parts thereof; sound recorders and reproducers; television image and sound recorders and reproducers, parts and accessories of such articles",22458659.0,0.0,22458659.0,False,-0.04086951266984107,-0.20135049524737836,28790921.0,32070895.916666668,8038816.290795959,False
2020-06-01,2020,6,2,202006,M,imports,USA,United States,85,"Electrical machinery and equipment and parts thereof; sound recorders and reproducers; television image and sound recorders and reproducers, parts and accessories of such articles",31012714.0,0.0,31012714.0,False,0.38088004274876797,0.09518221675781624,25629006.0,32295505.333333332,7961691.64943484,False
2020-07-01,2020,7,3,202007,M,imports,USA,United States,85,"Electrical machinery and equipment and parts thereof; sound recorders and reproducers; television image and sound recorders and reproducers, parts and accessories of such articles",22859984.0,0.0,22859984.0,False,-0.2628834741777195,-0.5200954704181371,25443785.666666668,30230967.25,6741136.7978643635,False
2020-08-01,2020,8,3,202008,M,imports,USA,United States,85,"Electrical machinery and equipment and parts thereof; sound recorders and reproducers; television image and sound recorders and reproducers, parts and accessories of such articles",23282940.0,0.0,23282940.0,False,0.018502025198267935,-0.20230430940764288,25718546.0,29738900.0,7033383.969180598,False
2020-09-01,2020,9,3,202009,M,imports,USA,United States,85,"Electrical machinery and equipment and parts thereof; sound recorders and reproducers; television image and sound recorders and reproducers, parts and accessories of such articles",37649844.0,0.0,37649844.0,False,0.6170571242291567,-0.051144745054011675,27930922.666666668,29569784.666666668,6792931.519462135,False
2020-10-01,2020,10,4,202010,M,imports,USA,United States,85,"Electrical machinery and equipment and parts thereof; sound recorders and reproducers; television image and sound recorders and reproducers, parts and accessories of such articles",34833455.0,0.0,34833455.0,False,-0.07480479865998912,0.06573817229805345,31922079.666666668,29748838.0,6909816.437210687,False
2020-11-01,2020,11,4,202011,M,imports,USA,United States,85,"Electrical machinery and equipment and parts thereof; sound recorders and reproducers; television image and sound recorders and reproducers, parts and accessories of such articles",36936373.0,0.0,36936373.0,False,0.06037064081068033,0.27811729299871746,36473224.0,30418615.083333332,7203259.965215496,False
2020-12-01,2020,12,4,202012,M,imports,USA,United States,85,"Electrical machinery and equipment and parts thereof; sound recorders and reproducers; television image and sound recorders and reproducers, parts and accessories of such articles",40196128.0,0.0,40196128.0,False,0.08825325107042858,0.15259743927821412,37321985.333333336,30862093.583333332,7652345.342237263,False
2021-01-01,2021,1,1,202101,M,imports,USA,United States,85,"Electrical machinery and equipment and parts thereof; sound recorders and reproducers; television image and sound recorders and reproducers, parts and accessories of such articles",20913345.0,,20913345.0,False,-0.4797174245240735,-0.4180385213574781,32681948.666666668,29610208.916666668,7969083.252820969,False
2021-02-01,2021,2,1,202102,M,imports,USA,United States,85,"Electrical machinery and equipment and parts thereof; sound recorders and reproducers; television image and sound recorders and reproducers, parts and accessories of such articles",26975301.0,,26975301.0,False,0.2898606607407854,0.2685328226089858,29361591.333333332,30086070.583333332,7586779.241329544,False
2021-03-01,2021,3,1,202103,M,imports,USA,United States,85,"Electrical machinery and equipment and parts thereof; sound recorders and reproducers; television image and sound recorders and reproducers, parts and accessories of such articles",16270903.0,,16270903.0,False,-0.39682218930569113,-0.5982340216945045,21386516.333333332,28067107.583333332,7785055.00357156,False
2021-04-01,2021,4,2,202104,M,imports,USA,United States,85,"Electrical machinery and equipment and parts thereof; sound recorders and reproducers; television image and sound recorders and reproducers, parts and accessories of such articles",24866094.0,,24866094.0,False,0.528255315639212,0.061943585154284664,22704099.333333332,28187978.333333332,7717235.506160857,False
2021-05-01,2021,5,2,202105,M,imports,USA,United States,85,"Electrical machinery and equipment and parts thereof; sound recorders and reproducers; television image and sound recorders and reproducers, parts and accessories of such articles",23159231.0,,23159231.0,False,-0.06864218401169075,0.03119384821685034,21432076.0,28246359.333333332,7672473.0045339,False
2021-06-01,2021,6,2,202106,M,imports,USA,United States,85,"Electrical machinery and equipment and parts thereof; sound recorders and reproducers; television image and sound recorders and reproducers, parts and accessories of such articles",27578102.0,,27578102.0,False,0.19080387427371837,-0.11074851430287591,25201142.333333332,27960141.666666668,7623802.827911207,False
2021-07-01,2021,7,3,202107,M,imports,USA,United States,85,"Electrical machinery and equipment and parts thereof; sound recorders and reproducers; television image and sound recorders and reproducers, parts and accessories of such articles",27582465.0,,27582465.0,False,0.00015820523109244533,0.2065828654998183,26106599.333333332,28353681.75,7456654.203528195,False
2021-08-01,2021,8,3,202108,M,imports,USA,United States,85,"Electrical machinery and equipment and parts thereof; sound recorders and reproducers; television image and sound recorders and reproducers, parts and accessories of such articles",24113331.0,,24113331.0,False,-0.12577316784413572,0.035665212382972156,26424632.666666668,28422881.0,7409019.694536747,False
2021-09-01,2021,9,3,202109,M,imports,USA,United States,85,"Electrical machinery and equipment and parts thereof; sound recorders and reproducers; television image and sound recorders and reproducers, parts and accessories of such articles",39631418.0,,39631418.0,False,0.6435480440259373,0.0526316656185879,30442404.666666668,28588012.166666668,7651479.577803065,False
2021-10-01,2021,10,4,202110,M,imports,USA,United States,85,"Electrical machinery and equipment and parts thereof; sound recorders and reproducers; television image and sound recorders and reproducers, parts and accessories of such articles",36906868.0,,36906868.0,False,-0.06874722473972539,0.0595236102763852,33550539.0,28760796.583333332,7826737.911918851,False
2021-11-01,2021,11,4,202111,M,imports,USA,United States,85,"Electrical machinery and equipment and parts thereof; sound recorders and reproducers; television image and sound recorders and reproducers, parts and accessories of such articles",26641418.0,,26641418.0,False,-0.2781447073753319,-0.27872132978514164,34393234.666666664,27902883.666666668,7401815.690787573,False
2021-12-01,2021,12,4,202112,M,imports,USA,United States,85,"Electrical machinery and equipment and parts thereof; sound recorders and reproducers; television image and sound recorders and reproducers, parts and accessories of such articles",38055972.0,,38055972.0,False,0.428451443538028,-0.05324283970834209,33868086.0,27724537.333333332,7098241.0639048545,False
2022-01-01,2022,1,1,202201,M,imports,USA,United States,85,"Electrical machinery and equipment and parts thereof; sound recorders and reproducers; television image and sound recorders and reproducers, parts and accessories of such articles",24466570.0,,24466570.0,False,-0.3570898675246029,0.16990228009914254,29721320.0,28020639.416666668,6858340.516432346,False
2022-02-01,2022,2,1,202202,M,imports,USA,United States,85,"Electrical machinery and equipment and parts thereof; sound recorders and reproducers; television image and sound recorders and reproducers, parts and accessories of such articles",23453383.0,,23453383.0,False,-0.041411076419784254,-0.130560841563918,28658641.666666668,27727146.25,6981394.891465432,False
2022-03-01,2022,3,1,202203,M,imports,USA,United States,85,"Electrical machinery and equipment and parts thereof; sound recorders and reproducers; television image and sound recorders and reproducers, parts and accessories of such articles",30976581.0,,30976581.0,False,0.3207724020027303,0.9038022044627763,26298844.666666668,28952619.416666668,6010827.532961378,False
2022-04-01,2022,4,2,202204,M,imports,USA,United States,85,"Electrical machinery and equipment and parts thereof; sound recorders and reproducers; television image and sound recorders and reproducers, parts and accessories of such articles",21795287.0,,21795287.0,False,-0.2963946860371711,-0.12349374212129982,25408417.0,28696718.833333332,6260790.10392947,False
2022-05-01,2022,5,2,202205,M,imports,USA,United States,85,"Electrical machinery and equipment and parts thereof; sound recorders and reproducers; television image and sound recorders and reproducers, parts and accessories of such articles",26573396.0,,26573396.0,False,0.21922670713168402,0.14742134572603027,26448421.333333332,28981232.583333332,6060646.315992171,False
2022-06-01,2022,6,2,202206,M,imports,USA,United States,85,"Electrical machinery and equipment and parts thereof; sound recorders and reproducers; television image and sound recorders and reproducers, parts and accessories of such articles",22525368.0,,22525368.0,False,-0.15233386052727327,-0.1832154366533273,23631350.333333332,28560171.416666668,6336242.602209497,False
2022-07-01,2022,7,3,202207,M,imports,USA,United States,85,"Electrical machinery and equipment and parts thereof; sound recorders and reproducers; television image and sound recorders and reproducers, parts and accessories of such articles",28812316.0,,28812316.0,False,0.27910522926861847,0.04458814685344481,25970360.0,28662659.0,6328932.812894528,False
2022-08-01,2022,8,3,202208,M,imports,USA,United States,85,"Electrical machinery and equipment and parts thereof; sound recorders and reproducers; television image and sound recorders and reproducers, parts and accessories of such articles",55342422.0,,55342422.0,False,0.9207904702974936,1.2950965173579712,35560035.333333336,31265083.25,9772183.71804839,True
2022-09-01,2022,9,3,202209,M,imports,USA,United States,85,"Electrical machinery and equipment and parts thereof; sound recorders and reproducers; television image and sound recorders and reproducers, parts and accessories of such articles",22979962.0,,22979962.0,False,-0.5847676850861352,-0.42015796659105153,35711566.666666664,29877461.916666668,9657748.101035833,False
2022-10-01,2022,10,4,202210,M,imports,USA,United States,85,"Electrical machinery and equipment and parts thereof; sound recorders and reproducers; television image and sound recorders and reproducers, parts and accessories of such articles",29697834.0,,29697834.0,False,0.2923360795809846,-0.1953304192596348,36006739.333333336,29276709.083333332,9401556.69371553,False
2022-11-01,2022,11,4,202211,M,imports,USA,United States,85,"Electrical machinery and equipment and parts thereof; sound recorders and reproducers; television image and sound recorders and reproducers, parts and accessories of such articles",30764413.0,,30764413.0,False,0.035914370051364664,0.15475884204061519,27814069.666666668,29620292.0,9371784.85047193,False
2022-12-01,2022,12,4,202212,M,imports,USA,United States,85,"Electrical machinery and equipment and parts thereof; sound recorders and reproducers; television image and sound recorders and reproducers, parts and accessories of such articles",30393295.0,,30393295.0,False,-0.012063223829429148,-0.20135281264133786,30285180.666666668,28981735.583333332,8998371.818012929,False
2023-01-01,2023,1,1,202301,M,imports,USA,United States,85,"Electrical machinery and equipment and parts thereof; sound recorders and reproducers; television image and sound recorders and reproducers, parts and accessories of such articles",31606519.0,,31606519.0,False,0.039917488380249555,0.2918246815961534,30921409.0,29576731.333333332,8908281.01751182,False
2023-02-01,2023,2,1,202302,M,imports,USA,United States,85,"Electrical machinery and equipment and parts thereof; sound recorders and reproducers; television image and sound recorders and reproducers, parts and accessories of such articles",23533222.0,,23533222.0,False,-0.255431387429916,0.0034041570889793427,28511012.0,29583384.583333332,8903320.405222168,False
2023-03-01,2023,3,1,202303,M,imports,USA,United States,85,"Electrical machinery and equipment and parts thereof; sound recorders and reproducers; television image and sound recorders and reproducers, parts and accessories of such articles",36565289.0,,36565289.0,False,0.553773172241353,0.1804171996903079,30568343.333333332,30049110.25,9126203.257590704,False
2023-04-01,2023,4,2,202304,M,imports,USA,United States,85,"Electrical machinery and equipment and parts thereof; sound recorders and reproducers; television image and sound recorders and reproducers, parts and accessories of such articles",23402311.0,,23402311.0,False,-0.35998561367859006,0.0737326377028209,27833607.333333332,30183028.916666668,9005062.093590518,False
2023-05-01,2023,5,2,202305,M,imports,USA,United States,85,"Electrical machinery and equipment and parts thereof; sound recorders and reproducers; television image and sound recorders and reproducers, parts and accessories of such articles",52382771.0,,52382771.0,False,1.2383588954099447,0.9712486503418682,37450123.666666664,32333810.166666668,10939051.626472125,False
2023-06-01,2023,6,2,202306,M,imports,USA,United States,85,"Electrical machinery and equipment and parts thereof; sound recorders and reproducers; television image and sound recorders and reproducers, parts and accessories of such articles",26712756.0,,26712756.0,False,-0.4900469087440983,0.18589654117970467,34165946.0,32682759.166666668,10660977.62319705,False
2023-07-01,2023,7,3,202307,M,imports,USA,United States,85,"Electrical machinery and equipment and parts thereof; sound recorders and reproducers; television image and sound recorders and reproducers, parts and accessories of such articles",33854304.0,,33854304.0,False,0.2673459825710234,0.17499419345532652,37649943.666666664,33102924.833333332,10593714.257418528,False
2023-08-01,2023,8,3,202308,M,imports,USA,United States,85,"Electrical machinery and equipment and parts thereof; sound recorders and reproducers; television image and sound recorders and reproducers, parts and accessories of such articles",34121779.0,,34121779.0,False,0.007900767949623244,-0.38344261478111674,31562946.333333332,31334537.916666668,7996653.399951216,False
2023-09-01,2023,9,3,202309,M,imports,USA,United States,85,"Electrical machinery and equipment and parts thereof; sound recorders and reproducers; television image and sound recorders and reproducers, parts and accessories of such articles",26883554.0,,26883554.0,False,-0.21212918001725523,0.16986938446634503,31619879.0,31659837.25,7699785.149259555,False
2023-10-01,2023,10,4,202310,M,imports,USA,United States,85,"Electrical machinery and equipment and parts thereof; sound recorders and reproducers; television image and sound recorders and reproducers, parts and accessories of such articles",30937231.0,,30937231.0,False,0.1507864994338175,0.041733582321188845,30647521.333333332,31763120.333333332,7679360.17154976,False
2023-11-01,2023,11,4,202311,M,imports,USA,United States,85,"Electrical machinery and equipment and parts thereof; sound recorders and reproducers; television image and sound recorders and reproducers, parts and accessories of such articles",58121348.0,,58121348.0,False,0.8786861694247943,0.889239622416979,38647377.666666664,34042864.916666664,10787577.974417686,True
2023-12-01,2023,12,4,202312,M,imports,USA,United States,85,"Electrical machinery and equipment and parts thereof; sound recorders and reproducers; television image and sound recorders and reproducers, parts and accessories of such articles",30106072.0,,30106072.0,False,-0.4820135279725446,-0.00945020933070928,39721550.333333336,34018929.666666664,10796726.470359284,False
2024-01-01,2024,1,1,202401,M,imports,USA,United States,85,"Electrical machinery and equipment and parts thereof; sound recorders and reproducers; television image and sound recorders and reproducers, parts and accessories of such articles",37352222.0,,37352222.0,False,0.24068732712789642,0.18178854178785087,41859880.666666664,34497738.25,10807414.743736453,False
2024-02-01,2024,2,1,202402,M,imports,USA,United States,85,"Electrical machinery and equipment and parts thereof; sound recorders and reproducers; television image and sound recorders and reproducers, parts and accessories of such articles",34182355.0,,34182355.0,False,-0.08486421503920172,0.45251487450379724,33880216.333333336,35385166.0,10247974.796535425,False
2024-03-01,2024,3,1,202403,M,imports,USA,United States,85,"Electrical machinery and equipment and parts thereof; sound recorders and reproducers; television image and sound recorders and reproducers, parts and accessories of such articles",44063623.0,,44063623.0,False,0.28907510907308764,0.20506699673562,38532733.333333336,36010027.166666664,10550606.917523757,False
2024-04-01,2024,4,2,202404,M,imports,USA,United States,85,"Electrical machinery and equipment and parts thereof; sound recorders and reproducers; television image and sound recorders and reproducers, parts and accessories of such articles",28491745.0,,28491745.0,False,-0.35339531658574697,0.21747570143820405,35579241.0,36434146.666666664,10089958.560164152,False
2024-05-01,2024,5,2,202405,M,imports,USA,United States,85,"Electrical machinery and equipment and parts thereof; sound recorders and reproducers; television image and sound recorders and reproducers, parts and accessories of such articles",36490076.0,,36490076.0,False,0.2807245045889608,-0.3033954618399244,36348481.333333336,35109755.416666664,8761881.621140858,False
2024-06-01,2024,6,2,202406,M,imports,USA,United States,85,"Electrical machinery and equipment and parts thereof; sound recorders and reproducers; television image and sound recorders and reproducers, parts and accessories of such articles",37399956.0,,37399956.0,False,0.024934998765143712,0.4000785242825562,34127259.0,36000355.416666664,8364935.820870708,False
2024-07-01,2024,7,3,202407,M,imports,USA,United States,85,"Electrical machinery and equipment and parts thereof; sound recorders and reproducers; television image and sound recorders and reproducers, parts and accessories of such articles",52020003.0,,52020003.0,False,0.3909108074886505,0.5365846245133263,41970011.666666664,37514163.666666664,9507020.6171217,False
2024-08-01,2024,8,3,202408,M,imports,USA,United States,85,"Electrical machinery and equipment and parts thereof; sound recorders and reproducers; television image and sound recorders and reproducers, parts and accessories of such articles",42904431.0,,42904431.0,False,-0.17523205448488732,0.25739138630491687,44108130.0,38246051.333333336,9560033.494981678,False
2024-09-01,2024,9,3,202409,M,imports,USA,United States,85,"Electrical machinery and equipment and parts thereof; sound recorders and reproducers; television image and sound recorders and reproducers, parts and accessories of such articles",42303364.0,,42303364.0,False,-0.014009438791998008,0.5735778089459451,45742599.333333336,39531035.5,8908003.925984792,False
2024-10-01,2024,10,4,202410,M,imports,USA,United States,85,"Electrical machinery and equipment and parts thereof; sound recorders and reproducers; television image and sound recorders and reproducers, parts and accessories of such articles",47426900.0,,47426900.0,False,0.12111415063823294,0.5330040364633797,44211565.0,40905174.583333336,8731916.248989182,False
2024-11-01,2024,11,4,202411,M,imports,USA,United States,85,"Electrical machinery and equipment and parts thereof; sound recorders and reproducers; television image and sound recorders and reproducers, parts and accessories of such articles",48992363.0,,48992363.0,False,0.03300791323067709,-0.1570676750305241,46240875.666666664,40144425.833333336,7390233.73119972,False
2024-12-01,2024,12,4,202412,M,imports,USA,United States,85,"Electrical machinery and equipment and parts thereof; sound recorders and reproducers; television image and sound recorders and reproducers, parts and accessories of such articles",47377211.0,,47377211.0,False,-0.03296742392278573,0.573676267033441,47932158.0,41583687.416666664,6924646.675201874,False
2015-01-01,2015,1,1,201501,X,exports,VNM,Vietnam,85,"Electrical machinery and equipment and parts thereof; sound recorders and reproducers; television image and sound recorders and reproducers, parts and accessories of such articles",12194580.0,12194580.0,0.0,False,,,12194580.0,,,False
2015-02-01,2015,2,1,201502,X,exports,VNM,Vietnam,85,"Electrical machinery and equipment and parts thereof; sound recorders and reproducers; television image and sound recorders and reproducers, parts and accessories of such articles",12813766.0,12813766.0,0.0,False,0.05077550846359613,,12504173.0,,,False
2015-03-01,2015,3,1,201503,X,exports,VNM,Vietnam,85,"Electrical machinery and equipment and parts thereof; sound recorders and reproducers; television image and sound recorders and reproducers, parts and accessories of such articles",13084675.0,13084675.0,0.0,False,0.02114202803453713,,12697673.666666666,,,False
2015-04-01,2015,4,2,201504,X,exports,VNM,Vietnam,85,"Electrical machinery and equipment and parts thereof; sound recorders and reproducers; television image and sound recorders and reproducers, parts and accessories of such articles",21194144.0,21194144.0,0.0,False,0.6197684696027987,,15697528.333333334,,,False
2015-05-01,2015,5,2,201505,X,exports,VNM,Vietnam,85,"Electrical machinery and equipment and parts thereof; sound recorders and reproducers; television image and sound recorders and reproducers, parts and accessories of such articles",14077250.0,14077250.0,0.0,False,-0.33579530270248237,,16118689.666666666,,,False
2015-06-01,2015,6,2,201506,X,exports,VNM,Vietnam,85,"Electrical machinery and equipment and parts thereof; sound recorders and reproducers; television image and sound recorders and reproducers, parts and accessories of such articles",18627084.0,18627084.0,0.0,False,0.32320474524498755,,17966159.333333332,15331916.5,3688687.700395345,False
2015-07-01,2015,7,3,201507,X,exports,VNM,Vietnam,85,"Electrical machinery and equipment and parts thereof; sound recorders and reproducers; television image and sound recorders and reproducers, parts and accessories of such articles",12046223.0,12046223.0,0.0,False,-0.35329528765747764,,14916852.333333334,14862531.714285715,3589001.996650356,False
2015-08-01,2015,8,3,201508,X,exports,VNM,Vietnam,85,"Electrical machinery and equipment and parts thereof; sound recorders and reproducers; television image and sound recorders and reproducers, parts and accessories of such articles",14339085.0,14339085.0,0.0,False,0.1903386646586238,,15004130.666666666,14797100.875,3327919.961619546,False
2015-09-01,2015,9,3,201509,X,exports,VNM,Vietnam,85,"Electrical machinery and equipment and parts thereof; sound recorders and reproducers; television image and sound recorders and reproducers, parts and accessories of such articles",14595541.403,14595541.403,0.0,False,0.01788513025761418,,13660283.134333333,14774705.378111111,3113709.0240749395,False
2015-10-01,2015,10,4,201510,X,exports,VNM,Vietnam,85,"Electrical machinery and equipment and parts thereof; sound recorders and reproducers; television image and sound recorders and reproducers, parts and accessories of such articles",20360219.27,20360219.27,0.0,False,0.3949615644826381,,16431615.224333333,15333256.7673,3426038.204134155,False
2015-11-01,2015,11,4,201511,X,exports,VNM,Vietnam,85,"Electrical machinery and equipment and parts thereof; sound recorders and reproducers; television image and sound recorders and reproducers, parts and accessories of such articles",11729519.82,11729519.82,0.0,False,-0.4239001228595314,,15561760.164333334,15005644.317545455,3427038.530297555,False
2015-12-01,2015,12,4,201512,X,exports,VNM,Vietnam,85,"Electrical machinery and equipment and parts thereof; sound recorders and reproducers; television image and sound recorders and reproducers, parts and accessories of such articles",15930231.21,15930231.21,0.0,False,0.35813157353955516,,16006656.766666666,15082693.22525,3278435.7882296895,False
2016-01-01,2016,1,1,201601,X,exports,VNM,Vietnam,85,"Electrical machinery and equipment and parts thereof; sound recorders and reproducers; television image and sound recorders and reproducers, parts and accessories of such articles",12003423.803,12003423.803,0.0,False,-0.24650033984032815,-0.01567550477343216,13221058.277666667,15066763.542166667,3294171.3057556087,False
2016-02-01,2016,2,1,201602,X,exports,VNM,Vietnam,85,"Electrical machinery and equipment and parts thereof; sound recorders and reproducers; television image and sound recorders and reproducers, parts and accessories of such articles",7035754.174,7035754.174,0.0,False,-0.41385438942499364,-0.45092222114872393,11656469.729,14585262.556666667,4000070.5183150074,False
2016-03-01,2016,3,1,201603,X,exports,VNM,Vietnam,85,"Electrical machinery and equipment and parts thereof; sound recorders and reproducers; television image and sound recorders and reproducers, parts and accessories of such articles",9033813.737,9033813.737,0.0,False,0.2839865512049371,-0.30958822156454024,9357663.904666666,14247690.78475,4298049.983150265,False
2016-04-01,2016,4,2,201604,X,exports,VNM,Vietnam,85,"Electrical machinery and equipment and parts thereof; sound recorders and reproducers; television image and sound recorders and reproducers, parts and accessories of such articles",10194622.862,10194622.862,0.0,False,0.12849602159115237,-0.518988695084831,8754730.257666666,13331064.023249999,3829280.2802310474,False
2016-05-01,2016,5,2,201605,X,exports,VNM,Vietnam,85,"Electrical machinery and equipment and parts thereof; sound recorders and reproducers; television image and sound recorders and reproducers, parts and accessories of such articles",10137364.199,10137364.199,0.0,False,-0.005616555293421421,-0.2798760980305103,9788600.266,13002740.2065,3927139.0097627365,False
2016-06-01,2016,6,2,201606,X,exports,VNM,Vietnam,85,"Electrical machinery and equipment and parts thereof; sound recorders and reproducers; television image and sound recorders and reproducers, parts and accessories of such articles",13279468.671,13279468.671,0.0,False,0.3099528053169831,-0.2870881630748001,11203818.577333333,12557105.595749998,3512405.053805798,False
2016-07-01,2016,7,3,201607,X,exports,VNM,Vietnam,85,"Electrical machinery and equipment and parts thereof; sound recorders and reproducers; television image and sound recorders and reproducers, parts and accessories of such articles",7171651.358,7171651.358,0.0,False,-0.45994440472896236,-0.4046556038353266,10196161.409333333,12150891.29225,3843162.4936413653,False
2016-08-01,2016,8,3,201608,X,exports,VNM,Vietnam,85,"Electrical machinery and equipment and parts thereof; sound recorders and reproducers; television image and sound recorders and reproducers, parts and accessories of such articles",9970380.168,9970380.168,0.0,False,0.390248866026931,-0.3046711022356029,10140500.065666666,11786832.55625,3823906.2533570556,False
2016-09-01,2016,9,3,201609,X,exports,VNM,Vietnam,85,"Electrical machinery and equipment and parts thereof; sound recorders and reproducers; television image and sound recorders and reproducers, parts and accessories of such articles",12320361.546,12320361.546,0.0,False,0.23569626618073003,-0.15588184050043907,9820797.690666666,11597234.234833332,3727164.2510136897,False
2016-10-01,2016,10,4,201610,X,exports,VNM,Vietnam,85,"Electrical machinery and equipment and parts thereof; sound recorders and reproducers; television image and sound recorders and reproducers, parts and accessories of such articles",11223808.406,11223808.406,0.0,False,-0.08900332477304729,-0.4487383334550895,11171516.706666665,10835866.662833333,2508216.680163338,False
2016-11-01,2016,11,4,201611,X,exports,VNM,Vietnam,85,"Electrical machinery and equipment and parts thereof; sound recorders and reproducers; television image and sound recorders and reproducers, parts and accessories of such articles",12037897.01,12037897.01,0.0,False,0.07253229693094254,0.026290691753142914,11860688.987333333,10861564.762,2519758.2197095426,False
2016-12-01,2016,12,4,201612,X,exports,VNM,Vietnam,85,"Electrical machinery and equipment and parts thereof; sound recorders and reproducers; television image and sound recorders and reproducers, parts and accessories of such articles",13816433.007,13816433.007,0.0,False,0.1477447427505445,-0.13269099331546996,12359379.474333333,10685414.911749998,2184834.462026463,False
2017-01-01,2017,1,1,201701,X,exports,VNM,Vietnam,85,"Electrical machinery and equipment and parts thereof; sound recorders and reproducers; television image and sound recorders and reproducers, parts and accessories of such articles",8993227.24,8993227.24,0.0,False,-0.34909196639656237,-0.2507781623312896,11615852.419,10434565.198166667,2192544.445996967,False
2017-02-01,2017,2,1,201702,X,exports,VNM,Vietnam,85,"Electrical machinery and equipment and parts thereof; sound recorders and reproducers; television image and sound recorders and reproducers, parts and accessories of such articles",9542142.27,9542142.27,0.0,False,0.0610364906113503,0.3562358823254703,10783934.172333334,10643430.872833332,1944707.6547871896,False
2017-03-01,2017,3,1,201703,X,exports,VNM,Vietnam,85,"Electrical machinery and equipment and parts thereof; sound recorders and reproducers; television image and sound recorders and reproducers, parts and accessories of such articles",11582269.22,11582269.22,0.0,False,0.21380177451493831,0.2821018406171285,10039212.909999998,10855802.163083334,1891370.3023695366,False
2017-04-01,2017,4,2,201704,X,exports,VNM,Vietnam,85,"Electrical machinery and equipment and parts thereof; sound recorders and reproducers; television image and sound recorders and reproducers, parts and accessories of such articles",14490588.87,14490588.87,,False,0.251101023016973,0.4213952851569449,11871666.786666667,11213799.330416666,2144478.544421221,False
2017-05-01,2017,5,2,201705,X,exports,VNM,Vietnam,85,"Electrical machinery and equipment and parts thereof; sound recorders and reproducers; television image and sound recorders and reproducers, parts and accessories of such articles",15388724.09,15388724.09,0.0,False,0.061980588094623146,0.5180202454912315,13820527.393333333,11651412.654666668,2422618.5982717294,False
2017-06-01,2017,6,2,201706,X,exports,VNM,Vietnam,85,"Electrical machinery and equipment and parts thereof; sound recorders and reproducers; television image and sound recorders and reproducers, parts and accessories of such articles",9822203.49,9822203.49,,False,-0.36172723400878126,-0.260346649904002,13233838.816666668,11363307.222916665,2416971.6682761954,False
2017-07-01,2017,7,3,201707,X,exports,VNM,Vietnam,85,"Electrical machinery and equipment and parts thereof; sound recorders and reproducers; television image and sound recorders and reproducers, parts and accessories of such articles",16433442.48,16433442.48,0.0,False,0.6730912260910611,1.291444697973005,13881456.686666667,12135123.14975,2435479.553935455,False
2017-08-01,2017,8,3,201708,X,exports,VNM,Vietnam,85,"Electrical machinery and equipment and parts thereof; sound recorders and reproducers; television image and sound recorders and reproducers, parts and accessories of such articles",13821881.03,13821881.03,0.0,False,-0.15891749115733667,0.3862942833776206,13359175.666666666,12456081.554916667,2377355.972683598,False
2017-09-01,2017,9,3,201709,X,exports,VNM,Vietnam,85,"Electrical machinery and equipment and parts thereof; sound recorders and reproducers; television image and sound recorders and reproducers, parts and accessories of such articles",16472401.66,16472401.66,0.0,False,0.1917626569239832,0.33700635314131877,15575908.39,12802084.89775,2643101.193949884,False
2017-10-01,2017,10,4,201710,X,exports,VNM,Vietnam,85,"Electrical machinery and equipment and parts thereof; sound recorders and reproducers; television image and sound recorders and reproducers, parts and accessories of such articles",16631708.79,16631708.79,0.0,False,0.009671153805510091,0.4818240109220908,15641997.160000002,13252743.263083333,2805575.132429822,False
2017-11-01,2017,11,4,201711,X,exports,VNM,Vietnam,85,"Electrical machinery and equipment and parts thereof; sound recorders and reproducers; television image and sound recorders and reproducers, parts and accessories of such articles",16650752.38,16650752.38,0.0,False,0.0011450170418718653,0.383194453829274,16584954.276666665,13637147.87725,2936930.706337384,False
2017-12-01,2017,12,4,201712,X,exports,VNM,Vietnam,85,"Electrical machinery and equipment and parts thereof; sound recorders and reproducers; television image and sound recorders and reproducers, parts and accessories of such articles",18100335.71,18100335.71,0.0,False,0.08705812788022493,0.3100585151630375,17127598.959999997,13994139.769166669,3208508.087938419,False
2018-01-01,2018,1,1,201801,X,exports,VNM,Vietnam,85,"Electrical machinery and equipment and parts thereof; sound recorders and reproducers; television image and sound recorders and reproducers, parts and accessories of such articles",21707848.22,21707848.22,0.0,False,0.1993063867874525,1.4137995894786264,18819645.436666667,15053691.517499998,3493632.372621985,False
2018-02-01,2018,2,1,201802,X,exports,VNM,Vietnam,85,"Electrical machinery and equipment and parts thereof; sound recorders and reproducers; television image and sound recorders and reproducers, parts and accessories of such articles",16952874.34,16952874.34,0.0,False,-0.21904399882523218,0.7766318988241201,18920352.756666664,15671252.523333333,3058717.4947547466,False
2018-03-01,2018,3,1,201803,X,exports,VNM,Vietnam,85,"Electrical machinery and equipment and parts thereof; sound recorders and reproducers; television image and sound recorders and reproducers, parts and accessories of such articles",22899155.66,22899155.66,0.0,False,0.3507535772839334,0.9770871514934445,20519959.406666666,16614326.393333336,3408057.5545540475,False
2018-04-01,2018,4,2,201804,X,exports,VNM,Vietnam,85,"Electrical machinery and equipment and parts thereof; sound recorders and reproducers; television image and sound recorders and reproducers, parts and accessories of such articles",23014224.47,23014224.47,0.0,False,0.005025024140999257,0.5882187174357394,20955418.156666666,17324629.36,3791827.215052301,False
2018-05-01,2018,5,2,201805,X,exports,VNM,Vietnam,85,"Electrical machinery and equipment and parts thereof; sound recorders and reproducers; television image and sound recorders and reproducers, parts and accessories of such articles",27098387.62,27098387.62,0.0,False,0.1774625582245397,0.7609249123914861,24337255.916666668,18300434.654166665,4656469.200448149,False
2018-06-01,2018,6,2,201806,X,exports,VNM,Vietnam,85,"Electrical machinery and equipment and parts thereof; sound recorders and reproducers; television image and sound recorders and reproducers, parts and accessories of such articles",20759021.59,20759021.59,0.0,False,-0.2339388645146261,1.1134790794280316,23623877.89333333,19211836.162499998,3845968.0551933004,False
2018-07-01,2018,7,3,201807,X,exports,VNM,Vietnam,85,"Electrical machinery and equipment and parts thereof; sound recorders and reproducers; television image and sound recorders and reproducers, parts and accessories of such articles",29698758.5,29698758.5,0.0,False,0.4306434612653631,0.8072146804386418,25852055.903333332,20317279.164166667,4770155.238524363,False
2018-08-01,2018,8,3,201808,X,exports,VNM,Vietnam,85,"Electrical machinery and equipment and parts thereof; sound recorders and reproducers; television image and sound recorders and reproducers, parts and accessories of such articles",40018709.71,40018709.71,0.0,False,0.3474876301647425,1.8953157405378134,30158829.933333334,22500348.22083333,7000421.244160882,True
2018-09-01,2018,9,3,201809,X,exports,VNM,Vietnam,85,"Electrical machinery and equipment and parts thereof; sound recorders and reproducers; television image and sound recorders and reproducers, parts and accessories of such articles",33124091.3,33124091.3,0.0,False,-0.17228487524866776,1.010884143290129,34280519.836666666,23887989.02416667,7339098.822778903,False
2018-10-01,2018,10,4,201810,X,exports,VNM,Vietnam,85,"Electrical machinery and equipment and parts thereof; sound recorders and reproducers; television image and sound recorders and reproducers, parts and accessories of such articles",34675253.74,34675253.74,0.0,False,0.04682882998816029,1.0848882203161763,35939351.583333336,25391617.77,7562267.403995197,False
2018-11-01,2018,11,4,201811,X,exports,VNM,Vietnam,85,"Electrical machinery and equipment and parts thereof; sound recorders and reproducers; television image and sound recorders and reproducers, parts and accessories of such articles",45207677.04,45207677.04,0.0,False,0.3037446641046555,1.715053110410858,37669007.36000001,27771361.491666663,8930957.834415182,False
2018-12-01,2018,12,4,201812,X,exports,VNM,Vietnam,85,"Electrical machinery and equipment and parts thereof; sound recorders and reproducers; television image and sound recorders and reproducers, parts and accessories of such articles",36313813.71,36313813.71,0.0,False,-0.19673347343484737,1.0062508393110905,38732248.163333334,29289151.325000003,8682179.265263721,False
2019-01-01,2019,1,1,201901,X,exports,VNM,Vietnam,85,"Electrical machinery and equipment and parts thereof; sound recorders and reproducers; television image and sound recorders and reproducers, parts and accessories of such articles",33796033.772,33796033.772,0.0,False,-0.06933394432506712,0.5568578437388763,38439174.84066667,30296500.121000003,8419897.527963642,False
2019-02-01,2019,2,1,201902,X,exports,VNM,Vietnam,85,"Electrical machinery and equipment and parts thereof; sound recorders and reproducers; television image and sound recorders and reproducers, parts and accessories of such articles",26991220.171,26991220.171,0.0,False,-0.20134947334079734,0.5921323800126745,32367022.551,31133028.940249998,7412008.555990041,False
2019-03-01,2019,3,1,201903,X,exports,VNM,Vietnam,85,"Electrical machinery and equipment and parts thereof; sound recorders and reproducers; television image and sound recorders and reproducers, parts and accessories of such articles",30754046.916,30754046.916,0.0,False,0.13940928647023054,0.343020999229279,30513766.952999998,31787603.21158333,6951271.48365323,False
2019-04-01,2019,4,2,201904,X,exports,VNM,Vietnam,85,"Electrical machinery and equipment and parts thereof; sound recorders and reproducers; television image and sound recorders and reproducers, parts and accessories of such articles",23850773.473,23850773.473,0.0,False,-0.22446715587887478,0.0363492154206837,27198680.186666667,31857315.628500003,6858867.528688566,False
2019-05-01,2019,5,2,201905,X,exports,VNM,Vietnam,85,"Electrical machinery and equipment and parts thereof; sound recorders and reproducers; television image and sound recorders and reproducers, parts and accessories of such articles",35264096.259,35264096.259,0.0,False,0.4785305096675512,0.3013355906450055,29956305.549333334,32537791.348416667,6747975.410491609,False
2019-06-01,2019,6,2,201906,X,exports,VNM,Vietnam,85,"Electrical machinery and equipment and parts thereof; sound recorders and reproducers; television image and sound recorders and reproducers, parts and accessories of such articles",22093197.922,22093197.922,0.0,False,-0.37349314839278114,0.0642697116632267,27069355.88466667,32648972.70941667,6544176.264765649,False
2019-07-01,2019,7,3,201907,X,exports,VNM,Vietnam,85,"Electrical machinery and equipment and parts thereof; sound recorders and reproducers; television image and sound recorders and reproducers, parts and accessories of such articles",39554715.597,39554715.597,0.0,False,0.7903571830862994,0.33186427968024335,32304003.25933333,33470302.4675,6755329.229022535,False
2019-08-01,2019,8,3,201908,X,exports,VNM,Vietnam,85,"Electrical machinery and equipment and parts thereof; sound recorders and reproducers; television image and sound recorders and reproducers, parts and accessories of such articles",34442663.638,34442663.638,0.0,False,-0.1292400130261011,-0.13933597840628642,32030192.38566667,33005631.9615,6448763.289470612,False
2019-09-01,2019,9,3,201909,X,exports,VNM,Vietnam,85,"Electrical machinery and equipment and parts thereof; sound recorders and reproducers; television image and sound recorders and reproducers, parts and accessories of such articles",29999923.445,29999923.445,0.0,False,-0.12898944865862227,-0.09431708863210386,34665767.56,32745284.640249997,6506352.908985888,False
2019-10-01,2019,10,4,201910,X,exports,VNM,Vietnam,85,"Electrical machinery and equipment and parts thereof; sound recorders and reproducers; television image and sound recorders and reproducers, parts and accessories of such articles",43868098.604,43868098.604,0.0,False,0.46227368494539833,0.26511254778203686,36103561.89566667,33511355.045583334,7252640.60560034,False
2019-11-01,2019,11,4,201911,X,exports,VNM,Vietnam,85,"Electrical machinery and equipment and parts thereof; sound recorders and reproducers; television image and sound recorders and reproducers, parts and accessories of such articles",53116594.241,53116594.241,0.0,False,0.21082508545644352,0.17494633033239348,42328205.43,34170431.479,8639011.033811238,True
2019-12-01,2019,12,4,201912,X,exports,VNM,Vietnam,85,"Electrical machinery and equipment and parts thereof; sound recorders and reproducers; television image and sound recorders and reproducers, parts and accessories of such articles",40238124.96,40238124.96,0.0,False,-0.24245660824125803,0.10806662393929001,45740939.26833334,34497457.416499995,8800294.898421746,False
2020-01-01,2020,1,1,202001,X,exports,VNM,Vietnam,85,"Electrical machinery and equipment and parts thereof; sound recorders and reproducers; television image and sound recorders and reproducers, parts and accessories of such articles",25152351.205,25152351.205,0.0,False,-0.3749124436090524,-0.25576026540017516,39502356.802,33777150.53591666,9207260.002251334,False
2020-02-01,2020,2,1,202002,X,exports,VNM,Vietnam,85,"Electrical machinery and equipment and parts thereof; sound recorders and reproducers; television image and sound recorders and reproducers, parts and accessories of such articles",23644110.343,23644110.343,0.0,False,-0.0599642096958386,-0.12400735523606354,29678195.502666667,33498224.71691667,9478233.732291047,False
2020-03-01,2020,3,1,202003,X,exports,VNM,Vietnam,85,"Electrical machinery and equipment and parts thereof; sound recorders and reproducers; television image and sound recorders and reproducers, parts and accessories of such articles",30059044.013,30059044.013,0.0,False,0.2713121186181229,-0.022598746269012815,26285168.52033333,33440307.808333337,9498627.945009595,False
2020-04-01,2020,4,2,202004,X,exports,VNM,Vietnam,85,"Electrical machinery and equipment and parts thereof; sound recorders and reproducers; television image and sound recorders and reproducers, parts and accessories of such articles",18249668.236,18249668.236,0.0,False,-0.3928726333376622,-0.23483956372906178,23984274.197333336,32973549.038583327,10129368.902863275,False
2020-05-01,2020,5,2,202005,X,exports,VNM,Vietnam,85,"Electrical machinery and equipment and parts thereof; sound recorders and reproducers; television image and sound recorders and reproducers, parts and accessories of such articles",20013753.838,20013753.838,0.0,False,0.09666398200708626,-0.4324608890865268,22774155.36233334,31702687.17016667,10753324.494322622,False
2020-06-01,2020,6,2,202006,X,exports,VNM,Vietnam,85,"Electrical machinery and equipment and parts thereof; sound recorders and reproducers; television image and sound recorders and reproducers, parts and accessories of such articles",25932673.819,25932673.819,0.0,False,0.29574261924625955,0.17378542982121759,21398698.631,32022643.494916663,10495436.975385705,False
2020-07-01,2020,7,3,202007,X,exports,VNM,Vietnam,85,"Electrical machinery and equipment and parts thereof; sound recorders and reproducers; television image and sound recorders and reproducers, parts and accessories of such articles",34320625.442,34320625.442,0.0,False,0.3234510903713459,-0.13232531383431245,26755684.366333336,31586469.315333333,10260080.65822515,False
2020-08-01,2020,8,3,202008,X,exports,VNM,Vietnam,85,"Electrical machinery and equipment and parts thereof; sound recorders and reproducers; television image and sound recorders and reproducers, parts and accessories of such articles",30752289.259,30752289.259,0.0,False,-0.10397060476156816,-0.10714544083427013,30335196.173333332,31278938.117083337,10221923.45958133,False
2020-09-01,2020,9,3,202009,X,exports,VNM,Vietnam,85,"Electrical machinery and equipment and parts thereof; sound recorders and reproducers; television image and sound recorders and reproducers, parts and accessories of such articles",27306998.624,27306998.624,0.0,False,-0.11203363125207644,-0.08976438976376189,30793304.441666666,31054527.71533334,10281939.221997155,False
2020-10-01,2020,10,4,202010,X,exports,VNM,Vietnam,85,"Electrical machinery and equipment and parts thereof; sound recorders and reproducers; television image and sound recorders and reproducers, parts and accessories of such articles",27278322.991,27278322.991,0.0,False,-0.0010501202784988228,-0.3781740294412328,28445870.291333333,29672046.41425,9487015.453863667,False
2020-11-01,2020,11,4,202011,X,exports,VNM,Vietnam,85,"Electrical machinery and equipment and parts thereof; sound recorders and reproducers; television image and sound recorders and reproducers, parts and accessories of such articles",31747867.848,31747867.848,0.0,False,0.1638496933434892,-0.40229850385448396,28777729.821,27891319.214833334,6080134.747007657,False
2020-12-01,2020,12,4,202012,X,exports,VNM,Vietnam,85,"Electrical machinery and equipment and parts thereof; sound recorders and reproducers; television image and sound recorders and reproducers, parts and accessories of such articles",56800127.96,56800127.96,0.0,False,0.7891005541519602,0.41159977052767727,38608772.933,29271486.131500002,9849161.045494175,True
2021-01-01,2021,1,1,202101,X,exports,VNM,Vietnam,85,"Electrical machinery and equipment and parts thereof; sound recorders and reproducers; television image and sound recorders and reproducers, parts and accessories of such articles",32583338.001,32583338.001,,False,-0.426350975407204,0.29543905201684706,40377111.269666664,29890735.03116666,9800116.725496028,False
2021-02-01,2021,2,1,202102,X,exports,VNM,Vietnam,85,"Electrical machinery and equipment and parts thereof; sound recorders and reproducers; television image and sound recorders and reproducers, parts and accessories of such articles",21713337.728,21713337.728,,False,-0.3336060986957933,-0.081659770107257,37032267.89633333,29729837.31325,9927024.711812384,False
2021-03-01,2021,3,1,202103,X,exports,VNM,Vietnam,85,"Electrical machinery and equipment and parts thereof; sound recorders and reproducers; television image and sound recorders and reproducers, parts and accessories of such articles",25460514.838,25460514.838,,False,0.17257490105576445,-0.15298321440333296,26585730.189,29346626.54866667,10001638.717474231,False
2021-04-01,2021,4,2,202104,X,exports,VNM,Vietnam,85,"Electrical machinery and equipment and parts thereof; sound recorders and reproducers; television image and sound recorders and reproducers, parts and accessories of such articles",28687816.577,28687816.577,,False,0.12675712802881844,0.5719637313959112,25287223.047666665,30216472.243750002,9383605.218049778,False
2021-05-01,2021,5,2,202105,X,exports,VNM,Vietnam,85,"Electrical machinery and equipment and parts thereof; sound recorders and reproducers; television image and sound recorders and reproducers, parts and accessories of such articles",34343326.977,34343326.977,,False,0.1971397992182582,0.7159862789854305,29497219.463999998,31410603.338666666,8864621.173418814,False
2021-06-01,2021,6,2,202106,X,exports,VNM,Vietnam,85,"Electrical machinery and equipment and parts thereof; sound recorders and reproducers; television image and sound recorders and reproducers, parts and accessories of such articles",35973696.671,35973696.671,,False,0.04747267773712993,0.38719581798939995,33001613.40833333,32247355.243,8773974.21082664,False
2021-07-01,2021,7,3,202107,X,exports,VNM,Vietnam,85,"Electrical machinery and equipment and parts thereof; sound recorders and reproducers; television image and sound recorders and reproducers, parts and accessories of such articles",40220669.255,40220669.255,,False,0.11805771930644204,0.1719095656625127,36845897.634333335,32739025.560749996,9061322.74397055,False
2021-08-01,2021,8,3,202108,X,exports,VNM,Vietnam,85,"Electrical machinery and equipment and parts thereof; sound recorders and reproducers; television image and sound recorders and reproducers, parts and accessories of such articles",26161235.477,26161235.477,,False,-0.3495574300085077,-0.14929144764910063,34118533.801,32356437.74558333,9247835.071428627,False
2021-09-01,2021,9,3,202109,X,exports,VNM,Vietnam,85,"Electrical machinery and equipment and parts thereof; sound recorders and reproducers; television image and sound recorders and reproducers, parts and accessories of such articles",24491209.577,24491209.577,,False,-0.06383589572702819,-0.10311602112599871,30291038.103,32121788.65833333,9421692.788276771,False
2021-10-01,2021,10,4,202110,X,exports,VNM,Vietnam,85,"Electrical machinery and equipment and parts thereof; sound recorders and reproducers; television image and sound recorders and reproducers, parts and accessories of such articles",22057711.962,22057711.962,,False,-0.09936208366308397,-0.19138313710569554,24236719.005333334,31686737.73925,9779414.805953983,False
2021-11-01,2021,11,4,202111,X,exports,VNM,Vietnam,85,"Electrical machinery and equipment and parts thereof; sound recorders and reproducers; television image and sound recorders and reproducers, parts and accessories of such articles",42913889.836,42913889.836,,False,0.9455277097611055,0.35170935073371923,29820937.125,32617239.57158333,10302963.813696282,False
2021-12-01,2021,12,4,202112,X,exports,VNM,Vietnam,85,"Electrical machinery and equipment and parts thereof; sound recorders and reproducers; television image and sound recorders and reproducers, parts and accessories of such articles",67698119.405,67698119.405,,False,0.5775339794112249,0.19186561432880267,44223240.401,33525405.525333334,12804901.586697467,True
2022-01-01,2022,1,1,202201,X,exports,VNM,Vietnam,85,"Electrical machinery and equipment and parts thereof; sound recorders and reproducers; television image and sound recorders and reproducers, parts and accessories of such articles",22907207.441,22907207.441,,False,-0.6616271228457768,-0.2969656012438945,44506405.560666665,32719061.312000003,13169099.156559657,False
2022-02-01,2022,2,1,202202,X,exports,VNM,Vietnam,85,"Electrical machinery and equipment and parts thereof; sound recorders and reproducers; television image and sound recorders and reproducers, parts and accessories of such articles",26158531.635,26158531.635,,False,0.14193455061574567,0.20472181489019947,38921286.16033333,33089494.13758333,12890958.250736166,False
2022-03-01,2022,3,1,202203,X,exports,VNM,Vietnam,85,"Electrical machinery and equipment and parts thereof; sound recorders and reproducers; television image and sound recorders and reproducers, parts and accessories of such articles",30645540.493,30645540.493,,False,0.17153137341992086,0.20364967825636082,26570426.523,33521579.60883333,12697444.484670809,False
2022-04-01,2022,4,2,202204,X,exports,VNM,Vietnam,85,"Electrical machinery and equipment and parts thereof; sound recorders and reproducers; television image and sound recorders and reproducers, parts and accessories of such articles",28812617.886,28812617.886,,False,-0.05981041866168668,0.004350324419602591,28538896.671333328,33531979.717916667,12693175.755521804,False
2022-05-01,2022,5,2,202205,X,exports,VNM,Vietnam,85,"Electrical machinery and equipment and parts thereof; sound recorders and reproducers; television image and sound recorders and reproducers, parts and accessories of such articles",17653828.422,17653828.422,,False,-0.38728828835168216,-0.48596044775094416,25703995.60033333,32141188.171666667,13485782.442888051,False
2022-06-01,2022,6,2,202206,X,exports,VNM,Vietnam,85,"Electrical machinery and equipment and parts thereof; sound recorders and reproducers; television image and sound recorders and reproducers, parts and accessories of such articles",29609560.859,29609560.859,,False,0.6772317115136854,-0.17691080986765562,25358669.05566666,31610843.52066667,13446444.06908259,False
2022-07-01,2022,7,3,202207,X,exports,VNM,Vietnam,85,"Electrical machinery and equipment and parts thereof; sound recorders and reproducers; television image and sound recorders and reproducers, parts and accessories of such articles",31841345.263,31841345.263,,False,0.07537377587691019,-0.208333778308732,26368244.847999994,30912566.521333337,13173487.08510836,False
2022-08-01,2022,8,3,202208,X,exports,VNM,Vietnam,85,"Electrical machinery and equipment and parts thereof; sound recorders and reproducers; television image and sound recorders and reproducers, parts and accessories of such articles",30818017.684,30818017.684,,False,-0.03213832740255229,0.17800314557368946,30756307.935333326,31300631.705250006,13089117.754638985,False
2022-09-01,2022,9,3,202209,X,exports,VNM,Vietnam,85,"Electrical machinery and equipment and parts thereof; sound recorders and reproducers; television image and sound recorders and reproducers, parts and accessories of such articles",39130244.441,39130244.441,,False,0.2697197088479677,0.597726086903756,33929869.129333325,32520551.277250003,13078960.204250999,False
2022-10-01,2022,10,4,202210,X,exports,VNM,Vietnam,85,"Electrical machinery and equipment and parts thereof; sound recorders and reproducers; television image and sound recorders and reproducers, parts and accessories of such articles",44638452.166,44638452.166,,False,0.1407659932537655,1.023711808500403,38195571.430333324,34402279.62758333,13061159.967516609,False
2022-11-01,2022,11,4,202211,X,exports,VNM,Vietnam,85,"Electrical machinery and equipment and parts thereof; sound recorders and reproducers; television image and sound recorders and reproducers, parts and accessories of such articles",42382517.284,42382517.284,,False,-0.05053792800903367,-0.012382297527227193,42050404.63033333,34357998.581583336,13030544.716333698,False
2022-12-01,2022,12,4,202212,X,exports,VNM,Vietnam,85,"Electrical machinery and equipment and parts thereof; sound recorders and reproducers; television image and sound recorders and reproducers, parts and accessories of such articles",35894881.452,35894881.452,,False,-0.1530733955354081,-0.46978022775993244,40971950.30066666,31707728.75216667,7829183.413014625,False
2023-01-01,2023,1,1,202301,X,exports,VNM,Vietnam,85,"Electrical machinery and equipment and parts thereof; sound recorders and reproducers; television image and sound recorders and reproducers, parts and accessories of such articles",23566976.991,23566976.991,,False,-0.3434446350654575,0.02880183242323664,33948125.24233333,31762709.548000004,7763806.653572194,False
2023-02-01,2023,2,1,202302,X,exports,VNM,Vietnam,85,"Electrical machinery and equipment and parts thereof; sound recorders and reproducers; television image and sound recorders and reproducers, parts and accessories of such articles",26699123.689,26699123.689,,False,0.13290405040901665,0.02066599385405432,28720327.377333328,31807758.885833334,7729826.351403713,False
2023-03-01,2023,3,1,202303,X,exports,VNM,Vietnam,85,"Electrical machinery and equipment and parts thereof; sound recorders and reproducers; television image and sound recorders and reproducers, parts and accessories of such articles",25658396.193,25658396.193,,False,-0.038979837245698756,-0.1627363792503237,25308165.624333326,31392163.5275,7929482.647140695,False
2023-04-01,2023,4,2,202304,X,exports,VNM,Vietnam,85,"Electrical machinery and equipment and parts thereof; sound recorders and reproducers; television image and sound recorders and reproducers, parts and accessories of such articles",17173512.85,17173512.85,,False,-0.3306864263525092,-0.40395860876131695,23177010.910666663,30422238.107833337,8923261.496580733,False
2023-05-01,2023,5,2,202305,X,exports,VNM,Vietnam,85,"Electrical machinery and equipment and parts thereof; sound recorders and reproducers; television image and sound recorders and reproducers, parts and accessories of such articles",27109087.278,27109087.278,,False,0.5785405999798112,0.5355925428739847,23313665.440333325,31210176.345833335,8069950.296191841,False
2023-06-01,2023,6,2,202306,X,exports,VNM,Vietnam,85,"Electrical machinery and equipment and parts thereof; sound recorders and reproducers; television image and sound recorders and reproducers, parts and accessories of such articles",27485150.383,27485150.383,,False,0.013872215657558806,-0.07174744961995183,23922583.503666658,31033142.139500003,8131324.563784301,False
2023-07-01,2023,7,3,202307,X,exports,VNM,Vietnam,85,"Electrical machinery and equipment and parts thereof; sound recorders and reproducers; television image and sound recorders and reproducers, parts and accessories of such articles",25337281.729,25337281.729,,False,-0.07814651271940987,-0.20426472186644062,26643839.796666663,30491136.845,8287818.154778819,False
2023-08-01,2023,8,3,202308,X,exports,VNM,Vietnam,85,"Electrical machinery and equipment and parts thereof; sound recorders and reproducers; television image and sound recorders and reproducers, parts and accessories of such articles",31900355.023,31900355.023,,False,0.2590283110949576,0.03512027769267978,28240929.044999998,30581331.623249996,8297582.62194211,False
2023-09-01,2023,9,3,202309,X,exports,VNM,Vietnam,85,"Electrical machinery and equipment and parts thereof; sound recorders and reproducers; television image and sound recorders and reproducers, parts and accessories of such articles",28534465.449,28534465.449,,False,-0.10551260547329988,-0.27078233584704936,28590700.73366666,29698350.04058333,7857240.575727061,False
2023-10-01,2023,10,4,202310,X,exports,VNM,Vietnam,85,"Electrical machinery and equipment and parts thereof; sound recorders and reproducers; television image and sound recorders and reproducers, parts and accessories of such articles",28631584.269,28631584.269,,False,0.003403561919657516,-0.3585892234227609,29688801.580333326,28364444.382499997,6293417.991339773,False
2023-11-01,2023,11,4,202311,X,exports,VNM,Vietnam,85,"Electrical machinery and equipment and parts thereof; sound recorders and reproducers; television image and sound recorders and reproducers, parts and accessories of such articles",41055806.817,41055806.817,,False,0.4339341627508877,-0.03130324841513965,32740618.845,28253885.17691667,6030949.289575241,True
2023-12-01,2023,12,4,202312,X,exports,VNM,Vietnam,85,"Electrical machinery and equipment and parts thereof; sound recorders and reproducers; television image and sound recorders and reproducers, parts and accessories of such articles",28351567.369,28351567.369,,False,-0.30943830929025984,-0.21015013221556966,32679652.818333328,27625275.669999998,5534838.1060029855,False
2024-01-01,2024,1,1,202401,X,exports,VNM,Vietnam,85,"Electrical machinery and equipment and parts thereof; sound recorders and reproducers; television image and sound recorders and reproducers, parts and accessories of such articles",26359422.822,26359422.822,,False,-0.07026576418410779,0.11848977626898893,31922265.669333328,27857979.48925,5405902.026415069,False
2024-02-01,2024,2,1,202402,X,exports,VNM,Vietnam,85,"Electrical machinery and equipment and parts thereof; sound recorders and reproducers; television image and sound recorders and reproducers, parts and accessories of such articles",22555565.598,22555565.598,,False,-0.14430730330048192,-0.15519453519394488,25755518.59633333,27512682.98166667,5614943.002072408,False
2024-03-01,2024,3,1,202403,X,exports,VNM,Vietnam,85,"Electrical machinery and equipment and parts thereof; sound recorders and reproducers; television image and sound recorders and reproducers, parts and accessories of such articles",26663790.703,26663790.703,,False,0.1821379777487946,0.03918384073725889,25192926.374333326,27596465.8575,5592214.05043332,False
2024-04-01,2024,4,2,202404,X,exports,VNM,Vietnam,85,"Electrical machinery and equipment and parts thereof; sound recorders and reproducers; television image and sound recorders and reproducers, parts and accessories of such articles",20953431.582,20953431.582,,False,-0.21416156407039,0.22010166266012354,23390929.294333328,27911459.085166667,5029935.333324661,False
2024-05-01,2024,5,2,202405,X,exports,VNM,Vietnam,85,"Electrical machinery and equipment and parts thereof; sound recorders and reproducers; television image and sound recorders and reproducers, parts and accessories of such articles",31291041.471,31291041.471,,False,0.49336118757180114,0.15426392449567294,26302754.58533333,28259955.267916664,5113468.183894456,False
2024-06-01,2024,6,2,202406,X,exports,VNM,Vietnam,85,"Electrical machinery and equipment and parts thereof; sound recorders and reproducers; television image and sound recorders and reproducers, parts and accessories of such articles",25841691.17,25841691.17,,False,-0.17415049307484265,-0.05979444136556389,26028721.407666665,28123000.333499998,5157921.747913227,False
2024-07-01,2024,7,3,202407,X,exports,VNM,Vietnam,85,"Electrical machinery and equipment and parts thereof; sound recorders and reproducers; television image and sound recorders and reproducers, parts and accessories of such articles",30838648.05,30838648.05,,False,0.1933680287070778,0.21712535621780482,29323793.56366666,28581447.526916668,5132234.6077638045,False
2024-08-01,2024,8,3,202408,X,exports,VNM,Vietnam,85,"Electrical machinery and equipment and parts thereof; sound recorders and reproducers; television image and sound recorders and reproducers, parts and accessories of such articles",32801363.923,32801363.923,,False,0.06364467955332431,0.02824447876364955,29827234.380999997,28656531.601916667,5191453.192621372,False
2024-09-01,2024,9,3,202409,X,exports,VNM,Vietnam,85,"Electrical machinery and equipment and parts thereof; sound recorders and reproducers; television image and sound recorders and reproducers, parts and accessories of such articles",25921180.962,25921180.962,,False,-0.20975295347934242,-0.0915834393908922,29853730.978333328,28438757.894666668,5251503.569020078,False
2024-10-01,2024,10,4,202410,X,exports,VNM,Vietnam,85,"Electrical machinery and equipment and parts thereof; sound recorders and reproducers; television image and sound recorders and reproducers, parts and accessories of such articles",36874058.26,36874058.26,,False,0.4225454586369628,0.28788047191381905,31865534.38166666,29125630.72725,5790405.59008684,False
2024-11-01,2024,11,4,202411,X,exports,VNM,Vietnam,85,"Electrical machinery and equipment and parts thereof; sound recorders and reproducers; television image and sound recorders and reproducers, parts and accessories of such articles",47387845.451,47387845.451,,False,0.28512693441191095,0.15423003771973343,36727694.890999995,29653300.613416668,7113718.659639281,True
2024-12-01,2024,12,4,202412,X,exports,VNM,Vietnam,85,"Electrical machinery and equipment and parts thereof; sound recorders and reproducers; television image and sound recorders and reproducers, parts and accessories of such articles",49964836.806,49964836.806,,False,0.05438085083789401,0.7623306731405706,44742246.838999994,31454406.399833336,9187892.88965816,True
2015-01-01,2015,1,1,201501,M,imports,VNM,Vietnam,85,"Electrical machinery and equipment and parts thereof; sound recorders and reproducers; television image and sound recorders and reproducers, parts and accessories of such articles",139251983.0,0.0,139251983.0,False,,,139251983.0,,,False
2015-02-01,2015,2,1,201502,M,imports,VNM,Vietnam,85,"Electrical machinery and equipment and parts thereof; sound recorders and reproducers; television image and sound recorders and reproducers, parts and accessories of such articles",101506679.0,0.0,101506679.0,False,-0.2710575690688728,,120379331.0,,,False
2015-03-01,2015,3,1,201503,M,imports,VNM,Vietnam,85,"Electrical machinery and equipment and parts thereof; sound recorders and reproducers; television image and sound recorders and reproducers, parts and accessories of such articles",106888854.0,0.0,106888854.0,False,0.053022865618527426,,115882505.33333333,,,False
2015-04-01,2015,4,2,201504,M,imports,VNM,Vietnam,85,"Electrical machinery and equipment and parts thereof; sound recorders and reproducers; television image and sound recorders and reproducers, parts and accessories of such articles",119746600.0,0.0,119746600.0,False,0.120290802257081,,109380711.0,,,False
2015-05-01,2015,5,2,201505,M,imports,VNM,Vietnam,85,"Electrical machinery and equipment and parts thereof; sound recorders and reproducers; television image and sound recorders and reproducers, parts and accessories of such articles",104513503.0,0.0,104513503.0,False,-0.12721110244466227,,110382985.66666667,,,False
2015-06-01,2015,6,2,201506,M,imports,VNM,Vietnam,85,"Electrical machinery and equipment and parts thereof; sound recorders and reproducers; television image and sound recorders and reproducers, parts and accessories of such articles",72393366.0,0.0,72393366.0,False,-0.3073300203132604,,98884489.66666667,107383497.5,22071585.85231507,False
2015-07-01,2015,7,3,201507,M,imports,VNM,Vietnam,85,"Electrical machinery and equipment and parts thereof; sound recorders and reproducers; television image and sound recorders and reproducers, parts and accessories of such articles",40561696.0,0.0,40561696.0,False,-0.4397042403029029,,72489521.66666667,97837525.85714285,32308535.104629204,False
2015-08-01,2015,8,3,201508,M,imports,VNM,Vietnam,85,"Electrical machinery and equipment and parts thereof; sound recorders and reproducers; television image and sound recorders and reproducers, parts and accessories of such articles",96207344.0,0.0,96207344.0,False,1.371876757816044,,69720802.0,97633753.125,29917443.43049668,False
2015-09-01,2015,9,3,201509,M,imports,VNM,Vietnam,85,"Electrical machinery and equipment and parts thereof; sound recorders and reproducers; television image and sound recorders and reproducers, parts and accessories of such articles",83579140.0,0.0,83579140.0,False,-0.1312602913141433,,73449393.33333333,96072129.44444445,28374632.339766007,False
2015-10-01,2015,10,4,201510,M,imports,VNM,Vietnam,85,"Electrical machinery and equipment and parts thereof; sound recorders and reproducers; television image and sound recorders and reproducers, parts and accessories of such articles",60251419.0,0.0,60251419.0,False,-0.27910936867739966,,80012634.33333333,92490058.4,29051236.44415045,False
2015-11-01,2015,11,4,201511,M,imports,VNM,Vietnam,85,"Electrical machinery and equipment and parts thereof; sound recorders and reproducers; television image and sound recorders and reproducers, parts and accessories of such articles",85638990.0,0.0,85638990.0,False,0.42136054920133925,,76489849.66666667,91867234.0,27637726.346538182,False
2015-12-01,2015,12,4,201512,M,imports,VNM,Vietnam,85,"Electrical machinery and equipment and parts thereof; sound recorders and reproducers; television image and sound recorders and reproducers, parts and accessories of such articles",70941885.0,0.0,70941885.0,False,-0.1716169819377833,,72277431.33333333,90123454.91666667,27035028.155298248,False
2016-01-01,2016,1,1,201601,M,imports,VNM,Vietnam,85,"Electrical machinery and equipment and parts thereof; sound recorders and reproducers; television image and sound recorders and reproducers, parts and accessories of such articles",82670429.0,0.0,82670429.0,False,0.16532608345549327,-0.40632494260422847,79750434.66666667,85408325.41666667,22187150.642973207,False
2016-02-01,2016,2,1,201602,M,imports,VNM,Vietnam,85,"Electrical machinery and equipment and parts thereof; sound recorders and reproducers; television image and sound recorders and reproducers, parts and accessories of such articles",54440730.0,0.0,54440730.0,False,-0.34147275321384873,-0.4636734199529865,69351014.66666667,81486163.0,23218724.559203256,False
2016-03-01,2016,3,1,201603,M,imports,VNM,Vietnam,85,"Electrical machinery and equipment and parts thereof; sound recorders and reproducers; television image and sound recorders and reproducers, parts and accessories of such articles",104187350.0,0.0,104187350.0,False,0.9137757704571559,-0.025273954195448645,80432836.33333333,81261037.66666667,22961707.007926796,False
2016-04-01,2016,4,2,201604,M,imports,VNM,Vietnam,85,"Electrical machinery and equipment and parts thereof; sound recorders and reproducers; television image and sound recorders and reproducers, parts and accessories of such articles",78104479.0,0.0,78104479.0,False,-0.2503458529274427,-0.3477520113305931,78910853.0,77790860.91666667,19502819.633639358,False
2016-05-01,2016,5,2,201605,M,imports,VNM,Vietnam,85,"Electrical machinery and equipment and parts thereof; sound recorders and reproducers; television image and sound recorders and reproducers, parts and accessories of such articles",76135489.0,0.0,76135489.0,False,-0.025209693800018806,-0.2715248574148357,86142439.33333333,75426026.41666667,17595172.53010254,False
2016-06-01,2016,6,2,201606,M,imports,VNM,Vietnam,85,"Electrical machinery and equipment and parts thereof; sound recorders and reproducers; television image and sound recorders and reproducers, parts and accessories of such articles",75416331.0,0.0,75416331.0,False,-0.009445765824134922,0.04175748645255695,76552099.66666667,75677940.16666667,17569427.471278943,False
2016-07-01,2016,7,3,201607,M,imports,VNM,Vietnam,85,"Electrical machinery and equipment and parts thereof; sound recorders and reproducers; television image and sound recorders and reproducers, parts and accessories of such articles",78874432.0,0.0,78874432.0,False,0.04585347701414966,0.9445545866721154,76808750.66666667,78870668.16666667,13652430.38316106,False
2016-08-01,2016,8,3,201608,M,imports,VNM,Vietnam,85,"Electrical machinery and equipment and parts thereof; sound recorders and reproducers; television image and sound recorders and reproducers, parts and accessories of such articles",128012589.0,0.0,128012589.0,False,0.6229922137505852,0.33059061478716223,94101117.33333333,81521105.25,19259820.782902297,True
2016-09-01,2016,9,3,201609,M,imports,VNM,Vietnam,85,"Electrical machinery and equipment and parts thereof; sound recorders and reproducers; television image and sound recorders and reproducers, parts and accessories of such articles",118021754.0,0.0,118021754.0,False,-0.07804572251874387,0.4120958172098923,108302925.0,84391323.08333333,21970127.87998931,False
2016-10-01,2016,10,4,201610,M,imports,VNM,Vietnam,85,"Electrical machinery and equipment and parts thereof; sound recorders and reproducers; television image and sound recorders and reproducers, parts and accessories of such articles",121153963.0,0.0,121153963.0,False,0.02653925139936497,1.0108067994216037,122396102.0,89466535.08333333,22901399.544459265,False
2016-11-01,2016,11,4,201611,M,imports,VNM,Vietnam,85,"Electrical machinery and equipment and parts thereof; sound recorders and reproducers; television image and sound recorders and reproducers, parts and accessories of such articles",165350894.0,0.0,165350894.0,False,0.3647997135677683,0.9307898656908495,134842203.66666666,96109193.75,31599053.450914096,True
2016-12-01,2016,12,4,201612,M,imports,VNM,Vietnam,85,"Electrical machinery and equipment and parts thereof; sound recorders and reproducers; television image and sound recorders and reproducers, parts and accessories of such articles",141538055.0,0.0,141538055.0,False,-0.14401397188696174,0.9951267858191251,142680970.66666666,101992207.91666667,33026947.269633275,False
2017-01-01,2017,1,1,201701,M,imports,VNM,Vietnam,85,"Electrical machinery and equipment and parts thereof; sound recorders and reproducers; television image and sound recorders and reproducers, parts and accessories of such articles",137869145.0,0.0,137869145.0,False,-0.025921721193639446,0.667696014980157,148252698.0,106592100.91666667,33923023.81475667,False
2017-02-01,2017,2,1,201702,M,imports,VNM,Vietnam,85,"Electrical machinery and equipment and parts thereof; sound recorders and reproducers; television image and sound recorders and reproducers, parts and accessories of such articles",108374677.0,0.0,108374677.0,False,-0.21393088352002188,0.9906911057217638,129260625.66666667,111086596.5,29694647.810558118,False
2017-03-01,2017,3,1,201703,M,imports,VNM,Vietnam,85,"Electrical machinery and equipment and parts thereof; sound recorders and reproducers; television image and sound recorders and reproducers, parts and accessories of such articles",103783490.0,0.0,103783490.0,False,-0.04236402014835994,-0.0038762863245873636,116675770.66666667,111052941.5,29703405.62797197,False
2017-04-01,2017,4,2,201704,M,imports,VNM,Vietnam,85,"Electrical machinery and equipment and parts thereof; sound recorders and reproducers; television image and sound recorders and reproducers, parts and accessories of such articles",102961314.0,,102961314.0,False,-0.007922030758456877,0.31825108262997315,105039827.0,113124344.41666667,28015580.241366595,False
2017-05-01,2017,5,2,201705,M,imports,VNM,Vietnam,85,"Electrical machinery and equipment and parts thereof; sound recorders and reproducers; television image and sound recorders and reproducers, parts and accessories of such articles",122239029.0,0.0,122239029.0,False,0.18723260466547664,0.6055459892035369,109661277.66666667,116966306.08333333,25533176.48491131,False
2017-06-01,2017,6,2,201706,M,imports,VNM,Vietnam,85,"Electrical machinery and equipment and parts thereof; sound recorders and reproducers; television image and sound recorders and reproducers, parts and accessories of such articles",67432623.0,,67432623.0,False,-0.4483543958779319,-0.10586179271966967,97544322.0,116300997.08333333,26787459.43550081,False
2017-07-01,2017,7,3,201707,M,imports,VNM,Vietnam,85,"Electrical machinery and equipment and parts thereof; sound recorders and reproducers; television image and sound recorders and reproducers, parts and accessories of such articles",95533777.0,0.0,95533777.0,False,0.41672936258166904,0.21121350198756428,95068476.33333333,117689275.83333333,25046592.31856214,False
2017-08-01,2017,8,3,201708,M,imports,VNM,Vietnam,85,"Electrical machinery and equipment and parts thereof; sound recorders and reproducers; television image and sound recorders and reproducers, parts and accessories of such articles",83182368.0,0.0,83182368.0,False,-0.12928839817565263,-0.35020165868217856,82049589.33333333,113953424.08333333,26658320.359692864,False
2017-09-01,2017,9,3,201709,M,imports,VNM,Vietnam,85,"Electrical machinery and equipment and parts thereof; sound recorders and reproducers; television image and sound recorders and reproducers, parts and accessories of such articles",106474224.0,0.0,106474224.0,False,0.28000953278944873,-0.09784238590455108,95063456.33333333,112991129.91666667,26706487.964227047,False
2017-10-01,2017,10,4,201710,M,imports,VNM,Vietnam,85,"Electrical machinery and equipment and parts thereof; sound recorders and reproducers; television image and sound recorders and reproducers, parts and accessories of such articles",114012170.0,0.0,114012170.0,False,0.07079597029981644,-0.05894807584626849,101222920.66666667,112395980.5,26587354.715053674,False
2017-11-01,2017,11,4,201711,M,imports,VNM,Vietnam,85,"Electrical machinery and equipment and parts thereof; sound recorders and reproducers; television image and sound recorders and reproducers, parts and accessories of such articles",100722148.0,0.0,100722148.0,False,-0.11656669634478489,-0.3908581588920832,107069514.0,107010251.66666667,20801539.14505574,False
2017-12-01,2017,12,4,201712,M,imports,VNM,Vietnam,85,"Electrical machinery and equipment and parts thereof; sound recorders and reproducers; television image and sound recorders and reproducers, parts and accessories of such articles",54683379.0,0.0,54683379.0,False,-0.4570868464798825,-0.6136489299644537,89805899.0,99772362.0,22717698.70099736,False
2018-01-01,2018,1,1,201801,M,imports,VNM,Vietnam,85,"Electrical machinery and equipment and parts thereof; sound recorders and reproducers; television image and sound recorders and reproducers, parts and accessories of such articles",98583374.0,0.0,98583374.0,False,0.8028032612980993,-0.28494969632255285,84662967.0,96498547.75,19302535.578979082,False
2018-02-01,2018,2,1,201802,M,imports,VNM,Vietnam,85,"Electrical machinery and equipment and parts thereof; sound recorders and reproducers; television image and sound recorders and reproducers, parts and accessories of such articles",63435508.0,0.0,63435508.0,False,-0.3565293474333715,-0.414664848320609,72234087.0,92753617.0,21067628.665011838,False
2018-03-01,2018,3,1,201803,M,imports,VNM,Vietnam,85,"Electrical machinery and equipment and parts thereof; sound recorders and reproducers; television image and sound recorders and reproducers, parts and accessories of such articles",71808305.0,0.0,71808305.0,False,0.13198912192836865,-0.308095102602543,77942395.66666667,90089018.25,21562049.387406036,False
2018-04-01,2018,4,2,201804,M,imports,VNM,Vietnam,85,"Electrical machinery and equipment and parts thereof; sound recorders and reproducers; television image and sound recorders and reproducers, parts and accessories of such articles",67888843.0,0.0,67888843.0,False,-0.05458229378899837,-0.3406373679341349,67710885.33333333,87166312.33333333,22030530.419863272,False
2018-05-01,2018,5,2,201805,M,imports,VNM,Vietnam,85,"Electrical machinery and equipment and parts thereof; sound recorders and reproducers; television image and sound recorders and reproducers, parts and accessories of such articles",79852248.0,0.0,79852248.0,False,0.17622048736343898,-0.34675325341466845,73183132.0,83634080.58333333,19098946.00958886,False
2018-06-01,2018,6,2,201806,M,imports,VNM,Vietnam,85,"Electrical machinery and equipment and parts thereof; sound recorders and reproducers; television image and sound recorders and reproducers, parts and accessories of such articles",52472629.0,0.0,52472629.0,False,-0.34287849980128304,-0.22185098746640775,66737906.666666664,82387414.41666667,20675778.195823148,False
2018-07-01,2018,7,3,201807,M,imports,VNM,Vietnam,85,"Electrical machinery and equipment and parts thereof; sound recorders and reproducers; television image and sound recorders and reproducers, parts and accessories of such articles",85608254.0,0.0,85608254.0,False,0.6314839875852227,-0.10389543166497017,72644377.0,81560287.5,20297118.324901197,False
2018-08-01,2018,8,3,201808,M,imports,VNM,Vietnam,85,"Electrical machinery and equipment and parts thereof; sound recorders and reproducers; television image and sound recorders and reproducers, parts and accessories of such articles",88446108.0,0.0,88446108.0,False,0.03314930357065804,0.0632795161590014,75508997.0,81998932.5,20392016.26488991,False
2018-09-01,2018,9,3,201809,M,imports,VNM,Vietnam,85,"Electrical machinery and equipment and parts thereof; sound recorders and reproducers; television image and sound recorders and reproducers, parts and accessories of such articles",69904140.0,0.0,69904140.0,False,-0.20964142367915162,-0.343464198433604,81319500.66666667,78951425.5,19093011.871197026,False
2018-10-01,2018,10,4,201810,M,imports,VNM,Vietnam,85,"Electrical machinery and equipment and parts thereof; sound recorders and reproducers; television image and sound recorders and reproducers, parts and accessories of such articles",82682282.0,0.0,82682282.0,False,0.18279521069853666,-0.2747942434566415,80344176.66666667,76340601.5,15704199.748856919,False
2018-11-01,2018,11,4,201811,M,imports,VNM,Vietnam,85,"Electrical machinery and equipment and parts thereof; sound recorders and reproducers; television image and sound recorders and reproducers, parts and accessories of such articles",67919654.0,0.0,67919654.0,False,-0.17854645085872212,-0.32567309823456103,73502025.33333333,73607060.33333333,13815756.37589768,False
2018-12-01,2018,12,4,201812,M,imports,VNM,Vietnam,85,"Electrical machinery and equipment and parts thereof; sound recorders and reproducers; television image and sound recorders and reproducers, parts and accessories of such articles",52934660.0,0.0,52934660.0,False,-0.22062824407203252,-0.03197898579017955,67845532.0,73461333.75,14040894.66234808,False
2019-01-01,2019,1,1,201901,M,imports,VNM,Vietnam,85,"Electrical machinery and equipment and parts thereof; sound recorders and reproducers; television image and sound recorders and reproducers, parts and accessories of such articles",81647988.0,0.0,81647988.0,False,0.542429629282591,-0.17178744561937997,67500767.33333333,72050051.58333333,11987181.583029391,False
2019-02-01,2019,2,1,201902,M,imports,VNM,Vietnam,85,"Electrical machinery and equipment and parts thereof; sound recorders and reproducers; television image and sound recorders and reproducers, parts and accessories of such articles",64678953.0,0.0,64678953.0,False,-0.20783163695350337,0.019601718961563375,66420533.666666664,72153672.0,11911078.236196665,False
2019-03-01,2019,3,1,201903,M,imports,VNM,Vietnam,85,"Electrical machinery and equipment and parts thereof; sound recorders and reproducers; television image and sound recorders and reproducers, parts and accessories of such articles",80163275.0,0.0,80163275.0,False,0.23940279305387024,0.11635102652819884,75496738.66666667,72849919.5,12131210.563570846,False
2019-04-01,2019,4,2,201904,M,imports,VNM,Vietnam,85,"Electrical machinery and equipment and parts thereof; sound recorders and reproducers; television image and sound recorders and reproducers, parts and accessories of such articles",76936531.0,0.0,76936531.0,False,-0.04025214788193221,0.13327209008408047,73926253.0,73603893.5,12075878.884316867,False
2019-05-01,2019,5,2,201905,M,imports,VNM,Vietnam,85,"Electrical machinery and equipment and parts thereof; sound recorders and reproducers; television image and sound recorders and reproducers, parts and accessories of such articles",70688667.0,0.0,70688667.0,False,-0.0812080284721961,-0.11475670666153315,75929491.0,72840261.75,11933735.105721872,False
2019-06-01,2019,6,2,201906,M,imports,VNM,Vietnam,85,"Electrical machinery and equipment and parts thereof; sound recorders and reproducers; television image and sound recorders and reproducers, parts and accessories of such articles",48221293.0,0.0,48221293.0,False,-0.3178355874216725,-0.08102006857708621,65282163.666666664,72485983.75,12635812.644183993,False
2019-07-01,2019,7,3,201907,M,imports,VNM,Vietnam,85,"Electrical machinery and equipment and parts thereof; sound recorders and reproducers; television image and sound recorders and reproducers, parts and accessories of such articles",80896733.0,0.0,80896733.0,False,0.677614347670022,-0.05503582633515691,66602231.0,72093357.0,12258571.139569225,False
2019-08-01,2019,8,3,201908,M,imports,VNM,Vietnam,85,"Electrical machinery and equipment and parts thereof; sound recorders and reproducers; television image and sound recorders and reproducers, parts and accessories of such articles",65660836.0,0.0,65660836.0,False,-0.18833760567314872,-0.257617576569904,64926287.333333336,70194584.33333333,11215650.751978636,False
2019-09-01,2019,9,3,201909,M,imports,VNM,Vietnam,85,"Electrical machinery and equipment and parts thereof; sound recorders and reproducers; television image and sound recorders and reproducers, parts and accessories of such articles",83534472.0,0.0,83534472.0,False,0.27221152042596586,0.19498604803663988,76697347.0,71330445.33333333,11855513.187031351,False
2019-10-01,2019,10,4,201910,M,imports,VNM,Vietnam,85,"Electrical machinery and equipment and parts thereof; sound recorders and reproducers; television image and sound recorders and reproducers, parts and accessories of such articles",73822830.0,0.0,73822830.0,False,-0.11625909361107833,-0.10715055010213681,74339379.33333333,70592157.66666667,11349377.570764713,False
2019-11-01,2019,11,4,201911,M,imports,VNM,Vietnam,85,"Electrical machinery and equipment and parts thereof; sound recorders and reproducers; television image and sound recorders and reproducers, parts and accessories of such articles",62032561.0,0.0,62032561.0,False,-0.15971033621983877,-0.08667731140090906,73129954.33333333,70101566.58333333,11599875.96954326,False
2019-12-01,2019,12,4,201912,M,imports,VNM,Vietnam,85,"Electrical machinery and equipment and parts thereof; sound recorders and reproducers; television image and sound recorders and reproducers, parts and accessories of such articles",46907349.0,0.0,46907349.0,False,-0.24382697983402624,-0.11386322307539143,60920913.333333336,69599290.66666667,12505889.60196251,False
2020-01-01,2020,1,1,202001,M,imports,VNM,Vietnam,85,"Electrical machinery and equipment and parts thereof; sound recorders and reproducers; television image and sound recorders and reproducers, parts and accessories of such articles",85490445.0,0.0,85490445.0,False,0.8225384043766788,0.047061257651566324,64810118.333333336,69919495.41666667,12885853.158101466,False
2020-02-01,2020,2,1,202002,M,imports,VNM,Vietnam,85,"Electrical machinery and equipment and parts thereof; sound recorders and reproducers; television image and sound recorders and reproducers, parts and accessories of such articles",67628562.0,0.0,67628562.0,False,-0.20893426160081396,0.04560384581364518,66675452.0,70165296.16666667,12804677.422112733,False
2020-03-01,2020,3,1,202003,M,imports,VNM,Vietnam,85,"Electrical machinery and equipment and parts thereof; sound recorders and reproducers; television image and sound recorders and reproducers, parts and accessories of such articles",70270142.0,0.0,70270142.0,False,0.03906012373884282,-0.1234122857380765,74463049.66666667,69340868.41666667,12414993.286145236,False
2020-04-01,2020,4,2,202004,M,imports,VNM,Vietnam,85,"Electrical machinery and equipment and parts thereof; sound recorders and reproducers; television image and sound recorders and reproducers, parts and accessories of such articles",52179221.0,0.0,52179221.0,False,-0.25744819186504564,-0.32178874818257663,63359308.333333336,67277759.25,13077404.732857034,False
2020-05-01,2020,5,2,202005,M,imports,VNM,Vietnam,85,"Electrical machinery and equipment and parts thereof; sound recorders and reproducers; television image and sound recorders and reproducers, parts and accessories of such articles",34495175.0,0.0,34495175.0,False,-0.3389097357356101,-0.5120126540227445,52314846.0,64261634.916666664,16054178.517293187,False
2020-06-01,2020,6,2,202006,M,imports,VNM,Vietnam,85,"Electrical machinery and equipment and parts thereof; sound recorders and reproducers; television image and sound recorders and reproducers, parts and accessories of such articles",50960997.0,0.0,50960997.0,False,0.47733696089380606,0.056815233054825054,45878464.333333336,64489943.583333336,15823147.68287758,False
2020-07-01,2020,7,3,202007,M,imports,VNM,Vietnam,85,"Electrical machinery and equipment and parts thereof; sound recorders and reproducers; television image and sound recorders and reproducers, parts and accessories of such articles",62788549.0,0.0,62788549.0,False,0.2320902787675052,-0.2238432051390753,49414907.0,62980928.25,14955930.735410083,False
2020-08-01,2020,8,3,202008,M,imports,VNM,Vietnam,85,"Electrical machinery and equipment and parts thereof; sound recorders and reproducers; television image and sound recorders and reproducers, parts and accessories of such articles",63886775.0,0.0,63886775.0,False,0.017490864456829458,-0.027018556388773374,59212107.0,62833089.833333336,14935786.445504542,False
2020-09-01,2020,9,3,202009,M,imports,VNM,Vietnam,85,"Electrical machinery and equipment and parts thereof; sound recorders and reproducers; television image and sound recorders and reproducers, parts and accessories of such articles",62535833.0,0.0,62535833.0,False,-0.02114587878320673,-0.25137692855711113,63070385.666666664,61083203.25,13445684.625603545,False
2020-10-01,2020,10,4,202010,M,imports,VNM,Vietnam,85,"Electrical machinery and equipment and parts thereof; sound recorders and reproducers; television image and sound recorders and reproducers, parts and accessories of such articles",68932991.0,0.0,68932991.0,False,0.10229587890833725,-0.06623749048905336,65118533.0,60675716.666666664,13093993.486837186,False
2020-11-01,2020,11,4,202011,M,imports,VNM,Vietnam,85,"Electrical machinery and equipment and parts thereof; sound recorders and reproducers; television image and sound recorders and reproducers, parts and accessories of such articles",67959439.0,0.0,67959439.0,False,-0.01412316491533061,0.09554462857014712,66476087.666666664,61169623.166666664,13260548.393575633,False
2020-12-01,2020,12,4,202012,M,imports,VNM,Vietnam,85,"Electrical machinery and equipment and parts thereof; sound recorders and reproducers; television image and sound recorders and reproducers, parts and accessories of such articles",75205672.0,0.0,75205672.0,False,0.10662585075194642,0.6032812257200892,70699367.33333333,63527816.75,13007441.434567831,False
2021-01-01,2021,1,1,202101,M,imports,VNM,Vietnam,85,"Electrical machinery and equipment and parts thereof; sound recorders and reproducers; television image and sound recorders and reproducers, parts and accessories of such articles",94794677.0,,94794677.0,False,0.2604724414935087,0.10883358953155531,79319929.33333333,64303169.416666664,14613736.715108713,True
2021-02-01,2021,2,1,202102,M,imports,VNM,Vietnam,85,"Electrical machinery and equipment and parts thereof; sound recorders and reproducers; television image and sound recorders and reproducers, parts and accessories of such articles",79141718.0,,79141718.0,False,-0.1651248729926048,0.17024102922667494,83047355.66666667,65262599.083333336,15217372.05053062,False
2021-03-01,2021,3,1,202103,M,imports,VNM,Vietnam,85,"Electrical machinery and equipment and parts thereof; sound recorders and reproducers; television image and sound recorders and reproducers, parts and accessories of such articles",102721183.0,,102721183.0,False,0.2979397667359205,0.46180411873936444,92219192.66666667,67966852.5,18678054.010590848,False
2021-04-01,2021,4,2,202104,M,imports,VNM,Vietnam,85,"Electrical machinery and equipment and parts thereof; sound recorders and reproducers; television image and sound recorders and reproducers, parts and accessories of such articles",80875417.0,,80875417.0,False,-0.21267050633558227,0.5499544732567012,87579439.33333333,70358202.16666667,18306297.49611693,False
2021-05-01,2021,5,2,202105,M,imports,VNM,Vietnam,85,"Electrical machinery and equipment and parts thereof; sound recorders and reproducers; television image and sound recorders and reproducers, parts and accessories of such articles",66257974.0,,66257974.0,False,-0.18074024891890206,0.9207896176784145,83284858.0,73005102.08333333,14563054.161489252,False
2021-06-01,2021,6,2,202106,M,imports,VNM,Vietnam,85,"Electrical machinery and equipment and parts thereof; sound recorders and reproducers; television image and sound recorders and reproducers, parts and accessories of such articles",49416416.0,,49416416.0,False,-0.2541816023532504,-0.030309081276412186,65516602.333333336,72876387.0,14780800.639392227,False
2021-07-01,2021,7,3,202107,M,imports,VNM,Vietnam,85,"Electrical machinery and equipment and parts thereof; sound recorders and reproducers; television image and sound recorders and reproducers, parts and accessories of such articles",41604824.0,,41604824.0,False,-0.15807686255514763,-0.33738198027159383,52426404.666666664,71111076.58333333,17167472.06862828,False
2021-08-01,2021,8,3,202108,M,imports,VNM,Vietnam,85,"Electrical machinery and equipment and parts thereof; sound recorders and reproducers; television image and sound recorders and reproducers, parts and accessories of such articles",43376068.0,,43376068.0,False,0.04257304393355921,-0.3210477755372688,44799102.666666664,69401851.0,18887046.576261107,False
2021-09-01,2021,9,3,202109,M,imports,VNM,Vietnam,85,"Electrical machinery and equipment and parts thereof; sound recorders and reproducers; television image and sound recorders and reproducers, parts and accessories of such articles",49181586.0,,49181586.0,False,0.13384149987961114,-0.21354552037389507,44720826.0,68288997.08333333,19704132.9294787,False
2021-10-01,2021,10,4,202110,M,imports,VNM,Vietnam,85,"Electrical machinery and equipment and parts thereof; sound recorders and reproducers; television image and sound recorders and reproducers, parts and accessories of such articles",52905660.0,,52905660.0,False,0.07572090090791295,-0.23250595640047012,48487771.333333336,66953386.166666664,20193625.125799116,False
2021-11-01,2021,11,4,202111,M,imports,VNM,Vietnam,85,"Electrical machinery and equipment and parts thereof; sound recorders and reproducers; television image and sound recorders and reproducers, parts and accessories of such articles",76992912.0,,76992912.0,False,0.45528686344712455,0.13292447867322732,59693386.0,67706175.58333333,20401842.80161281,False
2021-12-01,2021,12,4,202112,M,imports,VNM,Vietnam,85,"Electrical machinery and equipment and parts thereof; sound recorders and reproducers; television image and sound recorders and reproducers, parts and accessories of such articles",71369380.0,,71369380.0,False,-0.07303960655495145,-0.05101067376939339,67089317.333333336,67386484.58333333,20303464.27849163,False
2022-01-01,2022,1,1,202201,M,imports,VNM,Vietnam,85,"Electrical machinery and equipment and parts thereof; sound recorders and reproducers; television image and sound recorders and reproducers, parts and accessories of such articles",77916481.0,,77916481.0,False,0.09173543331888268,-0.17805003966625677,75426257.66666667,65979968.25,18757954.99956468,False
2022-02-01,2022,2,1,202202,M,imports,VNM,Vietnam,85,"Electrical machinery and equipment and parts thereof; sound recorders and reproducers; television image and sound recorders and reproducers, parts and accessories of such articles",55263712.0,,55263712.0,False,-0.2907314179140097,-0.301711999731924,68183191.0,63990134.416666664,18499540.192677345,False
2022-03-01,2022,3,1,202203,M,imports,VNM,Vietnam,85,"Electrical machinery and equipment and parts thereof; sound recorders and reproducers; television image and sound recorders and reproducers, parts and accessories of such articles",83317087.0,,83317087.0,False,0.5076274101891671,-0.18890062821803755,72165760.0,62373126.416666664,15393691.901892941,False
2022-04-01,2022,4,2,202204,M,imports,VNM,Vietnam,85,"Electrical machinery and equipment and parts thereof; sound recorders and reproducers; television image and sound recorders and reproducers, parts and accessories of such articles",66827328.0,,66827328.0,False,-0.19791569285181565,-0.1737003594058748,68469375.66666667,61202452.333333336,14358028.084653389,False
2022-05-01,2022,5,2,202205,M,imports,VNM,Vietnam,85,"Electrical machinery and equipment and parts thereof; sound recorders and reproducers; television image and sound recorders and reproducers, parts and accessories of such articles",66443809.0,,66443809.0,False,-0.0057389545785819784,0.0028047190214417483,72196074.66666667,61217938.583333336,14364075.509834362,False
2022-06-01,2022,6,2,202206,M,imports,VNM,Vietnam,85,"Electrical machinery and equipment and parts thereof; sound recorders and reproducers; television image and sound recorders and reproducers, parts and accessories of such articles",60769310.0,,60769310.0,False,-0.08540297561808952,0.2297393238716463,64680149.0,62164013.083333336,13881897.84831216,False
2022-07-01,2022,7,3,202207,M,imports,VNM,Vietnam,85,"Electrical machinery and equipment and parts thereof; sound recorders and reproducers; television image and sound recorders and reproducers, parts and accessories of such articles",60696552.0,,60696552.0,False,-0.00119728198329061,0.4588825565035439,62636557.0,63754990.416666664,12317307.28522562,False
2022-08-01,2022,8,3,202208,M,imports,VNM,Vietnam,85,"Electrical machinery and equipment and parts thereof; sound recorders and reproducers; television image and sound recorders and reproducers, parts and accessories of such articles",75326704.0,,75326704.0,False,0.24103761281200953,0.7365959496374821,65597522.0,66417543.416666664,10881220.10622752,False
2022-09-01,2022,9,3,202209,M,imports,VNM,Vietnam,85,"Electrical machinery and equipment and parts thereof; sound recorders and reproducers; television image and sound recorders and reproducers, parts and accessories of such articles",63921401.0,,63921401.0,False,-0.15141115161497043,0.2997019046925409,66648219.0,67645861.33333333,9503385.908784663,False
2022-10-01,2022,10,4,202210,M,imports,VNM,Vietnam,85,"Electrical machinery and equipment and parts thereof; sound recorders and reproducers; television image and sound recorders and reproducers, parts and accessories of such articles",62910626.0,,62910626.0,False,-0.015812779197377114,0.1891095584101965,67386243.66666667,68479608.5,8475982.578084476,False
2022-11-01,2022,11,4,202211,M,imports,VNM,Vietnam,85,"Electrical machinery and equipment and parts thereof; sound recorders and reproducers; television image and sound recorders and reproducers, parts and accessories of such articles",61143490.0,,61143490.0,False,-0.028089626703126425,-0.20585559875953252,62658505.666666664,67158823.33333333,8260936.024386074,False
2022-12-01,2022,12,4,202212,M,imports,VNM,Vietnam,85,"Electrical machinery and equipment and parts thereof; sound recorders and reproducers; television image and sound recorders and reproducers, parts and accessories of such articles",48552906.0,,48552906.0,False,-0.20591863500104424,-0.3196955613177528,57535674.0,65257450.5,9703525.37878776,False
2023-01-01,2023,1,1,202301,M,imports,VNM,Vietnam,85,"Electrical machinery and equipment and parts thereof; sound recorders and reproducers; television image and sound recorders and reproducers, parts and accessories of such articles",68462963.0,,68462963.0,False,0.4100693169632319,-0.121328862375086,59386453.0,64469657.333333336,8935726.520042626,False
2023-02-01,2023,2,1,202302,M,imports,VNM,Vietnam,85,"Electrical machinery and equipment and parts thereof; sound recorders and reproducers; television image and sound recorders and reproducers, parts and accessories of such articles",63517886.0,,63517886.0,False,-0.07222995884650796,0.14935974622913495,60177918.333333336,65157505.166666664,8468111.930486372,False
2023-03-01,2023,3,1,202303,M,imports,VNM,Vietnam,85,"Electrical machinery and equipment and parts thereof; sound recorders and reproducers; television image and sound recorders and reproducers, parts and accessories of such articles",85246944.0,,85246944.0,False,0.3420935325209029,0.02316279972678359,72409264.33333333,65318326.583333336,8853878.93565562,True
2023-04-01,2023,4,2,202304,M,imports,VNM,Vietnam,85,"Electrical machinery and equipment and parts thereof; sound recorders and reproducers; television image and sound recorders and reproducers, parts and accessories of such articles",52724426.0,,52724426.0,False,-0.3815094884809008,-0.21103495264691718,67163085.33333333,64143084.75,9544431.125032065,False
2023-05-01,2023,5,2,202305,M,imports,VNM,Vietnam,85,"Electrical machinery and equipment and parts thereof; sound recorders and reproducers; television image and sound recorders and reproducers, parts and accessories of such articles",71589561.0,,71589561.0,False,0.35780636094549423,0.07744516874401342,69853643.66666667,64571897.416666664,9770121.118331043,False
2023-06-01,2023,6,2,202306,M,imports,VNM,Vietnam,85,"Electrical machinery and equipment and parts thereof; sound recorders and reproducers; television image and sound recorders and reproducers, parts and accessories of such articles",51953664.0,,51953664.0,False,-0.2742843610956073,-0.1450674032665502,58755883.666666664,63837260.25,10393580.954484949,False
2023-07-01,2023,7,3,202307,M,imports,VNM,Vietnam,85,"Electrical machinery and equipment and parts thereof; sound recorders and reproducers; television image and sound recorders and reproducers, parts and accessories of such articles",63312800.0,,63312800.0,False,0.2186397479107538,0.043103733470724936,62285341.666666664,64055280.916666664,10349055.247794107,False
2023-08-01,2023,8,3,202308,M,imports,VNM,Vietnam,85,"Electrical machinery and equipment and parts thereof; sound recorders and reproducers; television image and sound recorders and reproducers, parts and accessories of such articles",64094187.0,,64094187.0,False,0.01234169077974756,-0.14911733028966723,59786883.666666664,63119237.833333336,9726135.387119628,False
2023-09-01,2023,9,3,202309,M,imports,VNM,Vietnam,85,"Electrical machinery and equipment and parts thereof; sound recorders and reproducers; television image and sound recorders and reproducers, parts and accessories of such articles",55412390.0,,55412390.0,False,-0.13545373467331756,-0.13311677883906203,60939792.333333336,62410153.583333336,9969468.105404293,False
2023-10-01,2023,10,4,202310,M,imports,VNM,Vietnam,85,"Electrical machinery and equipment and parts thereof; sound recorders and reproducers; television image and sound recorders and reproducers, parts and accessories of such articles",68782135.0,,68782135.0,False,0.24127717645818914,0.0933309581119095,62762904.0,62899446.0,10138908.077562217,False
2023-11-01,2023,11,4,202311,M,imports,VNM,Vietnam,85,"Electrical machinery and equipment and parts thereof; sound recorders and reproducers; television image and sound recorders and reproducers, parts and accessories of such articles",63941462.0,,63941462.0,False,-0.07037689365123667,0.04576075065391261,62711995.666666664,63132610.333333336,10127020.811365256,False
2023-12-01,2023,12,4,202312,M,imports,VNM,Vietnam,85,"Electrical machinery and equipment and parts thereof; sound recorders and reproducers; television image and sound recorders and reproducers, parts and accessories of such articles",64005184.0,,64005184.0,False,0.0009965677669365736,0.3182565014749066,65576260.333333336,64420300.166666664,9027321.76494314,False
2024-01-01,2024,1,1,202401,M,imports,VNM,Vietnam,85,"Electrical machinery and equipment and parts thereof; sound recorders and reproducers; television image and sound recorders and reproducers, parts and accessories of such articles",94279025.0,,94279025.0,False,0.4729904533982747,0.37708069982305625,74075223.66666667,66571638.666666664,12490284.07317862,True
2024-02-01,2024,2,1,202402,M,imports,VNM,Vietnam,85,"Electrical machinery and equipment and parts thereof; sound recorders and reproducers; television image and sound recorders and reproducers, parts and accessories of such articles",85825562.0,,85825562.0,False,-0.08966430231963052,0.35120306113462285,81369923.66666667,68430611.66666667,13604805.132130379,False
2024-03-01,2024,3,1,202403,M,imports,VNM,Vietnam,85,"Electrical machinery and equipment and parts thereof; sound recorders and reproducers; television image and sound recorders and reproducers, parts and accessories of such articles",59583196.0,,59583196.0,False,-0.3057639867246078,-0.3010518242155402,79895927.66666667,66291966.0,12708622.759580817,False
2024-04-01,2024,4,2,202404,M,imports,VNM,Vietnam,85,"Electrical machinery and equipment and parts thereof; sound recorders and reproducers; television image and sound recorders and reproducers, parts and accessories of such articles",57414781.0,,57414781.0,False,-0.03639306290317157,0.08895981153023835,67607846.33333333,66682828.916666664,12319581.615297783,False
2024-05-01,2024,5,2,202405,M,imports,VNM,Vietnam,85,"Electrical machinery and equipment and parts thereof; sound recorders and reproducers; television image and sound recorders and reproducers, parts and accessories of such articles",71102416.0,,71102416.0,False,0.2383991502118592,-0.006804693214978674,62700131.0,66642233.5,12302734.202130977,False
2024-06-01,2024,6,2,202406,M,imports,VNM,Vietnam,85,"Electrical machinery and equipment and parts thereof; sound recorders and reproducers; television image and sound recorders and reproducers, parts and accessories of such articles",67486430.0,,67486430.0,False,-0.050856021545034436,0.29897344680059534,65334542.333333336,67936630.66666667,11400889.051475143,False
2024-07-01,2024,7,3,202407,M,imports,VNM,Vietnam,85,"Electrical machinery and equipment and parts thereof; sound recorders and reproducers; television image and sound recorders and reproducers, parts and accessories of such articles",80734080.0,,80734080.0,False,0.19630094524188046,0.27516205253913895,73107642.0,69388404.0,11858583.89703501,False
2024-08-01,2024,8,3,202408,M,imports,VNM,Vietnam,85,"Electrical machinery and equipment and parts thereof; sound recorders and reproducers; television image and sound recorders and reproducers, parts and accessories of such articles",71251421.0,,71251421.0,False,-0.11745546614267477,0.11166744341417423,73157310.33333333,69984840.16666667,11747569.953598153,False
2024-09-01,2024,9,3,202409,M,imports,VNM,Vietnam,85,"Electrical machinery and equipment and parts thereof; sound recorders and reproducers; television image and sound recorders and reproducers, parts and accessories of such articles",61472591.0,,61472591.0,False,-0.13724399966703826,0.10936545057883262,71152697.33333333,70489856.91666667,11180750.409697955,False
2024-10-01,2024,10,4,202410,M,imports,VNM,Vietnam,85,"Electrical machinery and equipment and parts thereof; sound recorders and reproducers; television image and sound recorders and reproducers, parts and accessories of such articles",71769938.0,,71769938.0,False,0.16751119210185883,0.04343864871307068,68164650.0,70738840.5,11172528.63257008,False
2024-11-01,2024,11,4,202411,M,imports,VNM,Vietnam,85,"Electrical machinery and equipment and parts thereof; sound recorders and reproducers; television image and sound recorders and reproducers, parts and accessories of such articles",64861314.0,,64861314.0,False,-0.09626069343964039,0.014385845603592795,66034614.333333336,70815494.83333333,11124705.5493033,False
2024-12-01,2024,12,4,202412,M,imports,VNM,Vietnam,85,"Electrical machinery and equipment and parts thereof; sound recorders and reproducers; television image and sound recorders and reproducers, parts and accessories of such articles",68142528.0,,68142528.0,False,0.05058815182190113,0.06464076409810815,68257926.66666667,71160273.5,10957304.575833162,False
2015-01-01,2015,1,1,201501,X,exports,W00,World,85,"Electrical machinery and equipment and parts thereof; sound recorders and reproducers; television image and sound recorders and reproducers, parts and accessories of such articles",717735674.0,717735674.0,0.0,False,,,717735674.0,,,False
2015-02-01,2015,2,1,201502,X,exports,W00,World,85,"Electrical machinery and equipment and parts thereof; sound recorders and reproducers; television image and sound recorders and reproducers, parts and accessories of such articles",681026721.0,681026721.0,0.0,False,-0.051145504298843014,,699381197.5,,,False
2015-03-01,2015,3,1,201503,X,exports,W00,World,85,"Electrical machinery and equipment and parts thereof; sound recorders and reproducers; television image and sound recorders and reproducers, parts and accessories of such articles",766345289.0,766345289.0,0.0,False,0.12527932512651008,,721702561.3333334,,,False
2015-04-01,2015,4,2,201504,X,exports,W00,World,85,"Electrical machinery and equipment and parts thereof; sound recorders and reproducers; television image and sound recorders and reproducers, parts and accessories of such articles",739662571.0,739662571.0,0.0,False,-0.034818140573184886,,729011527.0,,,False
2015-05-01,2015,5,2,201505,X,exports,W00,World,85,"Electrical machinery and equipment and parts thereof; sound recorders and reproducers; television image and sound recorders and reproducers, parts and accessories of such articles",657256055.0,657256055.0,0.0,False,-0.11141095849772287,,721087971.6666666,,,False
2015-06-01,2015,6,2,201506,X,exports,W00,World,85,"Electrical machinery and equipment and parts thereof; sound recorders and reproducers; television image and sound recorders and reproducers, parts and accessories of such articles",744747279.0,744747279.0,0.0,False,0.13311588890573245,,713888635.0,717795598.1666666,41421299.560684286,False
2015-07-01,2015,7,3,201507,X,exports,W00,World,85,"Electrical machinery and equipment and parts thereof; sound recorders and reproducers; television image and sound recorders and reproducers, parts and accessories of such articles",632220220.0,632220220.0,0.0,False,-0.15109428684465187,,678074518.0,705570544.1428572,49758754.696455665,False
2015-08-01,2015,8,3,201508,X,exports,W00,World,85,"Electrical machinery and equipment and parts thereof; sound recorders and reproducers; television image and sound recorders and reproducers, parts and accessories of such articles",715164931.0,715164931.0,0.0,False,0.13119591619515103,,697377476.6666666,706769842.5,46192373.7373254,False
2015-09-01,2015,9,3,201509,X,exports,W00,World,85,"Electrical machinery and equipment and parts thereof; sound recorders and reproducers; television image and sound recorders and reproducers, parts and accessories of such articles",780807022.706,780807022.706,0.0,False,0.09178594875200896,,709397391.2353333,714996195.8562223,49760169.547797084,False
2015-10-01,2015,10,4,201510,X,exports,W00,World,85,"Electrical machinery and equipment and parts thereof; sound recorders and reproducers; television image and sound recorders and reproducers, parts and accessories of such articles",783537716.27,783537716.27,0.0,False,0.003497270752684134,,759836556.6586666,721850347.8975999,51679290.72222813,False
2015-11-01,2015,11,4,201511,X,exports,W00,World,85,"Electrical machinery and equipment and parts thereof; sound recorders and reproducers; television image and sound recorders and reproducers, parts and accessories of such articles",672564179.44,672564179.44,0.0,False,-0.14163139122170787,,745636306.1386666,717369787.1287273,51229911.706311695,False
2015-12-01,2015,12,4,201512,X,exports,W00,World,85,"Electrical machinery and equipment and parts thereof; sound recorders and reproducers; television image and sound recorders and reproducers, parts and accessories of such articles",671159190.178,671159190.178,0.0,False,-0.002089004001328054,,709087028.6293334,713518904.0495,50634614.64168284,False
2016-01-01,2016,1,1,201601,X,exports,W00,World,85,"Electrical machinery and equipment and parts thereof; sound recorders and reproducers; television image and sound recorders and reproducers, parts and accessories of such articles",644800725.08,644800725.08,0.0,False,-0.03927304502976314,-0.10161811870591231,662841364.8993334,707440991.6395,54325300.43420598,False
2016-02-01,2016,2,1,201602,X,exports,W00,World,85,"Electrical machinery and equipment and parts thereof; sound recorders and reproducers; television image and sound recorders and reproducers, parts and accessories of such articles",645059533.853,645059533.853,0.0,False,0.00040137791868621875,-0.05281318050808159,653673149.7036667,704443726.0439167,56848722.948381856,False
2016-03-01,2016,3,1,201603,X,exports,W00,World,85,"Electrical machinery and equipment and parts thereof; sound recorders and reproducers; television image and sound recorders and reproducers, parts and accessories of such articles",696837141.505,696837141.505,0.0,False,0.08026795192488279,-0.09070082180018468,662232466.8126667,698651380.4193333,53404963.78649634,False
2016-04-01,2016,4,2,201604,X,exports,W00,World,85,"Electrical machinery and equipment and parts thereof; sound recorders and reproducers; television image and sound recorders and reproducers, parts and accessories of such articles",671359137.608,671359137.608,0.0,False,-0.03656235062610702,-0.09234404452783906,671085270.9886667,692959427.6366667,52264328.678602204,False
2016-05-01,2016,5,2,201605,X,exports,W00,World,85,"Electrical machinery and equipment and parts thereof; sound recorders and reproducers; television image and sound recorders and reproducers, parts and accessories of such articles",645770862.8,645770862.8,0.0,False,-0.03811413798458019,-0.017474456283251838,671322380.6376666,692002328.2866668,53076443.96031492,False
2016-06-01,2016,6,2,201606,X,exports,W00,World,85,"Electrical machinery and equipment and parts thereof; sound recorders and reproducers; television image and sound recorders and reproducers, parts and accessories of such articles",734728082.224,734728082.224,0.0,False,0.1377535354232151,-0.013453149891938021,683952694.2106667,691167395.222,52243566.63594515,False
2016-07-01,2016,7,3,201607,X,exports,W00,World,85,"Electrical machinery and equipment and parts thereof; sound recorders and reproducers; television image and sound recorders and reproducers, parts and accessories of such articles",527453484.332,527453484.332,0.0,False,-0.2821106241979835,-0.16571240898938666,635984143.1186666,682436833.9163333,69042869.12490772,True
2016-08-01,2016,8,3,201608,X,exports,W00,World,85,"Electrical machinery and equipment and parts thereof; sound recorders and reproducers; television image and sound recorders and reproducers, parts and accessories of such articles",702942356.379,702942356.379,0.0,False,0.3327096649465686,-0.017090567631594444,655041307.645,681418286.03125,68604925.86489756,False
2016-09-01,2016,9,3,201609,X,exports,W00,World,85,"Electrical machinery and equipment and parts thereof; sound recorders and reproducers; television image and sound recorders and reproducers, parts and accessories of such articles",761751586.551,761751586.551,0.0,False,0.08366152592502529,-0.024404796064667278,664049142.4206667,679830333.0183333,66276317.88720744,False
2016-10-01,2016,10,4,201610,X,exports,W00,World,85,"Electrical machinery and equipment and parts thereof; sound recorders and reproducers; television image and sound recorders and reproducers, parts and accessories of such articles",758034749.591,758034749.591,0.0,False,-0.00487932946333447,-0.03254848637077212,740909564.1736666,677705085.7950834,62975148.60568689,False
2016-11-01,2016,11,4,201611,X,exports,W00,World,85,"Electrical machinery and equipment and parts thereof; sound recorders and reproducers; television image and sound recorders and reproducers, parts and accessories of such articles",716755073.994,716755073.994,0.0,False,-0.054456178452600756,0.06570509685900117,745513803.3786665,681387660.34125,63931994.520967156,False
2016-12-01,2016,12,4,201612,X,exports,W00,World,85,"Electrical machinery and equipment and parts thereof; sound recorders and reproducers; television image and sound recorders and reproducers, parts and accessories of such articles",655490766.529,655490766.529,0.0,False,-0.0854745361251712,-0.023345316399294824,710093530.038,680081958.3705,64318715.19898114,False
2017-01-01,2017,1,1,201701,X,exports,W00,World,85,"Electrical machinery and equipment and parts thereof; sound recorders and reproducers; television image and sound recorders and reproducers, parts and accessories of such articles",640701047.15,640701047.15,0.0,False,-0.022562818782811522,-0.006358054156175852,670982295.8909999,679740318.543,64533682.89373567,False
2017-02-01,2017,2,1,201702,X,exports,W00,World,85,"Electrical machinery and equipment and parts thereof; sound recorders and reproducers; television image and sound recorders and reproducers, parts and accessories of such articles",646859776.08,646859776.08,0.0,False,0.009612484570449276,0.002790815626345422,647683863.253,679890338.7285833,64447767.208235145,False
2017-03-01,2017,3,1,201703,X,exports,W00,World,85,"Electrical machinery and equipment and parts thereof; sound recorders and reproducers; television image and sound recorders and reproducers, parts and accessories of such articles",802450667.15,802450667.15,0.0,False,0.2405326421947085,0.15156127501599626,696670496.7933334,688691465.8656667,73542185.53828385,False
2017-04-01,2017,4,2,201704,X,exports,W00,World,85,"Electrical machinery and equipment and parts thereof; sound recorders and reproducers; television image and sound recorders and reproducers, parts and accessories of such articles",654456765.68,654456765.68,,False,-0.18442741408094054,-0.025176348963122708,701255736.3033333,687282934.8716666,74064333.9330804,False
2017-05-01,2017,5,2,201705,X,exports,W00,World,85,"Electrical machinery and equipment and parts thereof; sound recorders and reproducers; television image and sound recorders and reproducers, parts and accessories of such articles",753765399.13,753765399.13,0.0,False,0.15174208390498567,0.16723352283462622,736890943.9866667,696282479.5658333,75115393.3141954,False
2017-06-01,2017,6,2,201706,X,exports,W00,World,85,"Electrical machinery and equipment and parts thereof; sound recorders and reproducers; television image and sound recorders and reproducers, parts and accessories of such articles",609644071.5,609644071.5,,False,-0.19120183520807088,-0.17024531081672334,672622078.77,685858812.0055,77921791.02602643,False
2017-07-01,2017,7,3,201707,X,exports,W00,World,85,"Electrical machinery and equipment and parts thereof; sound recorders and reproducers; television image and sound recorders and reproducers, parts and accessories of such articles",707582841.67,707582841.67,0.0,False,0.16064909797125781,0.3415075692714913,690330770.7666667,700869591.7836666,59898143.99816408,False
2017-08-01,2017,8,3,201708,X,exports,W00,World,85,"Electrical machinery and equipment and parts thereof; sound recorders and reproducers; television image and sound recorders and reproducers, parts and accessories of such articles",808383607.56,808383607.56,0.0,False,0.1424579002680384,0.14999985450321907,708536840.2433333,709656362.7154167,67483427.80610132,False
2017-09-01,2017,9,3,201709,X,exports,W00,World,85,"Electrical machinery and equipment and parts thereof; sound recorders and reproducers; television image and sound recorders and reproducers, parts and accessories of such articles",756586777.56,756586777.56,0.0,False,-0.06407456746474849,-0.006780174905030245,757517742.2633333,709225961.9661666,67136544.62526344,False
2017-10-01,2017,10,4,201710,X,exports,W00,World,85,"Electrical machinery and equipment and parts thereof; sound recorders and reproducers; television image and sound recorders and reproducers, parts and accessories of such articles",748102943.57,748102943.57,0.0,False,-0.011213299308983848,-0.01310204581829344,771024442.8966666,708398311.4644166,66538692.60636116,False
2017-11-01,2017,11,4,201711,X,exports,W00,World,85,"Electrical machinery and equipment and parts thereof; sound recorders and reproducers; television image and sound recorders and reproducers, parts and accessories of such articles",743156510.89,743156510.89,0.0,False,-0.0066119679417318,0.03683467038312305,749282077.34,710598431.20575,67272569.29578649,False
2017-12-01,2017,12,4,201712,X,exports,W00,World,85,"Electrical machinery and equipment and parts thereof; sound recorders and reproducers; television image and sound recorders and reproducers, parts and accessories of such articles",633197983.61,633197983.61,0.0,False,-0.1479614666206911,-0.03400930120960566,708152479.3566667,708740699.2958333,69212548.08981088,False
2018-01-01,2018,1,1,201801,X,exports,W00,World,85,"Electrical machinery and equipment and parts thereof; sound recorders and reproducers; television image and sound recorders and reproducers, parts and accessories of such articles",718977792.76,718977792.76,0.0,False,0.13547075538830766,0.12217358775702758,698444095.7533332,715263761.43,65822726.58582974,False
2018-02-01,2018,2,1,201802,X,exports,W00,World,85,"Electrical machinery and equipment and parts thereof; sound recorders and reproducers; television image and sound recorders and reproducers, parts and accessories of such articles",662812913.99,662812913.99,0.0,False,-0.0781176822644204,0.024662436125920006,671662896.7866668,716593189.5891666,64462619.41605341,False
2018-03-01,2018,3,1,201803,X,exports,W00,World,85,"Electrical machinery and equipment and parts thereof; sound recorders and reproducers; television image and sound recorders and reproducers, parts and accessories of such articles",713492661.72,713492661.72,0.0,False,0.07646161784162908,-0.1108579119834806,698427789.4899999,709180022.4699999,58533881.859442264,False
2018-04-01,2018,4,2,201804,X,exports,W00,World,85,"Electrical machinery and equipment and parts thereof; sound recorders and reproducers; television image and sound recorders and reproducers, parts and accessories of such articles",679202083.93,679202083.93,0.0,False,-0.048060168842292805,0.03781047052709252,685169219.88,711242132.3241667,56842192.221241705,False
2018-05-01,2018,5,2,201805,X,exports,W00,World,85,"Electrical machinery and equipment and parts thereof; sound recorders and reproducers; television image and sound recorders and reproducers, parts and accessories of such articles",790756246.87,790756246.87,0.0,False,0.1642429632938185,0.04907474896392827,727816997.5066667,714324702.9691666,60258248.98073995,False
2018-06-01,2018,6,2,201806,X,exports,W00,World,85,"Electrical machinery and equipment and parts thereof; sound recorders and reproducers; television image and sound recorders and reproducers, parts and accessories of such articles",583293416.81,583293416.81,0.0,False,-0.2623600267227568,-0.043223014742299615,684417249.2033333,712128815.0783334,64733665.91915887,False
2018-07-01,2018,7,3,201807,X,exports,W00,World,85,"Electrical machinery and equipment and parts thereof; sound recorders and reproducers; television image and sound recorders and reproducers, parts and accessories of such articles",814068847.15,814068847.15,0.0,False,0.39564209656625016,0.15049263380762223,729372836.9433333,721002648.8683333,71044856.308992,False
2018-08-01,2018,8,3,201808,X,exports,W00,World,85,"Electrical machinery and equipment and parts thereof; sound recorders and reproducers; television image and sound recorders and reproducers, parts and accessories of such articles",855376980.72,855376980.72,0.0,False,0.050742801072190646,0.058132516197159756,750913081.5600001,724918763.2983333,77317577.31447579,False
2018-09-01,2018,9,3,201809,X,exports,W00,World,85,"Electrical machinery and equipment and parts thereof; sound recorders and reproducers; television image and sound recorders and reproducers, parts and accessories of such articles",769341578.92,769341578.92,0.0,False,-0.10058185307673484,0.01685834558348276,812929135.5966667,725981663.4116668,77878140.07692212,False
2018-10-01,2018,10,4,201810,X,exports,W00,World,85,"Electrical machinery and equipment and parts thereof; sound recorders and reproducers; television image and sound recorders and reproducers, parts and accessories of such articles",787888111.41,787888111.41,0.0,False,0.024107019558250897,0.053181407962575644,804202223.6833334,729297094.0649999,79730343.27324815,False
2018-11-01,2018,11,4,201811,X,exports,W00,World,85,"Electrical machinery and equipment and parts thereof; sound recorders and reproducers; television image and sound recorders and reproducers, parts and accessories of such articles",739383646.74,739383646.74,0.0,False,-0.06156263048974897,-0.005076809655454206,765537779.0233332,728982688.7191668,79678143.98888503,False
2018-12-01,2018,12,4,201812,X,exports,W00,World,85,"Electrical machinery and equipment and parts thereof; sound recorders and reproducers; television image and sound recorders and reproducers, parts and accessories of such articles",739417073.29,739417073.29,0.0,False,4.520866825674652e-05,0.1677502020370023,755562943.8133332,737834279.5258332,73749349.2454904,False
2019-01-01,2019,1,1,201901,X,exports,W00,World,85,"Electrical machinery and equipment and parts thereof; sound recorders and reproducers; television image and sound recorders and reproducers, parts and accessories of such articles",768519238.264,768519238.264,0.0,False,0.03935825398852555,0.06890539040687371,749106652.7646667,741962733.3178334,73984090.23476678,False
2019-02-01,2019,2,1,201902,X,exports,W00,World,85,"Electrical machinery and equipment and parts thereof; sound recorders and reproducers; television image and sound recorders and reproducers, parts and accessories of such articles",732765667.504,732765667.504,0.0,False,-0.04652267500910379,0.10553921330967819,746900659.686,747792129.4439999,69819384.84152153,False
2019-03-01,2019,3,1,201903,X,exports,W00,World,85,"Electrical machinery and equipment and parts thereof; sound recorders and reproducers; television image and sound recorders and reproducers, parts and accessories of such articles",789121875.865,789121875.865,0.0,False,0.07690890943753503,0.1059985872351965,763468927.211,754094563.9560833,69855212.45590676,False
2019-04-01,2019,4,2,201904,X,exports,W00,World,85,"Electrical machinery and equipment and parts thereof; sound recorders and reproducers; television image and sound recorders and reproducers, parts and accessories of such articles",686519414.727,686519414.727,0.0,False,-0.13002105793294827,0.010773422181894032,736135652.6986667,754704341.5225,69170614.53363514,False
2019-05-01,2019,5,2,201905,X,exports,W00,World,85,"Electrical machinery and equipment and parts thereof; sound recorders and reproducers; television image and sound recorders and reproducers, parts and accessories of such articles",788100530.86,788100530.86,0.0,False,0.14796539464713399,-0.0033584508759961773,754580607.1506666,754483031.855,69048922.65107928,False
2019-06-01,2019,6,2,201906,X,exports,W00,World,85,"Electrical machinery and equipment and parts thereof; sound recorders and reproducers; television image and sound recorders and reproducers, parts and accessories of such articles",625627477.208,625627477.208,0.0,False,-0.20615777719969863,0.07257764133448075,700082474.265,758010870.2214999,59995312.58483368,True
2019-07-01,2019,7,3,201907,X,exports,W00,World,85,"Electrical machinery and equipment and parts thereof; sound recorders and reproducers; television image and sound recorders and reproducers, parts and accessories of such articles",849277839.595,849277839.595,0.0,False,0.3574816812475836,0.043250632386025334,754335282.5543333,760944952.92525,63730733.045174845,False
2019-08-01,2019,8,3,201908,X,exports,W00,World,85,"Electrical machinery and equipment and parts thereof; sound recorders and reproducers; television image and sound recorders and reproducers, parts and accessories of such articles",780545023.384,780545023.384,0.0,False,-0.08093089564632594,-0.08748418419327986,751816780.0623332,754708956.4805833,56951153.51046139,False
2019-09-01,2019,9,3,201909,X,exports,W00,World,85,"Electrical machinery and equipment and parts thereof; sound recorders and reproducers; television image and sound recorders and reproducers, parts and accessories of such articles",729312470.562,729312470.562,0.0,False,-0.06563689638284365,-0.052030345759022545,786378444.5136666,751373197.45075,57187978.03241075,False
2019-10-01,2019,10,4,201910,X,exports,W00,World,85,"Electrical machinery and equipment and parts thereof; sound recorders and reproducers; television image and sound recorders and reproducers, parts and accessories of such articles",798519769.603,798519769.603,0.0,False,0.09489389230883383,0.013493868023942701,769459087.8496666,752259168.9668332,57883232.08582681,False
2019-11-01,2019,11,4,201911,X,exports,W00,World,85,"Electrical machinery and equipment and parts thereof; sound recorders and reproducers; television image and sound recorders and reproducers, parts and accessories of such articles",771183822.282,771183822.282,0.0,False,-0.0342332755701098,0.0430090328372954,766338687.4823333,754909183.5953332,57968052.818952076,False
2019-12-01,2019,12,4,201912,X,exports,W00,World,85,"Electrical machinery and equipment and parts thereof; sound recorders and reproducers; television image and sound recorders and reproducers, parts and accessories of such articles",692672862.183,692672862.183,0.0,False,-0.10180576644706996,-0.06321765184432915,754125484.6893333,751013832.6697501,60613916.598159,False
2020-01-01,2020,1,1,202001,X,exports,W00,World,85,"Electrical machinery and equipment and parts thereof; sound recorders and reproducers; television image and sound recorders and reproducers, parts and accessories of such articles",779270115.307,779270115.307,0.0,False,0.12501897771927095,0.01398907991852627,747708933.2573333,751909739.09,60974556.72263871,False
2020-02-01,2020,2,1,202002,X,exports,W00,World,85,"Electrical machinery and equipment and parts thereof; sound recorders and reproducers; television image and sound recorders and reproducers, parts and accessories of such articles",763207998.033,763207998.033,0.0,False,-0.02061174547630673,0.041544428019799184,745050325.1743332,754446599.9674168,60738477.74281736,False
2020-03-01,2020,3,1,202003,X,exports,W00,World,85,"Electrical machinery and equipment and parts thereof; sound recorders and reproducers; television image and sound recorders and reproducers, parts and accessories of such articles",721437955.003,721437955.003,0.0,False,-0.05472956669433893,-0.08577118811692797,754638689.4476666,748806273.2289166,60367229.158385165,False
2020-04-01,2020,4,2,202004,X,exports,W00,World,85,"Electrical machinery and equipment and parts thereof; sound recorders and reproducers; television image and sound recorders and reproducers, parts and accessories of such articles",591647848.597,591647848.597,0.0,False,-0.17990473817732577,-0.13819210949442184,692097933.8776666,740900309.38475,73950408.71357685,True
2020-05-01,2020,5,2,202005,X,exports,W00,World,85,"Electrical machinery and equipment and parts thereof; sound recorders and reproducers; television image and sound recorders and reproducers, parts and accessories of such articles",500853190.729,500853190.729,0.0,False,-0.15346064062145293,-0.36448058196020594,604646331.443,716963031.0405,99395505.28122471,True
2020-06-01,2020,6,2,202006,X,exports,W00,World,85,"Electrical machinery and equipment and parts thereof; sound recorders and reproducers; television image and sound recorders and reproducers, parts and accessories of such articles",698705000.449,698705000.449,0.0,False,0.3950295483433448,0.1168067674506954,597068679.9250001,723052824.6439166,95451213.82380429,False
2020-07-01,2020,7,3,202007,X,exports,W00,World,85,"Electrical machinery and equipment and parts thereof; sound recorders and reproducers; television image and sound recorders and reproducers, parts and accessories of such articles",794802538.013,794802538.013,0.0,False,0.13753663921432668,-0.06414308609297747,664786909.7303333,718513216.17875,90044558.08792867,False
2020-08-01,2020,8,3,202008,X,exports,W00,World,85,"Electrical machinery and equipment and parts thereof; sound recorders and reproducers; television image and sound recorders and reproducers, parts and accessories of such articles",789976841.351,789976841.351,0.0,False,-0.006071566749225821,0.012083630904606846,761161459.9376665,719299201.0093333,90674211.1304971,False
2020-09-01,2020,9,3,202009,X,exports,W00,World,85,"Electrical machinery and equipment and parts thereof; sound recorders and reproducers; television image and sound recorders and reproducers, parts and accessories of such articles",844591948.288,844591948.288,0.0,False,0.0691350734327838,0.15806596264172867,809790442.5506667,728905824.1531667,97668501.78969835,False
2020-10-01,2020,10,4,202010,X,exports,W00,World,85,"Electrical machinery and equipment and parts thereof; sound recorders and reproducers; television image and sound recorders and reproducers, parts and accessories of such articles",904282922.531,904282922.531,0.0,False,0.07067433494244701,0.1324490099732687,846283904.0566667,737719420.2304999,108673560.46471159,False
2020-11-01,2020,11,4,202011,X,exports,W00,World,85,"Electrical machinery and equipment and parts thereof; sound recorders and reproducers; television image and sound recorders and reproducers, parts and accessories of such articles",866893759.539,866893759.539,0.0,False,-0.041346753389250535,0.1241078125495243,871922876.7860001,745695248.33525,114698081.1080256,False
2020-12-01,2020,12,4,202012,X,exports,W00,World,85,"Electrical machinery and equipment and parts thereof; sound recorders and reproducers; television image and sound recorders and reproducers, parts and accessories of such articles",977010571.425,977010571.425,0.0,False,0.127024575588776,0.41049350243907745,916062417.8316666,769390057.4387499,130965028.44441709,False
2021-01-01,2021,1,1,202101,X,exports,W00,World,85,"Electrical machinery and equipment and parts thereof; sound recorders and reproducers; television image and sound recorders and reproducers, parts and accessories of such articles",860261692.459,860261692.459,,False,-0.11949602428120931,0.10393261022218536,901388674.4743333,776139355.53475,133581309.13084912,False
2021-02-01,2021,2,1,202102,X,exports,W00,World,85,"Electrical machinery and equipment and parts thereof; sound recorders and reproducers; television image and sound recorders and reproducers, parts and accessories of such articles",837595258.249,837595258.249,,False,-0.026348301230535554,0.09746656272957921,891622507.3776666,782338293.8860832,134648401.93211892,False
2021-03-01,2021,3,1,202103,X,exports,W00,World,85,"Electrical machinery and equipment and parts thereof; sound recorders and reproducers; television image and sound recorders and reproducers, parts and accessories of such articles",972807095.237,972807095.237,,False,0.16142860845542706,0.3484279396319738,890221348.6483334,803285722.2389168,143570093.59651202,False
2021-04-01,2021,4,2,202104,X,exports,W00,World,85,"Electrical machinery and equipment and parts thereof; sound recorders and reproducers; television image and sound recorders and reproducers, parts and accessories of such articles",1002607775.381,1002607775.381,,False,0.030633699414722937,0.6946022499000495,937670042.9556667,837532382.8042499,137378301.7533572,False
2021-05-01,2021,5,2,202105,X,exports,W00,World,85,"Electrical machinery and equipment and parts thereof; sound recorders and reproducers; television image and sound recorders and reproducers, parts and accessories of such articles",869762812.13,869762812.13,,False,-0.13249943448774648,0.7365623864031814,948392560.916,868274851.2543334,87357939.49463311,False
2021-06-01,2021,6,2,202106,X,exports,W00,World,85,"Electrical machinery and equipment and parts thereof; sound recorders and reproducers; television image and sound recorders and reproducers, parts and accessories of such articles",1007373820.516,1007373820.516,,False,0.15821670743659233,0.4417727365177637,959914802.6756667,893997252.9265833,77811188.19662704,False
2021-07-01,2021,7,3,202107,X,exports,W00,World,85,"Electrical machinery and equipment and parts thereof; sound recorders and reproducers; television image and sound recorders and reproducers, parts and accessories of such articles",953060924.497,953060924.497,,False,-0.05391533402285531,0.19911660936519482,943399185.7143332,907185451.80025,72714993.98491867,False
2021-08-01,2021,8,3,202108,X,exports,W00,World,85,"Electrical machinery and equipment and parts thereof; sound recorders and reproducers; television image and sound recorders and reproducers, parts and accessories of such articles",1005054518.449,1005054518.449,,False,0.0545543234598993,0.2722582053547029,988496421.1539999,925108591.5584167,67519561.0917569,False
2021-09-01,2021,9,3,202109,X,exports,W00,World,85,"Electrical machinery and equipment and parts thereof; sound recorders and reproducers; television image and sound recorders and reproducers, parts and accessories of such articles",1051165393.516,1051165393.516,,False,0.04587897892161941,0.24458372548628637,1003093612.1539999,942323045.3274165,71350059.4914167,False
2021-10-01,2021,10,4,202110,X,exports,W00,World,85,"Electrical machinery and equipment and parts thereof; sound recorders and reproducers; television image and sound recorders and reproducers, parts and accessories of such articles",945552383.434,945552383.434,,False,-0.10047230505633309,0.04563777538504299,1000590765.133,945762167.0693332,70337231.74541295,False
2021-11-01,2021,11,4,202111,X,exports,W00,World,85,"Electrical machinery and equipment and parts thereof; sound recorders and reproducers; television image and sound recorders and reproducers, parts and accessories of such articles",1059894406.22,1059894406.22,,False,0.12092616420757096,0.22263471683500713,1018870727.7233334,961845554.29275,72690143.15942892,False
2021-12-01,2021,12,4,202112,X,exports,W00,World,85,"Electrical machinery and equipment and parts thereof; sound recorders and reproducers; television image and sound recorders and reproducers, parts and accessories of such articles",1210749343.229,1210749343.229,,False,0.14233015678137972,0.23923873358205827,1072065377.6276666,981323785.2764168,102377521.79293154,True
2022-01-01,2022,1,1,202201,X,exports,W00,World,85,"Electrical machinery and equipment and parts thereof; sound recorders and reproducers; television image and sound recorders and reproducers, parts and accessories of such articles",1064738076.784,1064738076.784,,False,-0.12059578414108096,0.237690909774813,1111793942.0776665,998363483.9701667,97286093.7388361,False
2022-02-01,2022,2,1,202202,X,exports,W00,World,85,"Electrical machinery and equipment and parts thereof; sound recorders and reproducers; television image and sound recorders and reproducers, parts and accessories of such articles",1069979016.782,1069979016.782,,False,0.004922280993115091,0.27744158797985574,1115155478.9316666,1017728797.1812501,84687984.68700375,False
2022-03-01,2022,3,1,202203,X,exports,W00,World,85,"Electrical machinery and equipment and parts thereof; sound recorders and reproducers; television image and sound recorders and reproducers, parts and accessories of such articles",1170788495.488,1170788495.488,,False,0.09421631370789685,0.2035155800367252,1101835196.3513334,1034227247.2021666,93922370.24502587,False
2022-04-01,2022,4,2,202204,X,exports,W00,World,85,"Electrical machinery and equipment and parts thereof; sound recorders and reproducers; television image and sound recorders and reproducers, parts and accessories of such articles",1228395042.618,1228395042.618,,False,0.049203205661829674,0.22519999623102738,1156387518.296,1053042852.80525,108497400.70818073,False
2022-05-01,2022,5,2,202205,X,exports,W00,World,85,"Electrical machinery and equipment and parts thereof; sound recorders and reproducers; television image and sound recorders and reproducers, parts and accessories of such articles",1072217915.163,1072217915.163,,False,-0.1271391710619002,0.23277047513355842,1157133817.7563334,1069914111.3913332,91873917.0008685,False
2022-06-01,2022,6,2,202206,X,exports,W00,World,85,"Electrical machinery and equipment and parts thereof; sound recorders and reproducers; television image and sound recorders and reproducers, parts and accessories of such articles",1208324292.113,1208324292.113,,False,0.12693909980911755,0.19947954523383227,1169645749.9646666,1086659984.0244167,97575137.48976819,False
2022-07-01,2022,7,3,202207,X,exports,W00,World,85,"Electrical machinery and equipment and parts thereof; sound recorders and reproducers; television image and sound recorders and reproducers, parts and accessories of such articles",1195699984.191,1195699984.191,,False,-0.01044778128222823,0.2545892434128054,1158747397.1556666,1106879905.6655834,92375150.22659105,False
2022-08-01,2022,8,3,202208,X,exports,W00,World,85,"Electrical machinery and equipment and parts thereof; sound recorders and reproducers; television image and sound recorders and reproducers, parts and accessories of such articles",1448783501.817,1448783501.817,,False,0.21166138744848606,0.44149742648066725,1284269259.3736665,1143857320.94625,129329234.85241947,True
2022-09-01,2022,9,3,202209,X,exports,W00,World,85,"Electrical machinery and equipment and parts thereof; sound recorders and reproducers; television image and sound recorders and reproducers, parts and accessories of such articles",1345918154.994,1345918154.994,,False,-0.07100118595634941,0.28040569381008007,1330133880.3339999,1168420051.0694168,137835018.50029066,False
2022-10-01,2022,10,4,202210,X,exports,W00,World,85,"Electrical machinery and equipment and parts thereof; sound recorders and reproducers; television image and sound recorders and reproducers, parts and accessories of such articles",1266399097.273,1266399097.273,,False,-0.05908164432283358,0.33932198729568874,1353700251.3613331,1195157277.2226667,120730639.57120822,False
2022-11-01,2022,11,4,202211,X,exports,W00,World,85,"Electrical machinery and equipment and parts thereof; sound recorders and reproducers; television image and sound recorders and reproducers, parts and accessories of such articles",1210491657.644,1210491657.644,,False,-0.04414677785967169,0.14208703295367786,1274269636.637,1207707048.1746666,112969786.21965215,False
2022-12-01,2022,12,4,202212,X,exports,W00,World,85,"Electrical machinery and equipment and parts thereof; sound recorders and reproducers; television image and sound recorders and reproducers, parts and accessories of such articles",1266678967.704,1266678967.704,,False,0.046416932909193465,0.04619422243570148,1247856574.207,1212367850.2142498,114253169.20593625,False
2023-01-01,2023,1,1,202301,X,exports,W00,World,85,"Electrical machinery and equipment and parts thereof; sound recorders and reproducers; television image and sound recorders and reproducers, parts and accessories of such articles",1289861908.516,1289861908.516,,False,0.01830214395524532,0.21143587952821008,1255677511.288,1231128169.52525,105992725.95573507,False
2023-02-01,2023,2,1,202302,X,exports,W00,World,85,"Electrical machinery and equipment and parts thereof; sound recorders and reproducers; television image and sound recorders and reproducers, parts and accessories of such articles",1431213257.689,1431213257.689,,False,0.1095864202514718,0.3376087149759486,1329251377.9696667,1261231022.9341667,107352371.86105074,False
2023-03-01,2023,3,1,202303,X,exports,W00,World,85,"Electrical machinery and equipment and parts thereof; sound recorders and reproducers; television image and sound recorders and reproducers, parts and accessories of such articles",1266889381.429,1266889381.429,,False,-0.11481438938410626,0.08208219188295307,1329321515.878,1269239430.0959167,103507751.31840102,False
2023-04-01,2023,4,2,202304,X,exports,W00,World,85,"Electrical machinery and equipment and parts thereof; sound recorders and reproducers; television image and sound recorders and reproducers, parts and accessories of such articles",1033077602.573,1033077602.573,,False,-0.18455579649130038,-0.15900213959568943,1243726747.2303333,1252962976.7588334,123868504.32638715,False
2023-05-01,2023,5,2,202305,X,exports,W00,World,85,"Electrical machinery and equipment and parts thereof; sound recorders and reproducers; television image and sound recorders and reproducers, parts and accessories of such articles",1231844814.637,1231844814.637,,False,0.1924029826694018,0.14887542654958663,1177270599.5463333,1266265218.3816667,110548744.45174675,False
2023-06-01,2023,6,2,202306,X,exports,W00,World,85,"Electrical machinery and equipment and parts thereof; sound recorders and reproducers; television image and sound recorders and reproducers, parts and accessories of such articles",1160890359.395,1160890359.395,,False,-0.0576001574215409,-0.03925596218466487,1141937592.2016666,1262312390.6551666,113614373.97202146,False
2023-07-01,2023,7,3,202307,X,exports,W00,World,85,"Electrical machinery and equipment and parts thereof; sound recorders and reproducers; television image and sound recorders and reproducers, parts and accessories of such articles",1237735387.223,1237735387.223,,False,0.066194905665379,0.03515547678161157,1210156853.7516668,1265815340.9078333,112010573.43786925,False
2023-08-01,2023,8,3,202308,X,exports,W00,World,85,"Electrical machinery and equipment and parts thereof; sound recorders and reproducers; television image and sound recorders and reproducers, parts and accessories of such articles",1259454168.709,1259454168.709,,False,0.017547192808899714,-0.1306815910524598,1219359971.7756665,1250037896.4821665,96099398.23607063,False
2023-09-01,2023,9,3,202309,X,exports,W00,World,85,"Electrical machinery and equipment and parts thereof; sound recorders and reproducers; television image and sound recorders and reproducers, parts and accessories of such articles",1162091983.977,1162091983.977,,False,-0.07730506369421997,-0.13658049736153488,1219760513.3030002,1234719048.8974168,94055830.71813188,False
2023-10-01,2023,10,4,202310,X,exports,W00,World,85,"Electrical machinery and equipment and parts thereof; sound recorders and reproducers; television image and sound recorders and reproducers, parts and accessories of such articles",1073765381.119,1073765381.119,,False,-0.07600655032119052,-0.15211138145060887,1165103844.6016667,1218666239.2179167,104063633.30186151,False
2023-11-01,2023,11,4,202311,X,exports,W00,World,85,"Electrical machinery and equipment and parts thereof; sound recorders and reproducers; television image and sound recorders and reproducers, parts and accessories of such articles",1118151521.417,1118151521.417,,False,0.04133690755772368,-0.07628316613657882,1118002962.1709998,1210971227.8656666,108060363.53899673,False
2023-12-01,2023,12,4,202312,X,exports,W00,World,85,"Electrical machinery and equipment and parts thereof; sound recorders and reproducers; television image and sound recorders and reproducers, parts and accessories of such articles",1087467899.794,1087467899.794,,False,-0.027441380738914223,-0.14148104806290462,1093128267.4433334,1196036972.2065,111974347.5946585,False
2024-01-01,2024,1,1,202401,X,exports,W00,World,85,"Electrical machinery and equipment and parts thereof; sound recorders and reproducers; television image and sound recorders and reproducers, parts and accessories of such articles",1098222426.769,1098222426.769,,False,0.009889512119886312,-0.14857364224941205,1101280615.9933333,1180067015.39425,111038442.19269481,False
2024-02-01,2024,2,1,202402,X,exports,W00,World,85,"Electrical machinery and equipment and parts thereof; sound recorders and reproducers; television image and sound recorders and reproducers, parts and accessories of such articles",1168433179.347,1168433179.347,,False,0.06393126826280704,-0.18360651491330837,1118041168.6366665,1158168675.5324166,78004286.44884802,False
2024-03-01,2024,3,1,202403,X,exports,W00,World,85,"Electrical machinery and equipment and parts thereof; sound recorders and reproducers; television image and sound recorders and reproducers, parts and accessories of such articles",1317321808.517,1317321808.517,,False,0.12742588262788734,0.03980807466482528,1194659138.211,1162371377.7897499,85402220.06978339,False
2024-04-01,2024,4,2,202404,X,exports,W00,World,85,"Electrical machinery and equipment and parts thereof; sound recorders and reproducers; television image and sound recorders and reproducers, parts and accessories of such articles",991170686.25,991170686.25,,False,-0.24758651998190995,-0.04056511942435481,1158975224.7046666,1158879134.7628334,91787986.17114897,False
2024-05-01,2024,5,2,202405,X,exports,W00,World,85,"Electrical machinery and equipment and parts thereof; sound recorders and reproducers; television image and sound recorders and reproducers, parts and accessories of such articles",1285723582.932,1285723582.932,,False,0.29717676356674017,0.04373827584027046,1198072025.8996668,1163369032.12075,96859313.11646658,False
2024-06-01,2024,6,2,202406,X,exports,W00,World,85,"Electrical machinery and equipment and parts thereof; sound recorders and reproducers; television image and sound recorders and reproducers, parts and accessories of such articles",1136821362.623,1136821362.623,,False,-0.1158120005619242,-0.020733221339303443,1137905210.6016667,1161363282.38975,97164036.77418661,False
2024-07-01,2024,7,3,202407,X,exports,W00,World,85,"Electrical machinery and equipment and parts thereof; sound recorders and reproducers; television image and sound recorders and reproducers, parts and accessories of such articles",1308164517.405,1308164517.405,,False,0.15072126581669631,0.05690160506763542,1243569820.9866667,1167232376.5715833,104077724.22218858,False
2024-08-01,2024,8,3,202408,X,exports,W00,World,85,"Electrical machinery and equipment and parts thereof; sound recorders and reproducers; television image and sound recorders and reproducers, parts and accessories of such articles",1469981817.319,1469981817.319,,False,0.12369797358133239,0.16715784809049516,1304989232.449,1184776347.2890832,134371524.8167517,True
2024-09-01,2024,9,3,202409,X,exports,W00,World,85,"Electrical machinery and equipment and parts thereof; sound recorders and reproducers; television image and sound recorders and reproducers, parts and accessories of such articles",1285258544.855,1285258544.855,,False,-0.1256636444666399,0.10598692924159936,1354468293.193,1195040227.36225,137156413.1587441,False
2024-10-01,2024,10,4,202410,X,exports,W00,World,85,"Electrical machinery and equipment and parts thereof; sound recorders and reproducers; television image and sound recorders and reproducers, parts and accessories of such articles",1410348889.062,1410348889.062,,False,0.09732698896089609,0.3134609420842356,1388529750.412,1223088853.0241666,144329240.10105848,False
2024-11-01,2024,11,4,202411,X,exports,W00,World,85,"Electrical machinery and equipment and parts thereof; sound recorders and reproducers; television image and sound recorders and reproducers, parts and accessories of such articles",1345399340.688,1345399340.688,,False,-0.046052114393621446,0.2032352636635646,1347002258.2016666,1242026171.29675,144217251.70320636,False
2024-12-01,2024,12,4,202412,X,exports,W00,World,85,"Electrical machinery and equipment and parts thereof; sound recorders and reproducers; television image and sound recorders and reproducers, parts and accessories of such articles",1349055455.476,1349055455.476,,False,0.0027174941130345687,0.24054738142758314,1368267895.0753334,1263825134.27025,138383342.24453542,False
2015-01-01,2015,1,1,201501,M,imports,W00,World,85,"Electrical machinery and equipment and parts thereof; sound recorders and reproducers; television image and sound recorders and reproducers, parts and accessories of such articles",1330219038.0,0.0,1330219038.0,False,,,1330219038.0,,,False
2015-02-01,2015,2,1,201502,M,imports,W00,World,85,"Electrical machinery and equipment and parts thereof; sound recorders and reproducers; television image and sound recorders and reproducers, parts and accessories of such articles",1248209133.0,0.0,1248209133.0,False,-0.061651429318966056,,1289214085.5,,,False
2015-03-01,2015,3,1,201503,M,imports,W00,World,85,"Electrical machinery and equipment and parts thereof; sound recorders and reproducers; television image and sound recorders and reproducers, parts and accessories of such articles",1331189871.0,0.0,1331189871.0,False,0.06647983563504334,,1303206014.0,,,False
2015-04-01,2015,4,2,201504,M,imports,W00,World,85,"Electrical machinery and equipment and parts thereof; sound recorders and reproducers; television image and sound recorders and reproducers, parts and accessories of such articles",1371156941.0,0.0,1371156941.0,False,0.030023568290807656,,1316851981.6666667,,,False
2015-05-01,2015,5,2,201505,M,imports,W00,World,85,"Electrical machinery and equipment and parts thereof; sound recorders and reproducers; television image and sound recorders and reproducers, parts and accessories of such articles",1214567184.0,0.0,1214567184.0,False,-0.11420265056295986,,1305637998.6666667,,,False
2015-06-01,2015,6,2,201506,M,imports,W00,World,85,"Electrical machinery and equipment and parts thereof; sound recorders and reproducers; television image and sound recorders and reproducers, parts and accessories of such articles",1375134853.0,0.0,1375134853.0,False,0.13220155386645116,,1320286326.0,1311746170.0,65951163.13567081,False
2015-07-01,2015,7,3,201507,M,imports,W00,World,85,"Electrical machinery and equipment and parts thereof; sound recorders and reproducers; television image and sound recorders and reproducers, parts and accessories of such articles",1049781214.0,0.0,1049781214.0,False,-0.23659762407316431,,1213161083.6666667,1274322604.857143,115880509.70058884,False
2015-08-01,2015,8,3,201508,M,imports,W00,World,85,"Electrical machinery and equipment and parts thereof; sound recorders and reproducers; television image and sound recorders and reproducers, parts and accessories of such articles",1264724311.0,0.0,1264724311.0,False,0.2047503747766628,,1229880126.0,1273122818.125,107338161.573703,False
2015-09-01,2015,9,3,201509,M,imports,W00,World,85,"Electrical machinery and equipment and parts thereof; sound recorders and reproducers; television image and sound recorders and reproducers, parts and accessories of such articles",1293053381.0,0.0,1293053381.0,False,0.022399403374796067,,1202519635.3333333,1275337325.1111112,100625206.50658756,False
2015-10-01,2015,10,4,201510,M,imports,W00,World,85,"Electrical machinery and equipment and parts thereof; sound recorders and reproducers; television image and sound recorders and reproducers, parts and accessories of such articles",1247305059.0,0.0,1247305059.0,False,-0.035380072216832925,,1268360917.0,1272534098.5,95283602.77784704,False
2015-11-01,2015,11,4,201511,M,imports,W00,World,85,"Electrical machinery and equipment and parts thereof; sound recorders and reproducers; television image and sound recorders and reproducers, parts and accessories of such articles",1402369940.0,0.0,1402369940.0,False,0.12431993270701547,,1314242793.3333333,1284337356.8181818,98506621.29358056,False
2015-12-01,2015,12,4,201512,M,imports,W00,World,85,"Electrical machinery and equipment and parts thereof; sound recorders and reproducers; television image and sound recorders and reproducers, parts and accessories of such articles",1390571346.0,0.0,1390571346.0,False,-0.008413324946197842,,1346748781.6666667,1293190189.25,98802251.14267452,False
2016-01-01,2016,1,1,201601,M,imports,W00,World,85,"Electrical machinery and equipment and parts thereof; sound recorders and reproducers; television image and sound recorders and reproducers, parts and accessories of such articles",1109219553.0,0.0,1109219553.0,False,-0.2023281968302546,-0.16613766506625505,1300720279.6666667,1274773565.5,111103853.19304232,False
2016-02-01,2016,2,1,201602,M,imports,W00,World,85,"Electrical machinery and equipment and parts thereof; sound recorders and reproducers; television image and sound recorders and reproducers, parts and accessories of such articles",1170366494.0,0.0,1170366494.0,False,0.05512609368868571,-0.06236345892848072,1223385797.6666667,1268286678.9166667,114999975.99698201,False
2016-03-01,2016,3,1,201603,M,imports,W00,World,85,"Electrical machinery and equipment and parts thereof; sound recorders and reproducers; television image and sound recorders and reproducers, parts and accessories of such articles",1252236678.0,0.0,1252236678.0,False,0.06995260409428639,-0.05931024170180155,1177274241.6666667,1261707246.1666667,113320247.32980977,False
2016-04-01,2016,4,2,201604,M,imports,W00,World,85,"Electrical machinery and equipment and parts thereof; sound recorders and reproducers; television image and sound recorders and reproducers, parts and accessories of such articles",1271311398.0,0.0,1271311398.0,False,0.015232519806451572,-0.07281846447656204,1231304856.6666667,1253386784.25,108098652.7537901,False
2016-05-01,2016,5,2,201605,M,imports,W00,World,85,"Electrical machinery and equipment and parts thereof; sound recorders and reproducers; television image and sound recorders and reproducers, parts and accessories of such articles",1249312918.0,0.0,1249312918.0,False,-0.01730376997689753,0.02860750270361323,1257620331.3333333,1256282262.0833333,107427580.47721882,False
2016-06-01,2016,6,2,201606,M,imports,W00,World,85,"Electrical machinery and equipment and parts thereof; sound recorders and reproducers; television image and sound recorders and reproducers, parts and accessories of such articles",1304196149.0,0.0,1304196149.0,False,0.043930732012170015,-0.05158672536387232,1274940155.0,1250370703.4166667,102113118.82618122,False
2016-07-01,2016,7,3,201607,M,imports,W00,World,85,"Electrical machinery and equipment and parts thereof; sound recorders and reproducers; television image and sound recorders and reproducers, parts and accessories of such articles",965866500.0,0.0,965866500.0,False,-0.2594162306486001,-0.0799354311935706,1173125189.0,1243377810.5833333,118635297.25234659,True
2016-08-01,2016,8,3,201608,M,imports,W00,World,85,"Electrical machinery and equipment and parts thereof; sound recorders and reproducers; television image and sound recorders and reproducers, parts and accessories of such articles",1359680881.0,0.0,1359680881.0,False,0.4077316906632542,0.07508084503010704,1209914510.0,1251290858.0833333,123265053.13021329,False
2016-09-01,2016,9,3,201609,M,imports,W00,World,85,"Electrical machinery and equipment and parts thereof; sound recorders and reproducers; television image and sound recorders and reproducers, parts and accessories of such articles",1295433489.0,0.0,1295433489.0,False,-0.047251816876874964,0.0018406881223722582,1206993623.3333333,1251489200.4166667,123340252.96745841,False
2016-10-01,2016,10,4,201610,M,imports,W00,World,85,"Electrical machinery and equipment and parts thereof; sound recorders and reproducers; television image and sound recorders and reproducers, parts and accessories of such articles",1380641752.0,0.0,1380641752.0,False,0.06577586863666451,0.10689982537784282,1345252040.6666667,1262600591.5,128813577.92006409,False
2016-11-01,2016,11,4,201611,M,imports,W00,World,85,"Electrical machinery and equipment and parts thereof; sound recorders and reproducers; television image and sound recorders and reproducers, parts and accessories of such articles",1585130754.0,0.0,1585130754.0,False,0.148111558776038,0.1303228262294327,1420401998.3333333,1277830659.3333333,154986536.59120893,False
2016-12-01,2016,12,4,201612,M,imports,W00,World,85,"Electrical machinery and equipment and parts thereof; sound recorders and reproducers; television image and sound recorders and reproducers, parts and accessories of such articles",1487499055.0,0.0,1487499055.0,False,-0.06159220540869026,0.06970351379583217,1484423853.6666667,1285907968.4166667,163678329.33058053,False
2017-01-01,2017,1,1,201701,M,imports,W00,World,85,"Electrical machinery and equipment and parts thereof; sound recorders and reproducers; television image and sound recorders and reproducers, parts and accessories of such articles",1356946649.0,0.0,1356946649.0,False,-0.08776637911880891,0.22333459172261816,1476525486.0,1306551893.0833333,154746181.890276,False
2017-02-01,2017,2,1,201702,M,imports,W00,World,85,"Electrical machinery and equipment and parts thereof; sound recorders and reproducers; television image and sound recorders and reproducers, parts and accessories of such articles",1084057537.0,0.0,1084057537.0,False,-0.2011052624663654,-0.07374523915582976,1309501080.3333333,1299359480.0,163414335.30076987,False
2017-03-01,2017,3,1,201703,M,imports,W00,World,85,"Electrical machinery and equipment and parts thereof; sound recorders and reproducers; television image and sound recorders and reproducers, parts and accessories of such articles",1475297139.0,0.0,1475297139.0,False,0.36090298590857905,0.178129633893378,1305433775.0,1317947851.75,170115967.2410644,False
2017-04-01,2017,4,2,201704,M,imports,W00,World,85,"Electrical machinery and equipment and parts thereof; sound recorders and reproducers; television image and sound recorders and reproducers, parts and accessories of such articles",1441082659.0,,1441082659.0,False,-0.02319158567825297,0.13354026501066585,1333479111.6666667,1332095456.8333333,172921219.73919043,False
2017-05-01,2017,5,2,201705,M,imports,W00,World,85,"Electrical machinery and equipment and parts thereof; sound recorders and reproducers; television image and sound recorders and reproducers, parts and accessories of such articles",1590733892.0,0.0,1590733892.0,False,0.10384639081275626,0.2732869956604418,1502371230.0,1360547204.6666667,185679611.2930928,False
2017-06-01,2017,6,2,201706,M,imports,W00,World,85,"Electrical machinery and equipment and parts thereof; sound recorders and reproducers; television image and sound recorders and reproducers, parts and accessories of such articles",1033913095.0,,1033913095.0,False,-0.35004019201471814,-0.20724110725770895,1355243215.3333333,1338023616.8333333,208167929.27517387,False
2017-07-01,2017,7,3,201707,M,imports,W00,World,85,"Electrical machinery and equipment and parts thereof; sound recorders and reproducers; television image and sound recorders and reproducers, parts and accessories of such articles",1557189583.0,0.0,1557189583.0,False,0.5061126418947233,0.6122203047729682,1393945523.3333333,1387300540.4166667,180168348.87704068,False
2017-08-01,2017,8,3,201708,M,imports,W00,World,85,"Electrical machinery and equipment and parts thereof; sound recorders and reproducers; television image and sound recorders and reproducers, parts and accessories of such articles",1575129757.0,0.0,1575129757.0,False,0.011520866948928177,0.15845547217045852,1388744145.0,1405254613.4166667,187741543.20051372,False
2017-09-01,2017,9,3,201709,M,imports,W00,World,85,"Electrical machinery and equipment and parts thereof; sound recorders and reproducers; television image and sound recorders and reproducers, parts and accessories of such articles",1570210453.0,0.0,1570210453.0,False,-0.003123110320364497,0.2121119813045067,1567509931.0,1428152693.75,189874035.3079795,False
2017-10-01,2017,10,4,201710,M,imports,W00,World,85,"Electrical machinery and equipment and parts thereof; sound recorders and reproducers; television image and sound recorders and reproducers, parts and accessories of such articles",1626493039.0,0.0,1626493039.0,False,0.03584397613228729,0.1780702971236814,1590611083.0,1448640301.0,197396311.21252882,False
2017-11-01,2017,11,4,201711,M,imports,W00,World,85,"Electrical machinery and equipment and parts thereof; sound recorders and reproducers; television image and sound recorders and reproducers, parts and accessories of such articles",1800726687.0,0.0,1800726687.0,False,0.10712228323283957,0.13601145044719765,1665810059.6666667,1466606628.75,219520148.74100447,False
2017-12-01,2017,12,4,201712,M,imports,W00,World,85,"Electrical machinery and equipment and parts thereof; sound recorders and reproducers; television image and sound recorders and reproducers, parts and accessories of such articles",1819980590.0,0.0,1819980590.0,False,0.010692296137442714,0.22351714031845216,1749066772.0,1494313423.3333333,242206658.2220287,False
2018-01-01,2018,1,1,201801,M,imports,W00,World,85,"Electrical machinery and equipment and parts thereof; sound recorders and reproducers; television image and sound recorders and reproducers, parts and accessories of such articles",1915179197.0,0.0,1915179197.0,False,0.05230748477377989,0.4113887221810737,1845295491.3333333,1540832802.3333333,265876672.61356327,False
2018-02-01,2018,2,1,201802,M,imports,W00,World,85,"Electrical machinery and equipment and parts thereof; sound recorders and reproducers; television image and sound recorders and reproducers, parts and accessories of such articles",1666311245.0,0.0,1666311245.0,False,-0.12994499542906224,0.5371059082447946,1800490344.0,1589353944.6666667,224912919.90748042,False
2018-03-01,2018,3,1,201803,M,imports,W00,World,85,"Electrical machinery and equipment and parts thereof; sound recorders and reproducers; television image and sound recorders and reproducers, parts and accessories of such articles",1511071936.0,0.0,1511071936.0,False,-0.09316345278579696,0.024249214652615203,1697520792.6666667,1592335177.75,223496288.7444634,False
2018-04-01,2018,4,2,201804,M,imports,W00,World,85,"Electrical machinery and equipment and parts thereof; sound recorders and reproducers; television image and sound recorders and reproducers, parts and accessories of such articles",1832871189.0,0.0,1832871189.0,False,0.2129609089636353,0.27187096281615863,1670084790.0,1624984221.9166667,227964357.0959589,False
2018-05-01,2018,5,2,201805,M,imports,W00,World,85,"Electrical machinery and equipment and parts thereof; sound recorders and reproducers; television image and sound recorders and reproducers, parts and accessories of such articles",1969795748.0,0.0,1969795748.0,False,0.07470495462079096,0.23829369444276605,1771246291.0,1656572709.9166667,248155585.67137158,False
2018-06-01,2018,6,2,201806,M,imports,W00,World,85,"Electrical machinery and equipment and parts thereof; sound recorders and reproducers; television image and sound recorders and reproducers, parts and accessories of such articles",1271629993.0,0.0,1271629993.0,False,-0.35443560872180335,0.22991961234420777,1691432310.0,1676382451.4166667,198439349.71269447,True
2018-07-01,2018,7,3,201807,M,imports,W00,World,85,"Electrical machinery and equipment and parts thereof; sound recorders and reproducers; television image and sound recorders and reproducers, parts and accessories of such articles",2026076465.0,0.0,2026076465.0,False,0.5932908756108586,0.30111098039627726,1755834068.6666667,1715456358.25,218032035.087915,False
2018-08-01,2018,8,3,201808,M,imports,W00,World,85,"Electrical machinery and equipment and parts thereof; sound recorders and reproducers; television image and sound recorders and reproducers, parts and accessories of such articles",1963250965.0,0.0,1963250965.0,False,-0.031008454559981247,0.24640586356467398,1753652474.3333333,1747799792.25,224028222.8590891,False
2018-09-01,2018,9,3,201809,M,imports,W00,World,85,"Electrical machinery and equipment and parts thereof; sound recorders and reproducers; television image and sound recorders and reproducers, parts and accessories of such articles",1696561876.0,0.0,1696561876.0,False,-0.1358405490456489,0.08046782694548771,1895296435.3333333,1758329077.5,217805595.44596788,False
2018-10-01,2018,10,4,201810,M,imports,W00,World,85,"Electrical machinery and equipment and parts thereof; sound recorders and reproducers; television image and sound recorders and reproducers, parts and accessories of such articles",2003652423.0,0.0,2003652423.0,False,0.18100757263509326,0.23188502806743339,1887821754.6666667,1789759026.1666667,224171353.73819545,False
2018-11-01,2018,11,4,201811,M,imports,W00,World,85,"Electrical machinery and equipment and parts thereof; sound recorders and reproducers; television image and sound recorders and reproducers, parts and accessories of such articles",1803658905.0,0.0,1803658905.0,False,-0.09981447665486642,0.001628352609626127,1834624401.3333333,1790003377.6666667,224185993.14784193,False
2018-12-01,2018,12,4,201812,M,imports,W00,World,85,"Electrical machinery and equipment and parts thereof; sound recorders and reproducers; television image and sound recorders and reproducers, parts and accessories of such articles",1787512097.0,0.0,1787512097.0,False,-0.008952251423613777,-0.017840021579570764,1864941141.6666667,1787297669.9166667,223987150.1443103,False
2019-01-01,2019,1,1,201901,M,imports,W00,World,85,"Electrical machinery and equipment and parts thereof; sound recorders and reproducers; television image and sound recorders and reproducers, parts and accessories of such articles",1724037463.0,0.0,1724037463.0,False,-0.03551004443915662,-0.09980357676159535,1771736155.0,1771369192.0833333,220840594.43704838,False
2019-02-01,2019,2,1,201902,M,imports,W00,World,85,"Electrical machinery and equipment and parts thereof; sound recorders and reproducers; television image and sound recorders and reproducers, parts and accessories of such articles",1369614706.0,0.0,1369614706.0,False,-0.2055771783423247,-0.17805589435363856,1627054755.3333333,1746644480.5,248543028.6786956,False
2019-03-01,2019,3,1,201903,M,imports,W00,World,85,"Electrical machinery and equipment and parts thereof; sound recorders and reproducers; television image and sound recorders and reproducers, parts and accessories of such articles",1602140649.0,0.0,1602140649.0,False,0.16977471253875387,0.060267622493916706,1565264272.6666667,1754233539.9166667,242000341.0731232,False
2019-04-01,2019,4,2,201904,M,imports,W00,World,85,"Electrical machinery and equipment and parts thereof; sound recorders and reproducers; television image and sound recorders and reproducers, parts and accessories of such articles",1826018879.0,0.0,1826018879.0,False,0.13973693891340755,-0.0037385660493352013,1599258078.0,1753662514.0833333,241805924.82449362,False
2019-05-01,2019,5,2,201905,M,imports,W00,World,85,"Electrical machinery and equipment and parts thereof; sound recorders and reproducers; television image and sound recorders and reproducers, parts and accessories of such articles",1656790854.0,0.0,1656790854.0,False,-0.09267594489092901,-0.15890220816945333,1694983460.6666667,1727578772.9166667,233097202.3480847,False
2019-06-01,2019,6,2,201906,M,imports,W00,World,85,"Electrical machinery and equipment and parts thereof; sound recorders and reproducers; television image and sound recorders and reproducers, parts and accessories of such articles",1201474979.0,0.0,1201474979.0,False,-0.27481795538690246,-0.05516936088814006,1561428237.3333333,1721732521.75,246089993.03675136,True
2019-07-01,2019,7,3,201907,M,imports,W00,World,85,"Electrical machinery and equipment and parts thereof; sound recorders and reproducers; television image and sound recorders and reproducers, parts and accessories of such articles",1837183633.0,0.0,1837183633.0,False,0.5291068604101159,-0.09323085049507251,1565149822.0,1705991452.4166667,230393631.44842714,False
2019-08-01,2019,8,3,201908,M,imports,W00,World,85,"Electrical machinery and equipment and parts thereof; sound recorders and reproducers; television image and sound recorders and reproducers, parts and accessories of such articles",1671819829.0,0.0,1671819829.0,False,-0.09000940408443103,-0.14844313905634576,1570159480.3333333,1681705524.4166667,215702035.0092381,False
2019-09-01,2019,9,3,201909,M,imports,W00,World,85,"Electrical machinery and equipment and parts thereof; sound recorders and reproducers; television image and sound recorders and reproducers, parts and accessories of such articles",1692276319.0,0.0,1692276319.0,False,0.012236061353714245,-0.002526024579842634,1733759927.0,1681348394.6666667,215678748.26700595,False
2019-10-01,2019,10,4,201910,M,imports,W00,World,85,"Electrical machinery and equipment and parts thereof; sound recorders and reproducers; television image and sound recorders and reproducers, parts and accessories of such articles",1804733947.0,0.0,1804733947.0,False,0.0664534666929888,-0.0992779354925073,1722943365.0,1664771855.0,195340559.2178831,False
2019-11-01,2019,11,4,201911,M,imports,W00,World,85,"Electrical machinery and equipment and parts thereof; sound recorders and reproducers; television image and sound recorders and reproducers, parts and accessories of such articles",1951530406.0,0.0,1951530406.0,False,0.08133966740306464,0.081984182591331,1816180224.0,1677094480.0833333,209079359.3737887,False
2019-12-01,2019,12,4,201912,M,imports,W00,World,85,"Electrical machinery and equipment and parts thereof; sound recorders and reproducers; television image and sound recorders and reproducers, parts and accessories of such articles",1722920218.0,0.0,1722920218.0,False,-0.11714405642727144,-0.03613507237707947,1826394857.0,1671711823.5,206797273.56762066,False
2020-01-01,2020,1,1,202001,M,imports,W00,World,85,"Electrical machinery and equipment and parts thereof; sound recorders and reproducers; television image and sound recorders and reproducers, parts and accessories of such articles",1727001517.0,0.0,1727001517.0,False,0.0023688264594965425,0.001719251503295105,1800484047.0,1671958828.0,206867212.88361382,False
2020-02-01,2020,2,1,202002,M,imports,W00,World,85,"Electrical machinery and equipment and parts thereof; sound recorders and reproducers; television image and sound recorders and reproducers, parts and accessories of such articles",1187837847.0,0.0,1187837847.0,False,-0.3121964078737981,-0.1327211647214892,1545919860.6666667,1656810756.4166667,235669658.76619142,False
2020-03-01,2020,3,1,202003,M,imports,W00,World,85,"Electrical machinery and equipment and parts thereof; sound recorders and reproducers; television image and sound recorders and reproducers, parts and accessories of such articles",1610718699.0,0.0,1610718699.0,False,0.3560089056498972,0.005354117945483905,1508519354.3333333,1657525593.9166667,235501706.97949955,False
2020-04-01,2020,4,2,202004,M,imports,W00,World,85,"Electrical machinery and equipment and parts thereof; sound recorders and reproducers; television image and sound recorders and reproducers, parts and accessories of such articles",1667298806.0,0.0,1667298806.0,False,0.035127242910340195,-0.0869213756907713,1488618450.6666667,1644298921.1666667,229560406.78270757,False
2020-05-01,2020,5,2,202005,M,imports,W00,World,85,"Electrical machinery and equipment and parts thereof; sound recorders and reproducers; television image and sound recorders and reproducers, parts and accessories of such articles",1141391619.0,0.0,1141391619.0,False,-0.3154246767930571,-0.3110828586213332,1473136374.6666667,1601348984.9166667,271410645.91647124,False
2020-06-01,2020,6,2,202006,M,imports,W00,World,85,"Electrical machinery and equipment and parts thereof; sound recorders and reproducers; television image and sound recorders and reproducers, parts and accessories of such articles",1400480732.0,0.0,1400480732.0,False,0.22699405592884414,0.1656345379457127,1403057052.3333333,1617932797.6666667,249990851.8622203,False
2020-07-01,2020,7,3,202007,M,imports,W00,World,85,"Electrical machinery and equipment and parts thereof; sound recorders and reproducers; television image and sound recorders and reproducers, parts and accessories of such articles",1621211665.0,0.0,1621211665.0,False,0.15761083173545587,-0.11755600481119677,1387694672.0,1599935133.6666667,240360055.1872746,False
2020-08-01,2020,8,3,202008,M,imports,W00,World,85,"Electrical machinery and equipment and parts thereof; sound recorders and reproducers; television image and sound recorders and reproducers, parts and accessories of such articles",1607813952.0,0.0,1607813952.0,False,-0.008264012213358929,-0.03828515243672226,1543168783.0,1594601310.5833333,239327806.33889773,False
2020-09-01,2020,9,3,202009,M,imports,W00,World,85,"Electrical machinery and equipment and parts thereof; sound recorders and reproducers; television image and sound recorders and reproducers, parts and accessories of such articles",1688928850.0,0.0,1688928850.0,False,0.05045042549798695,-0.0019780865349330323,1639318155.6666667,1594322354.8333333,239205528.095204,False
2020-10-01,2020,10,4,202010,M,imports,W00,World,85,"Electrical machinery and equipment and parts thereof; sound recorders and reproducers; television image and sound recorders and reproducers, parts and accessories of such articles",1488018725.0,0.0,1488018725.0,False,-0.11895712776769729,-0.17549136399106036,1594920509.0,1567929419.6666667,231218218.58492503,False
2020-11-01,2020,11,4,202011,M,imports,W00,World,85,"Electrical machinery and equipment and parts thereof; sound recorders and reproducers; television image and sound recorders and reproducers, parts and accessories of such articles",1842428328.0,0.0,1842428328.0,False,0.2381754994380194,-0.05590590731487688,1673125301.0,1558837579.8333333,216435693.99857098,False
2020-12-01,2020,12,4,202012,M,imports,W00,World,85,"Electrical machinery and equipment and parts thereof; sound recorders and reproducers; television image and sound recorders and reproducers, parts and accessories of such articles",2044786344.0,0.0,2044786344.0,False,0.10983223223649863,0.18681429507724312,1791744465.6666667,1585659757.0,255107543.27518967,False
2021-01-01,2021,1,1,202101,M,imports,W00,World,85,"Electrical machinery and equipment and parts thereof; sound recorders and reproducers; television image and sound recorders and reproducers, parts and accessories of such articles",1722299649.0,,1722299649.0,False,-0.15771168266370228,-0.00272256159228379,1869838107.0,1585267934.6666667,254874223.82313734,False
2021-02-01,2021,2,1,202102,M,imports,W00,World,85,"Electrical machinery and equipment and parts thereof; sound recorders and reproducers; television image and sound recorders and reproducers, parts and accessories of such articles",1895058605.0,,1895058605.0,False,0.10030714231423499,0.5953849338831514,1887381532.6666667,1644202997.8333333,235663291.09389174,False
2021-03-01,2021,3,1,202103,M,imports,W00,World,85,"Electrical machinery and equipment and parts thereof; sound recorders and reproducers; television image and sound recorders and reproducers, parts and accessories of such articles",1944623780.0,,1944623780.0,False,0.026154956300150856,0.20730192131456726,1853994011.3333333,1672028421.25,250590113.040602,False
2021-04-01,2021,4,2,202104,M,imports,W00,World,85,"Electrical machinery and equipment and parts thereof; sound recorders and reproducers; television image and sound recorders and reproducers, parts and accessories of such articles",2077816469.0,,2077816469.0,False,0.06849278013045801,0.24621721164958354,1972499618.0,1706238226.5,276561236.58968073,False
2021-05-01,2021,5,2,202105,M,imports,W00,World,85,"Electrical machinery and equipment and parts thereof; sound recorders and reproducers; television image and sound recorders and reproducers, parts and accessories of such articles",1655844384.0,,1655844384.0,False,-0.20308438752681768,0.4507241479928896,1892761544.3333333,1749109290.25,213792593.9479927,False
2021-06-01,2021,6,2,202106,M,imports,W00,World,85,"Electrical machinery and equipment and parts thereof; sound recorders and reproducers; television image and sound recorders and reproducers, parts and accessories of such articles",1786982692.0,,1786982692.0,False,0.07919724176206167,0.2759780632240787,1840214515.0,1781317786.9166667,183457669.4646597,False
2021-07-01,2021,7,3,202107,M,imports,W00,World,85,"Electrical machinery and equipment and parts thereof; sound recorders and reproducers; television image and sound recorders and reproducers, parts and accessories of such articles",1708511603.0,,1708511603.0,False,-0.043912618376943935,0.053848575040940094,1717112893.0,1788592781.75,178186711.28975925,False
2021-08-01,2021,8,3,202108,M,imports,W00,World,85,"Electrical machinery and equipment and parts thereof; sound recorders and reproducers; television image and sound recorders and reproducers, parts and accessories of such articles",1872472074.0,,1872472074.0,False,0.09596684664716326,0.16460742965365194,1789322123.0,1810647625.25,169966120.10091037,False
2021-09-01,2021,9,3,202109,M,imports,W00,World,85,"Electrical machinery and equipment and parts thereof; sound recorders and reproducers; television image and sound recorders and reproducers, parts and accessories of such articles",1749836178.0,,1749836178.0,False,-0.0654941121434316,0.03606269618758651,1776939951.6666667,1815723235.9166667,166882302.50643238,False
2021-10-01,2021,10,4,202110,M,imports,W00,World,85,"Electrical machinery and equipment and parts thereof; sound recorders and reproducers; television image and sound recorders and reproducers, parts and accessories of such articles",1661365525.0,,1661365525.0,False,-0.05055939185182401,0.11649503940214201,1761224592.3333333,1830168802.5833333,141510904.0054321,False
2021-11-01,2021,11,4,202111,M,imports,W00,World,85,"Electrical machinery and equipment and parts thereof; sound recorders and reproducers; television image and sound recorders and reproducers, parts and accessories of such articles",2088941794.0,,2088941794.0,False,0.2573643563477701,0.13379813057238232,1833381165.6666667,1850711591.4166667,160121484.14235592,False
2021-12-01,2021,12,4,202112,M,imports,W00,World,85,"Electrical machinery and equipment and parts thereof; sound recorders and reproducers; television image and sound recorders and reproducers, parts and accessories of such articles",2177173908.0,,2177173908.0,False,0.042237708227881754,0.0647439593816066,1975827075.6666667,1861743888.4166667,178243929.42792496,False
2022-01-01,2022,1,1,202201,M,imports,W00,World,85,"Electrical machinery and equipment and parts thereof; sound recorders and reproducers; television image and sound recorders and reproducers, parts and accessories of such articles",2157561856.0,,2157561856.0,False,-0.009008031893059099,0.25272153266286823,2141225852.6666667,1898015739.0,191110555.92812893,False
2022-02-01,2022,2,1,202202,M,imports,W00,World,85,"Electrical machinery and equipment and parts thereof; sound recorders and reproducers; television image and sound recorders and reproducers, parts and accessories of such articles",1853604615.0,,1853604615.0,False,-0.1408799660388509,-0.021874779962279822,2062780126.3333333,1894561239.8333333,191543038.3581723,False
2022-03-01,2022,3,1,202203,M,imports,W00,World,85,"Electrical machinery and equipment and parts thereof; sound recorders and reproducers; television image and sound recorders and reproducers, parts and accessories of such articles",2363033466.0,,2363033466.0,False,0.27483145374020346,0.21516227987297376,2124733312.3333333,1929428713.6666667,234704295.76610148,False
2022-04-01,2022,4,2,202204,M,imports,W00,World,85,"Electrical machinery and equipment and parts thereof; sound recorders and reproducers; television image and sound recorders and reproducers, parts and accessories of such articles",2291187752.0,,2291187752.0,False,-0.03040401883161481,0.10269014909805296,2169275277.6666665,1947209653.9166667,254237524.01867008,False
2022-05-01,2022,5,2,202205,M,imports,W00,World,85,"Electrical machinery and equipment and parts thereof; sound recorders and reproducers; television image and sound recorders and reproducers, parts and accessories of such articles",2030467567.0,,2030467567.0,False,-0.11379258848272689,0.2262429891479465,2228229595.0,1978428252.5,237667998.69066295,False
2022-06-01,2022,6,2,202206,M,imports,W00,World,85,"Electrical machinery and equipment and parts thereof; sound recorders and reproducers; television image and sound recorders and reproducers, parts and accessories of such articles",2164129645.0,,2164129645.0,False,0.06582822605607275,0.21105238158624529,2161928321.3333335,2009857165.25,234971398.5456314,False
2022-07-01,2022,7,3,202207,M,imports,W00,World,85,"Electrical machinery and equipment and parts thereof; sound recorders and reproducers; television image and sound recorders and reproducers, parts and accessories of such articles",2327907369.0,,2327907369.0,False,0.07567833303258498,0.3625352996797879,2174168193.6666665,2061473479.0833333,230750356.53516114,False
2022-08-01,2022,8,3,202208,M,imports,W00,World,85,"Electrical machinery and equipment and parts thereof; sound recorders and reproducers; television image and sound recorders and reproducers, parts and accessories of such articles",2564533940.0,,2564533940.0,False,0.10164776062444769,0.36959796389465405,2352190318.0,2119145301.25,263393729.61440954,False
2022-09-01,2022,9,3,202209,M,imports,W00,World,85,"Electrical machinery and equipment and parts thereof; sound recorders and reproducers; television image and sound recorders and reproducers, parts and accessories of such articles",2268174241.0,,2268174241.0,False,-0.11556084104700914,0.296220908858132,2386871850.0,2162340139.8333335,238664788.16466305,False
2022-10-01,2022,10,4,202210,M,imports,W00,World,85,"Electrical machinery and equipment and parts thereof; sound recorders and reproducers; television image and sound recorders and reproducers, parts and accessories of such articles",2095022623.0,,2095022623.0,False,-0.07633964572477481,0.26102449549746143,2309243601.3333335,2198478231.3333335,182022534.98963192,False
2022-11-01,2022,11,4,202211,M,imports,W00,World,85,"Electrical machinery and equipment and parts thereof; sound recorders and reproducers; television image and sound recorders and reproducers, parts and accessories of such articles",2188162777.0,,2188162777.0,False,0.04445782731769565,0.047498203772354586,2183786547.0,2206746646.5833335,178819872.0119409,False
2022-12-01,2022,12,4,202212,M,imports,W00,World,85,"Electrical machinery and equipment and parts thereof; sound recorders and reproducers; television image and sound recorders and reproducers, parts and accessories of such articles",2122083452.0,,2122083452.0,False,-0.03019854176049719,-0.025303654337198722,2135089617.3333333,2202155775.25,180348755.40679577,False
2023-01-01,2023,1,1,202301,M,imports,W00,World,85,"Electrical machinery and equipment and parts thereof; sound recorders and reproducers; television image and sound recorders and reproducers, parts and accessories of such articles",2344532231.0,,2344532231.0,False,0.10482565084344286,0.08665817597769032,2218259486.6666665,2217736639.8333335,184181651.13635877,False
2023-02-01,2023,2,1,202302,M,imports,W00,World,85,"Electrical machinery and equipment and parts thereof; sound recorders and reproducers; television image and sound recorders and reproducers, parts and accessories of such articles",1990252879.0,,1990252879.0,False,-0.15110875735280094,0.07372028689084797,2152289520.6666665,2229123995.1666665,162579310.53776124,False
2023-03-01,2023,3,1,202303,M,imports,W00,World,85,"Electrical machinery and equipment and parts thereof; sound recorders and reproducers; television image and sound recorders and reproducers, parts and accessories of such articles",2570925105.0,,2570925105.0,False,0.2917580133293203,0.08797659533443114,2301903405.0,2246448298.4166665,187337087.73989868,False
2023-04-01,2023,4,2,202304,M,imports,W00,World,85,"Electrical machinery and equipment and parts thereof; sound recorders and reproducers; television image and sound recorders and reproducers, parts and accessories of such articles",1747773811.0,,1747773811.0,False,-0.3201770803821218,-0.23717564853672457,2102983931.6666667,2201163803.3333335,235123454.73378292,False
2023-05-01,2023,5,2,202305,M,imports,W00,World,85,"Electrical machinery and equipment and parts thereof; sound recorders and reproducers; television image and sound recorders and reproducers, parts and accessories of such articles",2431768185.0,,2431768185.0,False,0.3913517697170712,0.19763951147120196,2250155700.3333335,2234605521.5,237167838.95945495,False
2023-06-01,2023,6,2,202306,M,imports,W00,World,85,"Electrical machinery and equipment and parts thereof; sound recorders and reproducers; television image and sound recorders and reproducers, parts and accessories of such articles",1982661857.0,,1982661857.0,False,-0.18468303466187508,-0.08385254941600317,2054067951.0,2219483205.8333335,247624894.09725696,False
2023-07-01,2023,7,3,202307,M,imports,W00,World,85,"Electrical machinery and equipment and parts thereof; sound recorders and reproducers; television image and sound recorders and reproducers, parts and accessories of such articles",2318864512.0,,2318864512.0,False,0.16957135368948584,-0.00388454331148258,2244431518.0,2218729634.4166665,247278459.22468856,False
2023-08-01,2023,8,3,202308,M,imports,W00,World,85,"Electrical machinery and equipment and parts thereof; sound recorders and reproducers; television image and sound recorders and reproducers, parts and accessories of such articles",2266235542.0,,2266235542.0,False,-0.022696009071529577,-0.11631680647595566,2189253970.3333335,2193871434.5833335,223174215.00412732,False
2023-09-01,2023,9,3,202309,M,imports,W00,World,85,"Electrical machinery and equipment and parts thereof; sound recorders and reproducers; television image and sound recorders and reproducers, parts and accessories of such articles",1850836485.0,,1850836485.0,False,-0.18329915372936112,-0.18399722052041412,2145312179.6666667,2159093288.25,242245530.72440723,False
2023-10-01,2023,10,4,202310,M,imports,W00,World,85,"Electrical machinery and equipment and parts thereof; sound recorders and reproducers; television image and sound recorders and reproducers, parts and accessories of such articles",2236237012.0,,2236237012.0,False,0.2082304569439044,0.06740470840252111,2117769679.6666667,2170861154.0,242280112.25029403,False
2023-11-01,2023,11,4,202311,M,imports,W00,World,85,"Electrical machinery and equipment and parts thereof; sound recorders and reproducers; television image and sound recorders and reproducers, parts and accessories of such articles",2235248652.0,,2235248652.0,False,-0.00044197461838624275,0.02151845168692401,2107440716.3333333,2174784976.9166665,242966108.3393124,False
2023-12-01,2023,12,4,202312,M,imports,W00,World,85,"Electrical machinery and equipment and parts thereof; sound recorders and reproducers; television image and sound recorders and reproducers, parts and accessories of such articles",1968264190.0,,1968264190.0,False,-0.11944284666545457,-0.0724850202545192,2146583284.6666667,2161966705.0833335,249956271.70361286,False
2024-01-01,2024,1,1,202401,M,imports,W00,World,85,"Electrical machinery and equipment and parts thereof; sound recorders and reproducers; television image and sound recorders and reproducers, parts and accessories of such articles",2315437810.0,,2315437810.0,False,0.1763856812331681,-0.012409477939908986,2172983550.6666665,2159542170.0,248159073.5707356,False
2024-02-01,2024,2,1,202402,M,imports,W00,World,85,"Electrical machinery and equipment and parts thereof; sound recorders and reproducers; television image and sound recorders and reproducers, parts and accessories of such articles",2260790007.0,,2260790007.0,False,-0.023601498932074527,0.13593103210880964,2181497335.6666665,2182086930.6666665,243628862.5605521,False
2024-03-01,2024,3,1,202403,M,imports,W00,World,85,"Electrical machinery and equipment and parts thereof; sound recorders and reproducers; television image and sound recorders and reproducers, parts and accessories of such articles",2291047348.0,,2291047348.0,False,0.013383525628791304,-0.10886266443767134,2289091721.6666665,2158763784.25,214699550.36988252,False
2024-04-01,2024,4,2,202404,M,imports,W00,World,85,"Electrical machinery and equipment and parts thereof; sound recorders and reproducers; television image and sound recorders and reproducers, parts and accessories of such articles",2157333938.0,,2157333938.0,False,-0.058363442430260926,0.23433245447571238,2236390431.0,2192893794.8333335,171667188.87496686,False
2024-05-01,2024,5,2,202405,M,imports,W00,World,85,"Electrical machinery and equipment and parts thereof; sound recorders and reproducers; television image and sound recorders and reproducers, parts and accessories of such articles",2257177382.0,,2257177382.0,False,0.046280940674656046,-0.07179582497909853,2235186222.6666665,2178344561.25,156291424.77079555,False
2024-06-01,2024,6,2,202406,M,imports,W00,World,85,"Electrical machinery and equipment and parts thereof; sound recorders and reproducers; television image and sound recorders and reproducers, parts and accessories of such articles",2003044565.0,,2003044565.0,False,-0.1125887664064853,0.010280476183085252,2139185295.0,2180043120.25,154066352.51093984,False
2024-07-01,2024,7,3,202407,M,imports,W00,World,85,"Electrical machinery and equipment and parts thereof; sound recorders and reproducers; television image and sound recorders and reproducers, parts and accessories of such articles",2377530134.0,,2377530134.0,False,0.186958181332326,0.025299288378604512,2212584027.0,2184931922.0833335,159699657.86050203,False
2024-08-01,2024,8,3,202408,M,imports,W00,World,85,"Electrical machinery and equipment and parts thereof; sound recorders and reproducers; television image and sound recorders and reproducers, parts and accessories of such articles",2375554663.0,,2375554663.0,False,-0.0008308920975383938,0.04823819897534731,2252043120.6666665,2194041848.8333335,167677897.24965382,False
2024-09-01,2024,9,3,202409,M,imports,W00,World,85,"Electrical machinery and equipment and parts thereof; sound recorders and reproducers; television image and sound recorders and reproducers, parts and accessories of such articles",2030434537.0,,2030434537.0,False,-0.14527980828029463,0.09703615281822153,2261173111.3333335,2209008353.1666665,139988351.8480808,False
2024-10-01,2024,10,4,202410,M,imports,W00,World,85,"Electrical machinery and equipment and parts thereof; sound recorders and reproducers; television image and sound recorders and reproducers, parts and accessories of such articles",2625055809.0,,2625055809.0,False,0.29285419508208443,0.17387190843973022,2343681669.6666665,2241409919.5833335,184715966.9116212,True
2024-11-01,2024,11,4,202411,M,imports,W00,World,85,"Electrical machinery and equipment and parts thereof; sound recorders and reproducers; television image and sound recorders and reproducers, parts and accessories of such articles",2206431616.0,,2206431616.0,False,-0.1594724925712998,-0.012892094118574171,2287307320.6666665,2239008499.9166665,184990464.48629218,False
2024-12-01,2024,12,4,202412,M,imports,W00,World,85,"Electrical machinery and equipment and parts thereof; sound recorders and reproducers; television image and sound recorders and reproducers, parts and accessories of such articles",2285249578.0,,2285249578.0,False,0.035721914709909486,0.16104819140158222,2372245667.6666665,2265423948.9166665,164288724.79957992,False
