date,year,month,quarter,period,flow_code,flow_label,partner_iso,partner_name,hs_code,hs_description,primary_value_usd,fob_value_usd,cif_value_usd,is_reported
2015-01-01,2015,1,1,201501,X,exports,CHN,China,85,"Electrical machinery and equipment and parts thereof; sound recorders and reproducers; television image and sound recorders and reproducers, parts and accessories of such articles",33350125.0,33350125.0,0.0,False
2015-01-01,2015,1,1,201501,X,exports,DEU,Germany,85,"Electrical machinery and equipment and parts thereof; sound recorders and reproducers; television image and sound recorders and reproducers, parts and accessories of such articles",12626392.0,12626392.0,0.0,False
2015-01-01,2015,1,1,201501,X,exports,JPN,Japan,85,"Electrical machinery and equipment and parts thereof; sound recorders and reproducers; television image and sound recorders and reproducers, parts and accessories of such articles",98768198.0,98768198.0,0.0,False
2015-01-01,2015,1,1,201501,X,exports,KOR,South Korea,85,"Electrical machinery and equipment and parts thereof; sound recorders and reproducers; television image and sound recorders and reproducers, parts and accessories of such articles",29433590.0,29433590.0,0.0,False
2015-01-01,2015,1,1,201501,X,exports,MYS,Malaysia,85,"Electrical machinery and equipment and parts thereof; sound recorders and reproducers; television image and sound recorders and reproducers, parts and accessories of such articles",24079019.0,24079019.0,0.0,False
2015-01-01,2015,1,1,201501,X,exports,PHL,Philippines,85,"Electrical machinery and equipment and parts thereof; sound recorders and reproducers; television image and sound recorders and reproducers, parts and accessories of such articles",10145691.0,10145691.0,0.0,False
2015-01-01,2015,1,1,201501,X,exports,SGP,Singapore,85,"Electrical machinery and equipment and parts thereof; sound recorders and reproducers; television image and sound recorders and reproducers, parts and accessories of such articles",153045704.0,153045704.0,0.0,False
2015-01-01,2015,1,1,201501,X,exports,THA,Thailand,85,"Electrical machinery and equipment and parts thereof; sound recorders and reproducers; television image and sound recorders and reproducers, parts and accessories of such articles",30237529.0,30237529.0,0.0,False
2015-01-01,2015,1,1,201501,X,exports,USA,United States,85,"Electrical machinery and equipment and parts thereof; sound recorders and reproducers; television image and sound recorders and reproducers, parts and accessories of such articles",85816499.0,85816499.0,0.0,False
2015-01-01,2015,1,1,201501,X,exports,VNM,Vietnam,85,"Electrical machinery and equipment and parts thereof; sound recorders and reproducers; television image and sound recorders and reproducers, parts and accessories of such articles",12194580.0,12194580.0,0.0,False
2015-01-01,2015,1,1,201501,X,exports,W00,World,85,"Electrical machinery and equipment and parts thereof; sound recorders and reproducers; television image and sound recorders and reproducers, parts and accessories of such articles",717735674.0,717735674.0,0.0,False
2015-01-01,2015,1,1,201501,M,imports,CHN,China,85,"Electrical machinery and equipment and parts thereof; sound recorders and reproducers; television image and sound recorders and reproducers, parts and accessories of such articles",453132464.0,0.0,453132464.0,False
2015-01-01,2015,1,1,201501,M,imports,DEU,Germany,85,"Electrical machinery and equipment and parts thereof; sound recorders and reproducers; television image and sound recorders and reproducers, parts and accessories of such articles",31001339.0,0.0,31001339.0,False
2015-01-01,2015,1,1,201501,M,imports,JPN,Japan,85,"Electrical machinery and equipment and parts thereof; sound recorders and reproducers; television image and sound recorders and reproducers, parts and accessories of such articles",141260366.0,0.0,141260366.0,False
2015-01-01,2015,1,1,201501,M,imports,KOR,South Korea,85,"Electrical machinery and equipment and parts thereof; sound recorders and reproducers; television image and sound recorders and reproducers, parts and accessories of such articles",67328999.0,0.0,67328999.0,False
2015-01-01,2015,1,1,201501,M,imports,MYS,Malaysia,85,"Electrical machinery and equipment and parts thereof; sound recorders and reproducers; television image and sound recorders and reproducers, parts and accessories of such articles",50563669.0,0.0,50563669.0,False
2015-01-01,2015,1,1,201501,M,imports,PHL,Philippines,85,"Electrical machinery and equipment and parts thereof; sound recorders and reproducers; television image and sound recorders and reproducers, parts and accessories of such articles",10156627.0,0.0,10156627.0,False
2015-01-01,2015,1,1,201501,M,imports,SGP,Singapore,85,"Electrical machinery and equipment and parts thereof; sound recorders and reproducers; television image and sound recorders and reproducers, parts and accessories of such articles",143254780.0,0.0,143254780.0,False
2015-01-01,2015,1,1,201501,M,imports,THA,Thailand,85,"Electrical machinery and equipment and parts thereof; sound recorders and reproducers; television image and sound recorders and reproducers, parts and accessories of such articles",42542162.0,0.0,42542162.0,False
2015-01-01,2015,1,1,201501,M,imports,USA,United States,85,"Electrical machinery and equipment and parts thereof; sound recorders and reproducers; television image and sound recorders and reproducers, parts and accessories of such articles",47778293.0,0.0,47778293.0,False
2015-01-01,2015,1,1,201501,M,imports,VNM,Vietnam,85,"Electrical machinery and equipment and parts thereof; sound recorders and reproducers; television image and sound recorders and reproducers, parts and accessories of such articles",139251983.0,0.0,139251983.0,False
2015-01-01,2015,1,1,201501,M,imports,W00,World,85,"Electrical machinery and equipment and parts thereof; sound recorders and reproducers; television image and sound recorders and reproducers, parts and accessories of such articles",1330219038.0,0.0,1330219038.0,False
2015-02-01,2015,2,1,201502,X,exports,CHN,China,85,"Electrical machinery and equipment and parts thereof; sound recorders and reproducers; television image and sound recorders and reproducers, parts and accessories of such articles",22651049.0,22651049.0,0.0,False
2015-02-01,2015,2,1,201502,X,exports,DEU,Germany,85,"Electrical machinery and equipment and parts thereof; sound recorders and reproducers; television image and sound recorders and reproducers, parts and accessories of such articles",16485321.0,16485321.0,0.0,False
2015-02-01,2015,2,1,201502,X,exports,JPN,Japan,85,"Electrical machinery and equipment and parts thereof; sound recorders and reproducers; television image and sound recorders and reproducers, parts and accessories of such articles",103063126.0,103063126.0,0.0,False
2015-02-01,2015,2,1,201502,X,exports,KOR,South Korea,85,"Electrical machinery and equipment and parts thereof; sound recorders and reproducers; television image and sound recorders and reproducers, parts and accessories of such articles",28268061.0,28268061.0,0.0,False
2015-02-01,2015,2,1,201502,X,exports,MYS,Malaysia,85,"Electrical machinery and equipment and parts thereof; sound recorders and reproducers; television image and sound recorders and reproducers, parts and accessories of such articles",20429395.0,20429395.0,0.0,False
2015-02-01,2015,2,1,201502,X,exports,PHL,Philippines,85,"Electrical machinery and equipment and parts thereof; sound recorders and reproducers; television image and sound recorders and reproducers, parts and accessories of such articles",8878826.0,8878826.0,0.0,False
2015-02-01,2015,2,1,201502,X,exports,SGP,Singapore,85,"Electrical machinery and equipment and parts thereof; sound recorders and reproducers; television image and sound recorders and reproducers, parts and accessories of such articles",139414904.0,139414904.0,0.0,False
2015-02-01,2015,2,1,201502,X,exports,THA,Thailand,85,"Electrical machinery and equipment and parts thereof; sound recorders and reproducers; television image and sound recorders and reproducers, parts and accessories of such articles",33345240.0,33345240.0,0.0,False
2015-02-01,2015,2,1,201502,X,exports,USA,United States,85,"Electrical machinery and equipment and parts thereof; sound recorders and reproducers; television image and sound recorders and reproducers, parts and accessories of such articles",94398056.0,94398056.0,0.0,False
2015-02-01,2015,2,1,201502,X,exports,VNM,Vietnam,85,"Electrical machinery and equipment and parts thereof; sound recorders and reproducers; television image and sound recorders and reproducers, parts and accessories of such articles",12813766.0,12813766.0,0.0,False
2015-02-01,2015,2,1,201502,X,exports,W00,World,85,"Electrical machinery and equipment and parts thereof; sound recorders and reproducers; television image and sound recorders and reproducers, parts and accessories of such articles",681026721.0,681026721.0,0.0,False
2015-02-01,2015,2,1,201502,M,imports,CHN,China,85,"Electrical machinery and equipment and parts thereof; sound recorders and reproducers; television image and sound recorders and reproducers, parts and accessories of such articles",495085754.0,0.0,495085754.0,False
2015-02-01,2015,2,1,201502,M,imports,DEU,Germany,85,"Electrical machinery and equipment and parts thereof; sound recorders and reproducers; television image and sound recorders and reproducers, parts and accessories of such articles",23580080.0,0.0,23580080.0,False
2015-02-01,2015,2,1,201502,M,imports,JPN,Japan,85,"Electrical machinery and equipment and parts thereof; sound recorders and reproducers; television image and sound recorders and reproducers, parts and accessories of such articles",125278211.0,0.0,125278211.0,False
2015-02-01,2015,2,1,201502,M,imports,KOR,South Korea,85,"Electrical machinery and equipment and parts thereof; sound recorders and reproducers; television image and sound recorders and reproducers, parts and accessories of such articles",63694448.0,0.0,63694448.0,False
2015-02-01,2015,2,1,201502,M,imports,MYS,Malaysia,85,"Electrical machinery and equipment and parts thereof; sound recorders and reproducers; television image and sound recorders and reproducers, parts and accessories of such articles",52059466.0,0.0,52059466.0,False
2015-02-01,2015,2,1,201502,M,imports,PHL,Philippines,85,"Electrical machinery and equipment and parts thereof; sound recorders and reproducers; television image and sound recorders and reproducers, parts and accessories of such articles",11060163.0,0.0,11060163.0,False
2015-02-01,2015,2,1,201502,M,imports,SGP,Singapore,85,"Electrical machinery and equipment and parts thereof; sound recorders and reproducers; television image and sound recorders and reproducers, parts and accessories of such articles",116357331.0,0.0,116357331.0,False
2015-02-01,2015,2,1,201502,M,imports,THA,Thailand,85,"Electrical machinery and equipment and parts thereof; sound recorders and reproducers; television image and sound recorders and reproducers, parts and accessories of such articles",45643068.0,0.0,45643068.0,False
2015-02-01,2015,2,1,201502,M,imports,USA,United States,85,"Electrical machinery and equipment and parts thereof; sound recorders and reproducers; television image and sound recorders and reproducers, parts and accessories of such articles",45693862.0,0.0,45693862.0,False
2015-02-01,2015,2,1,201502,M,imports,VNM,Vietnam,85,"Electrical machinery and equipment and parts thereof; sound recorders and reproducers; television image and sound recorders and reproducers, parts and accessories of such articles",101506679.0,0.0,101506679.0,False
2015-02-01,2015,2,1,201502,M,imports,W00,World,85,"Electrical machinery and equipment and parts thereof; sound recorders and reproducers; television image and sound recorders and reproducers, parts and accessories of such articles",1248209133.0,0.0,1248209133.0,False
2015-03-01,2015,3,1,201503,X,exports,CHN,China,85,"Electrical machinery and equipment and parts thereof; sound recorders and reproducers; television image and sound recorders and reproducers, parts and accessories of such articles",27697880.0,27697880.0,0.0,False
2015-03-01,2015,3,1,201503,X,exports,DEU,Germany,85,"Electrical machinery and equipment and parts thereof; sound recorders and reproducers; television image and sound recorders and reproducers, parts and accessories of such articles",15231150.0,15231150.0,0.0,False
2015-03-01,2015,3,1,201503,X,exports,JPN,Japan,85,"Electrical machinery and equipment and parts thereof; sound recorders and reproducers; television image and sound recorders and reproducers, parts and accessories of such articles",110230991.0,110230991.0,0.0,False
2015-03-01,2015,3,1,201503,X,exports,KOR,South Korea,85,"Electrical machinery and equipment and parts thereof; sound recorders and reproducers; television image and sound recorders and reproducers, parts and accessories of such articles",30252463.0,30252463.0,0.0,False
2015-03-01,2015,3,1,201503,X,exports,MYS,Malaysia,85,"Electrical machinery and equipment and parts thereof; sound recorders and reproducers; television image and sound recorders and reproducers, parts and accessories of such articles",29595305.0,29595305.0,0.0,False
2015-03-01,2015,3,1,201503,X,exports,PHL,Philippines,85,"Electrical machinery and equipment and parts thereof; sound recorders and reproducers; television image and sound recorders and reproducers, parts and accessories of such articles",12149342.0,12149342.0,0.0,False
2015-03-01,2015,3,1,201503,X,exports,SGP,Singapore,85,"Electrical machinery and equipment and parts thereof; sound recorders and reproducers; television image and sound recorders and reproducers, parts and accessories of such articles",155557309.0,155557309.0,0.0,False
2015-03-01,2015,3,1,201503,X,exports,THA,Thailand,85,"Electrical machinery and equipment and parts thereof; sound recorders and reproducers; television image and sound recorders and reproducers, parts and accessories of such articles",31135799.0,31135799.0,0.0,False
2015-03-01,2015,3,1,201503,X,exports,USA,United States,85,"Electrical machinery and equipment and parts thereof; sound recorders and reproducers; television image and sound recorders and reproducers, parts and accessories of such articles",105443002.0,105443002.0,0.0,False
2015-03-01,2015,3,1,201503,X,exports,VNM,Vietnam,85,"Electrical machinery and equipment and parts thereof; sound recorders and reproducers; television image and sound recorders and reproducers, parts and accessories of such articles",13084675.0,13084675.0,0.0,False
2015-03-01,2015,3,1,201503,X,exports,W00,World,85,"Electrical machinery and equipment and parts thereof; sound recorders and reproducers; television image and sound recorders and reproducers, parts and accessories of such articles",766345289.0,766345289.0,0.0,False
2015-03-01,2015,3,1,201503,M,imports,CHN,China,85,"Electrical machinery and equipment and parts thereof; sound recorders and reproducers; television image and sound recorders and reproducers, parts and accessories of such articles",516504777.0,0.0,516504777.0,False
2015-03-01,2015,3,1,201503,M,imports,DEU,Germany,85,"Electrical machinery and equipment and parts thereof; sound recorders and reproducers; television image and sound recorders and reproducers, parts and accessories of such articles",38869596.0,0.0,38869596.0,False
2015-03-01,2015,3,1,201503,M,imports,JPN,Japan,85,"Electrical machinery and equipment and parts thereof; sound recorders and reproducers; television image and sound recorders and reproducers, parts and accessories of such articles",134948615.0,0.0,134948615.0,False
2015-03-01,2015,3,1,201503,M,imports,KOR,South Korea,85,"Electrical machinery and equipment and parts thereof; sound recorders and reproducers; television image and sound recorders and reproducers, parts and accessories of such articles",83732882.0,0.0,83732882.0,False
2015-03-01,2015,3,1,201503,M,imports,MYS,Malaysia,85,"Electrical machinery and equipment and parts thereof; sound recorders and reproducers; television image and sound recorders and reproducers, parts and accessories of such articles",52451726.0,0.0,52451726.0,False
2015-03-01,2015,3,1,201503,M,imports,PHL,Philippines,85,"Electrical machinery and equipment and parts thereof; sound recorders and reproducers; television image and sound recorders and reproducers, parts and accessories of such articles",12493060.0,0.0,12493060.0,False
2015-03-01,2015,3,1,201503,M,imports,SGP,Singapore,85,"Electrical machinery and equipment and parts thereof; sound recorders and reproducers; television image and sound recorders and reproducers, parts and accessories of such articles",129974854.0,0.0,129974854.0,False
2015-03-01,2015,3,1,201503,M,imports,THA,Thailand,85,"Electrical machinery and equipment and parts thereof; sound recorders and reproducers; television image and sound recorders and reproducers, parts and accessories of such articles",48614471.0,0.0,48614471.0,False
2015-03-01,2015,3,1,201503,M,imports,USA,United States,85,"Electrical machinery and equipment and parts thereof; sound recorders and reproducers; television image and sound recorders and reproducers, parts and accessories of such articles",32836954.0,0.0,32836954.0,False
2015-03-01,2015,3,1,201503,M,imports,VNM,Vietnam,85,"Electrical machinery and equipment and parts thereof; sound recorders and reproducers; television image and sound recorders and reproducers, parts and accessories of such articles",106888854.0,0.0,106888854.0,False
2015-03-01,2015,3,1,201503,M,imports,W00,World,85,"Electrical machinery and equipment and parts thereof; sound recorders and reproducers; television image and sound recorders and reproducers, parts and accessories of such articles",1331189871.0,0.0,1331189871.0,False
2015-04-01,2015,4,2,201504,X,exports,CHN,China,85,"Electrical machinery and equipment and parts thereof; sound recorders and reproducers; television image and sound recorders and reproducers, parts and accessories of such articles",27743435.0,27743435.0,0.0,False
2015-04-01,2015,4,2,201504,X,exports,DEU,Germany,85,"Electrical machinery and equipment and parts thereof; sound recorders and reproducers; television image and sound recorders and reproducers, parts and accessories of such articles",24666530.0,24666530.0,0.0,False
2015-04-01,2015,4,2,201504,X,exports,JPN,Japan,85,"Electrical machinery and equipment and parts thereof; sound recorders and reproducers; television image and sound recorders and reproducers, parts and accessories of such articles",99905666.0,99905666.0,0.0,False
2015-04-01,2015,4,2,201504,X,exports,KOR,South Korea,85,"Electrical machinery and equipment and parts thereof; sound recorders and reproducers; television image and sound recorders and reproducers, parts and accessories of such articles",24460441.0,24460441.0,0.0,False
2015-04-01,2015,4,2,201504,X,exports,MYS,Malaysia,85,"Electrical machinery and equipment and parts thereof; sound recorders and reproducers; television image and sound recorders and reproducers, parts and accessories of such articles",31686322.0,31686322.0,0.0,False
2015-04-01,2015,4,2,201504,X,exports,PHL,Philippines,85,"Electrical machinery and equipment and parts thereof; sound recorders and reproducers; television image and sound recorders and reproducers, parts and accessories of such articles",9559596.0,9559596.0,0.0,False
2015-04-01,2015,4,2,201504,X,exports,SGP,Singapore,85,"Electrical machinery and equipment and parts thereof; sound recorders and reproducers; television image and sound recorders and reproducers, parts and accessories of such articles",140297016.0,140297016.0,0.0,False
2015-04-01,2015,4,2,201504,X,exports,THA,Thailand,85,"Electrical machinery and equipment and parts thereof; sound recorders and reproducers; television image and sound recorders and reproducers, parts and accessories of such articles",29569391.0,29569391.0,0.0,False
2015-04-01,2015,4,2,201504,X,exports,USA,United States,85,"Electrical machinery and equipment and parts thereof; sound recorders and reproducers; television image and sound recorders and reproducers, parts and accessories of such articles",98026673.0,98026673.0,0.0,False
2015-04-01,2015,4,2,201504,X,exports,VNM,Vietnam,85,"Electrical machinery and equipment and parts thereof; sound recorders and reproducers; television image and sound recorders and reproducers, parts and accessories of such articles",21194144.0,21194144.0,0.0,False
2015-04-01,2015,4,2,201504,X,exports,W00,World,85,"Electrical machinery and equipment and parts thereof; sound recorders and reproducers; television image and sound recorders and reproducers, parts and accessories of such articles",739662571.0,739662571.0,0.0,False
2015-04-01,2015,4,2,201504,M,imports,CHN,China,85,"Electrical machinery and equipment and parts thereof; sound recorders and reproducers; television image and sound recorders and reproducers, parts and accessories of such articles",551910809.0,0.0,551910809.0,False
2015-04-01,2015,4,2,201504,M,imports,DEU,Germany,85,"Electrical machinery and equipment and parts thereof; sound recorders and reproducers; television image and sound recorders and reproducers, parts and accessories of such articles",29336602.0,0.0,29336602.0,False
2015-04-01,2015,4,2,201504,M,imports,JPN,Japan,85,"Electrical machinery and equipment and parts thereof; sound recorders and reproducers; television image and sound recorders and reproducers, parts and accessories of such articles",140715700.0,0.0,140715700.0,False
2015-04-01,2015,4,2,201504,M,imports,KOR,South Korea,85,"Electrical machinery and equipment and parts thereof; sound recorders and reproducers; television image and sound recorders and reproducers, parts and accessories of such articles",64257054.0,0.0,64257054.0,False
2015-04-01,2015,4,2,201504,M,imports,MYS,Malaysia,85,"Electrical machinery and equipment and parts thereof; sound recorders and reproducers; television image and sound recorders and reproducers, parts and accessories of such articles",64703365.0,0.0,64703365.0,False
2015-04-01,2015,4,2,201504,M,imports,PHL,Philippines,85,"Electrical machinery and equipment and parts thereof; sound recorders and reproducers; television image and sound recorders and reproducers, parts and accessories of such articles",9196441.0,0.0,9196441.0,False
2015-04-01,2015,4,2,201504,M,imports,SGP,Singapore,85,"Electrical machinery and equipment and parts thereof; sound recorders and reproducers; television image and sound recorders and reproducers, parts and accessories of such articles",138315720.0,0.0,138315720.0,False
2015-04-01,2015,4,2,201504,M,imports,THA,Thailand,85,"Electrical machinery and equipment and parts thereof; sound recorders and reproducers; television image and sound recorders and reproducers, parts and accessories of such articles",40866325.0,0.0,40866325.0,False
2015-04-01,2015,4,2,201504,M,imports,USA,United States,85,"Electrical machinery and equipment and parts thereof; sound recorders and reproducers; television image and sound recorders and reproducers, parts and accessories of such articles",51313288.0,0.0,51313288.0,False
2015-04-01,2015,4,2,201504,M,imports,VNM,Vietnam,85,"Electrical machinery and equipment and parts thereof; sound recorders and reproducers; television image and sound recorders and reproducers, parts and accessories of such articles",119746600.0,0.0,119746600.0,False
2015-04-01,2015,4,2,201504,M,imports,W00,World,85,"Electrical machinery and equipment and parts thereof; sound recorders and reproducers; television image and sound recorders and reproducers, parts and accessories of such articles",1371156941.0,0.0,1371156941.0,False
2015-05-01,2015,5,2,201505,X,exports,CHN,China,85,"Electrical machinery and equipment and parts thereof; sound recorders and reproducers; television image and sound recorders and reproducers, parts and accessories of such articles",27864895.0,27864895.0,0.0,False
2015-05-01,2015,5,2,201505,X,exports,DEU,Germany,85,"Electrical machinery and equipment and parts thereof; sound recorders and reproducers; television image and sound recorders and reproducers, parts and accessories of such articles",14268322.0,14268322.0,0.0,False
2015-05-01,2015,5,2,201505,X,exports,JPN,Japan,85,"Electrical machinery and equipment and parts thereof; sound recorders and reproducers; television image and sound recorders and reproducers, parts and accessories of such articles",89867925.0,89867925.0,0.0,False
2015-05-01,2015,5,2,201505,X,exports,KOR,South Korea,85,"Electrical machinery and equipment and parts thereof; sound recorders and reproducers; television image and sound recorders and reproducers, parts and accessories of such articles",21013174.0,21013174.0,0.0,False
2015-05-01,2015,5,2,201505,X,exports,MYS,Malaysia,85,"Electrical machinery and equipment and parts thereof; sound recorders and reproducers; television image and sound recorders and reproducers, parts and accessories of such articles",29657103.0,29657103.0,0.0,False
2015-05-01,2015,5,2,201505,X,exports,PHL,Philippines,85,"Electrical machinery and equipment and parts thereof; sound recorders and reproducers; television image and sound recorders and reproducers, parts and accessories of such articles",8038598.0,8038598.0,0.0,False
2015-05-01,2015,5,2,201505,X,exports,SGP,Singapore,85,"Electrical machinery and equipment and parts thereof; sound recorders and reproducers; television image and sound recorders and reproducers, parts and accessories of such articles",132460676.0,132460676.0,0.0,False
2015-05-01,2015,5,2,201505,X,exports,THA,Thailand,85,"Electrical machinery and equipment and parts thereof; sound recorders and reproducers; television image and sound recorders and reproducers, parts and accessories of such articles",27813177.0,27813177.0,0.0,False
2015-05-01,2015,5,2,201505,X,exports,USA,United States,85,"Electrical machinery and equipment and parts thereof; sound recorders and reproducers; television image and sound recorders and reproducers, parts and accessories of such articles",97459547.0,97459547.0,0.0,False
2015-05-01,2015,5,2,201505,X,exports,VNM,Vietnam,85,"Electrical machinery and equipment and parts thereof; sound recorders and reproducers; television image and sound recorders and reproducers, parts and accessories of such articles",14077250.0,14077250.0,0.0,False
2015-05-01,2015,5,2,201505,X,exports,W00,World,85,"Electrical machinery and equipment and parts thereof; sound recorders and reproducers; television image and sound recorders and reproducers, parts and accessories of such articles",657256055.0,657256055.0,0.0,False
2015-05-01,2015,5,2,201505,M,imports,CHN,China,85,"Electrical machinery and equipment and parts thereof; sound recorders and reproducers; television image and sound recorders and reproducers, parts and accessories of such articles",502010751.0,0.0,502010751.0,False
2015-05-01,2015,5,2,201505,M,imports,DEU,Germany,85,"Electrical machinery and equipment and parts thereof; sound recorders and reproducers; television image and sound recorders and reproducers, parts and accessories of such articles",29655575.0,0.0,29655575.0,False
2015-05-01,2015,5,2,201505,M,imports,JPN,Japan,85,"Electrical machinery and equipment and parts thereof; sound recorders and reproducers; television image and sound recorders and reproducers, parts and accessories of such articles",99465519.0,0.0,99465519.0,False
2015-05-01,2015,5,2,201505,M,imports,KOR,South Korea,85,"Electrical machinery and equipment and parts thereof; sound recorders and reproducers; television image and sound recorders and reproducers, parts and accessories of such articles",61282194.0,0.0,61282194.0,False
2015-05-01,2015,5,2,201505,M,imports,MYS,Malaysia,85,"Electrical machinery and equipment and parts thereof; sound recorders and reproducers; television image and sound recorders and reproducers, parts and accessories of such articles",54970899.0,0.0,54970899.0,False
2015-05-01,2015,5,2,201505,M,imports,PHL,Philippines,85,"Electrical machinery and equipment and parts thereof; sound recorders and reproducers; television image and sound recorders and reproducers, parts and accessories of such articles",10729244.0,0.0,10729244.0,False
2015-05-01,2015,5,2,201505,M,imports,SGP,Singapore,85,"Electrical machinery and equipment and parts thereof; sound recorders and reproducers; television image and sound recorders and reproducers, parts and accessories of such articles",128352573.0,0.0,128352573.0,False
2015-05-01,2015,5,2,201505,M,imports,THA,Thailand,85,"Electrical machinery and equipment and parts thereof; sound recorders and reproducers; television image and sound recorders and reproducers, parts and accessories of such articles",44226049.0,0.0,44226049.0,False
2015-05-01,2015,5,2,201505,M,imports,USA,United States,85,"Electrical machinery and equipment and parts thereof; sound recorders and reproducers; television image and sound recorders and reproducers, parts and accessories of such articles",38388674.0,0.0,38388674.0,False
2015-05-01,2015,5,2,201505,M,imports,VNM,Vietnam,85,"Electrical machinery and equipment and parts thereof; sound recorders and reproducers; television image and sound recorders and reproducers, parts and accessories of such articles",104513503.0,0.0,104513503.0,False
2015-05-01,2015,5,2,201505,M,imports,W00,World,85,"Electrical machinery and equipment and parts thereof; sound recorders and reproducers; television image and sound recorders and reproducers, parts and accessories of such articles",1214567184.0,0.0,1214567184.0,False
2015-06-01,2015,6,2,201506,X,exports,CHN,China,85,"Electrical machinery and equipment and parts thereof; sound recorders and reproducers; television image and sound recorders and reproducers, parts and accessories of such articles",25715570.0,25715570.0,0.0,False
2015-06-01,2015,6,2,201506,X,exports,DEU,Germany,85,"Electrical machinery and equipment and parts thereof; sound recorders and reproducers; television image and sound recorders and reproducers, parts and accessories of such articles",13345864.0,13345864.0,0.0,False
2015-06-01,2015,6,2,201506,X,exports,JPN,Japan,85,"Electrical machinery and equipment and parts thereof; sound recorders and reproducers; television image and sound recorders and reproducers, parts and accessories of such articles",96946817.0,96946817.0,0.0,False
2015-06-01,2015,6,2,201506,X,exports,KOR,South Korea,85,"Electrical machinery and equipment and parts thereof; sound recorders and reproducers; television image and sound recorders and reproducers, parts and accessories of such articles",19648596.0,19648596.0,0.0,False
2015-06-01,2015,6,2,201506,X,exports,MYS,Malaysia,85,"Electrical machinery and equipment and parts thereof; sound recorders and reproducers; television image and sound recorders and reproducers, parts and accessories of such articles",30246258.0,30246258.0,0.0,False
2015-06-01,2015,6,2,201506,X,exports,PHL,Philippines,85,"Electrical machinery and equipment and parts thereof; sound recorders and reproducers; television image and sound recorders and reproducers, parts and accessories of such articles",10599202.0,10599202.0,0.0,False
2015-06-01,2015,6,2,201506,X,exports,SGP,Singapore,85,"Electrical machinery and equipment and parts thereof; sound recorders and reproducers; television image and sound recorders and reproducers, parts and accessories of such articles",147892288.0,147892288.0,0.0,False
2015-06-01,2015,6,2,201506,X,exports,THA,Thailand,85,"Electrical machinery and equipment and parts thereof; sound recorders and reproducers; television image and sound recorders and reproducers, parts and accessories of such articles",34339479.0,34339479.0,0.0,False
2015-06-01,2015,6,2,201506,X,exports,USA,United States,85,"Electrical machinery and equipment and parts thereof; sound recorders and reproducers; television image and sound recorders and reproducers, parts and accessories of such articles",108729354.0,108729354.0,0.0,False
2015-06-01,2015,6,2,201506,X,exports,VNM,Vietnam,85,"Electrical machinery and equipment and parts thereof; sound recorders and reproducers; television image and sound recorders and reproducers, parts and accessories of such articles",18627084.0,18627084.0,0.0,False
2015-06-01,2015,6,2,201506,X,exports,W00,World,85,"Electrical machinery and equipment and parts thereof; sound recorders and reproducers; television image and sound recorders and reproducers, parts and accessories of such articles",744747279.0,744747279.0,0.0,False
2015-06-01,2015,6,2,201506,M,imports,CHN,China,85,"Electrical machinery and equipment and parts thereof; sound recorders and reproducers; television image and sound recorders and reproducers, parts and accessories of such articles",575579771.0,0.0,575579771.0,False
2015-06-01,2015,6,2,201506,M,imports,DEU,Germany,85,"Electrical machinery and equipment and parts thereof; sound recorders and reproducers; television image and sound recorders and reproducers, parts and accessories of such articles",32378819.0,0.0,32378819.0,False
2015-06-01,2015,6,2,201506,M,imports,JPN,Japan,85,"Electrical machinery and equipment and parts thereof; sound recorders and reproducers; television image and sound recorders and reproducers, parts and accessories of such articles",116719326.0,0.0,116719326.0,False
2015-06-01,2015,6,2,201506,M,imports,KOR,South Korea,85,"Electrical machinery and equipment and parts thereof; sound recorders and reproducers; television image and sound recorders and reproducers, parts and accessories of such articles",58106761.0,0.0,58106761.0,False
2015-06-01,2015,6,2,201506,M,imports,MYS,Malaysia,85,"Electrical machinery and equipment and parts thereof; sound recorders and reproducers; television image and sound recorders and reproducers, parts and accessories of such articles",50179405.0,0.0,50179405.0,False
2015-06-01,2015,6,2,201506,M,imports,PHL,Philippines,85,"Electrical machinery and equipment and parts thereof; sound recorders and reproducers; television image and sound recorders and reproducers, parts and accessories of such articles",11819878.0,0.0,11819878.0,False
2015-06-01,2015,6,2,201506,M,imports,SGP,Singapore,85,"Electrical machinery and equipment and parts thereof; sound recorders and reproducers; television image and sound recorders and reproducers, parts and accessories of such articles",143056069.0,0.0,143056069.0,False
2015-06-01,2015,6,2,201506,M,imports,THA,Thailand,85,"Electrical machinery and equipment and parts thereof; sound recorders and reproducers; television image and sound recorders and reproducers, parts and accessories of such articles",45190210.0,0.0,45190210.0,False
2015-06-01,2015,6,2,201506,M,imports,USA,United States,85,"Electrical machinery and equipment and parts thereof; sound recorders and reproducers; television image and sound recorders and reproducers, parts and accessories of such articles",78335132.0,0.0,78335132.0,False
2015-06-01,2015,6,2,201506,M,imports,VNM,Vietnam,85,"Electrical machinery and equipment and parts thereof; sound recorders and reproducers; television image and sound recorders and reproducers, parts and accessories of such articles",72393366.0,0.0,72393366.0,False
2015-06-01,2015,6,2,201506,M,imports,W00,World,85,"Electrical machinery and equipment and parts thereof; sound recorders and reproducers; television image and sound recorders and reproducers, parts and accessories of such articles",1375134853.0,0.0,1375134853.0,False
2015-07-01,2015,7,3,201507,X,exports,CHN,China,85,"Electrical machinery and equipment and parts thereof; sound recorders and reproducers; television image and sound recorders and reproducers, parts and accessories of such articles",24393164.0,24393164.0,0.0,False
2015-07-01,2015,7,3,201507,X,exports,DEU,Germany,85,"Electrical machinery and equipment and parts thereof; sound recorders and reproducers; television image and sound recorders and reproducers, parts and accessories of such articles",11670707.0,11670707.0,0.0,False
2015-07-01,2015,7,3,201507,X,exports,JPN,Japan,85,"Electrical machinery and equipment and parts thereof; sound recorders and reproducers; television image and sound recorders and reproducers, parts and accessories of such articles",77082365.0,77082365.0,0.0,False
2015-07-01,2015,7,3,201507,X,exports,KOR,South Korea,85,"Electrical machinery and equipment and parts thereof; sound recorders and reproducers; television image and sound recorders and reproducers, parts and accessories of such articles",19865334.0,19865334.0,0.0,False
2015-07-01,2015,7,3,201507,X,exports,MYS,Malaysia,85,"Electrical machinery and equipment and parts thereof; sound recorders and reproducers; television image and sound recorders and reproducers, parts and accessories of such articles",22803084.0,22803084.0,0.0,False
2015-07-01,2015,7,3,201507,X,exports,PHL,Philippines,85,"Electrical machinery and equipment and parts thereof; sound recorders and reproducers; television image and sound recorders and reproducers, parts and accessories of such articles",11470454.0,11470454.0,0.0,False
2015-07-01,2015,7,3,201507,X,exports,SGP,Singapore,85,"Electrical machinery and equipment and parts thereof; sound recorders and reproducers; television image and sound recorders and reproducers, parts and accessories of such articles",127560512.0,127560512.0,0.0,False
2015-07-01,2015,7,3,201507,X,exports,THA,Thailand,85,"Electrical machinery and equipment and parts thereof; sound recorders and reproducers; television image and sound recorders and reproducers, parts and accessories of such articles",28196457.0,28196457.0,0.0,False
2015-07-01,2015,7,3,201507,X,exports,USA,United States,85,"Electrical machinery and equipment and parts thereof; sound recorders and reproducers; television image and sound recorders and reproducers, parts and accessories of such articles",93578990.0,93578990.0,0.0,False
2015-07-01,2015,7,3,201507,X,exports,VNM,Vietnam,85,"Electrical machinery and equipment and parts thereof; sound recorders and reproducers; television image and sound recorders and reproducers, parts and accessories of such articles",12046223.0,12046223.0,0.0,False
2015-07-01,2015,7,3,201507,X,exports,W00,World,85,"Electrical machinery and equipment and parts thereof; sound recorders and reproducers; television image and sound recorders and reproducers, parts and accessories of such articles",632220220.0,632220220.0,0.0,False
2015-07-01,2015,7,3,201507,M,imports,CHN,China,85,"Electrical machinery and equipment and parts thereof; sound recorders and reproducers; television image and sound recorders and reproducers, parts and accessories of such articles",444751115.0,0.0,444751115.0,False
2015-07-01,2015,7,3,201507,M,imports,DEU,Germany,85,"Electrical machinery and equipment and parts thereof; sound recorders and reproducers; television image and sound recorders and reproducers, parts and accessories of such articles",29902741.0,0.0,29902741.0,False
2015-07-01,2015,7,3,201507,M,imports,JPN,Japan,85,"Electrical machinery and equipment and parts thereof; sound recorders and reproducers; television image and sound recorders and reproducers, parts and accessories of such articles",98400464.0,0.0,98400464.0,False
2015-07-01,2015,7,3,201507,M,imports,KOR,South Korea,85,"Electrical machinery and equipment and parts thereof; sound recorders and reproducers; television image and sound recorders and reproducers, parts and accessories of such articles",45923907.0,0.0,45923907.0,False
2015-07-01,2015,7,3,201507,M,imports,MYS,Malaysia,85,"Electrical machinery and equipment and parts thereof; sound recorders and reproducers; television image and sound recorders and reproducers, parts and accessories of such articles",41596629.0,0.0,41596629.0,False
2015-07-01,2015,7,3,201507,M,imports,PHL,Philippines,85,"Electrical machinery and equipment and parts thereof; sound recorders and reproducers; television image and sound recorders and reproducers, parts and accessories of such articles",8875792.0,0.0,8875792.0,False
2015-07-01,2015,7,3,201507,M,imports,SGP,Singapore,85,"Electrical machinery and equipment and parts thereof; sound recorders and reproducers; television image and sound recorders and reproducers, parts and accessories of such articles",136839642.0,0.0,136839642.0,False
2015-07-01,2015,7,3,201507,M,imports,THA,Thailand,85,"Electrical machinery and equipment and parts thereof; sound recorders and reproducers; television image and sound recorders and reproducers, parts and accessories of such articles",37791792.0,0.0,37791792.0,False
2015-07-01,2015,7,3,201507,M,imports,USA,United States,85,"Electrical machinery and equipment and parts thereof; sound recorders and reproducers; television image and sound recorders and reproducers, parts and accessories of such articles",32607086.0,0.0,32607086.0,False
2015-07-01,2015,7,3,201507,M,imports,VNM,Vietnam,85,"Electrical machinery and equipment and parts thereof; sound recorders and reproducers; television image and sound recorders and reproducers, parts and accessories of such articles",40561696.0,0.0,40561696.0,False
2015-07-01,2015,7,3,201507,M,imports,W00,World,85,"Electrical machinery and equipment and parts thereof; sound recorders and reproducers; television image and sound recorders and reproducers, parts and accessories of such articles",1049781214.0,0.0,1049781214.0,False
2015-08-01,2015,8,3,201508,X,exports,CHN,China,85,"Electrical machinery and equipment and parts thereof; sound recorders and reproducers; television image and sound recorders and reproducers, parts and accessories of such articles",27022688.0,27022688.0,0.0,False
2015-08-01,2015,8,3,201508,X,exports,DEU,Germany,85,"Electrical machinery and equipment and parts thereof; sound recorders and reproducers; television image and sound recorders and reproducers, parts and accessories of such articles",14539877.0,14539877.0,0.0,False
2015-08-01,2015,8,3,201508,X,exports,JPN,Japan,85,"Electrical machinery and equipment and parts thereof; sound recorders and reproducers; television image and sound recorders and reproducers, parts and accessories of such articles",88672575.0,88672575.0,0.0,False
2015-08-01,2015,8,3,201508,X,exports,KOR,South Korea,85,"Electrical machinery and equipment and parts thereof; sound recorders and reproducers; television image and sound recorders and reproducers, parts and accessories of such articles",21103767.0,21103767.0,0.0,False
2015-08-01,2015,8,3,201508,X,exports,MYS,Malaysia,85,"Electrical machinery and equipment and parts thereof; sound recorders and reproducers; television image and sound recorders and reproducers, parts and accessories of such articles",24495043.0,24495043.0,0.0,False
2015-08-01,2015,8,3,201508,X,exports,PHL,Philippines,85,"Electrical machinery and equipment and parts thereof; sound recorders and reproducers; television image and sound recorders and reproducers, parts and accessories of such articles",9982942.0,9982942.0,0.0,False
2015-08-01,2015,8,3,201508,X,exports,SGP,Singapore,85,"Electrical machinery and equipment and parts thereof; sound recorders and reproducers; television image and sound recorders and reproducers, parts and accessories of such articles",134337415.0,134337415.0,0.0,False
2015-08-01,2015,8,3,201508,X,exports,THA,Thailand,85,"Electrical machinery and equipment and parts thereof; sound recorders and reproducers; television image and sound recorders and reproducers, parts and accessories of such articles",30285529.0,30285529.0,0.0,False
2015-08-01,2015,8,3,201508,X,exports,USA,United States,85,"Electrical machinery and equipment and parts thereof; sound recorders and reproducers; television image and sound recorders and reproducers, parts and accessories of such articles",110903046.0,110903046.0,0.0,False
2015-08-01,2015,8,3,201508,X,exports,VNM,Vietnam,85,"Electrical machinery and equipment and parts thereof; sound recorders and reproducers; television image and sound recorders and reproducers, parts and accessories of such articles",14339085.0,14339085.0,0.0,False
2015-08-01,2015,8,3,201508,X,exports,W00,World,85,"Electrical machinery and equipment and parts thereof; sound recorders and reproducers; television image and sound recorders and reproducers, parts and accessories of such articles",715164931.0,715164931.0,0.0,False
2015-08-01,2015,8,3,201508,M,imports,CHN,China,85,"Electrical machinery and equipment and parts thereof; sound recorders and reproducers; television image and sound recorders and reproducers, parts and accessories of such articles",515540200.0,0.0,515540200.0,False
2015-08-01,2015,8,3,201508,M,imports,DEU,Germany,85,"Electrical machinery and equipment and parts thereof; sound recorders and reproducers; television image and sound recorders and reproducers, parts and accessories of such articles",28656608.0,0.0,28656608.0,False
2015-08-01,2015,8,3,201508,M,imports,JPN,Japan,85,"Electrical machinery and equipment and parts thereof; sound recorders and reproducers; television image and sound recorders and reproducers, parts and accessories of such articles",107488199.0,0.0,107488199.0,False
2015-08-01,2015,8,3,201508,M,imports,KOR,South Korea,85,"Electrical machinery and equipment and parts thereof; sound recorders and reproducers; television image and sound recorders and reproducers, parts and accessories of such articles",63936664.0,0.0,63936664.0,False
2015-08-01,2015,8,3,201508,M,imports,MYS,Malaysia,85,"Electrical machinery and equipment and parts thereof; sound recorders and reproducers; television image and sound recorders and reproducers, parts and accessories of such articles",48637800.0,0.0,48637800.0,False
2015-08-01,2015,8,3,201508,M,imports,PHL,Philippines,85,"Electrical machinery and equipment and parts thereof; sound recorders and reproducers; television image and sound recorders and reproducers, parts and accessories of such articles",11731801.0,0.0,11731801.0,False
2015-08-01,2015,8,3,201508,M,imports,SGP,Singapore,85,"Electrical machinery and equipment and parts thereof; sound recorders and reproducers; television image and sound recorders and reproducers, parts and accessories of such articles",163801135.0,0.0,163801135.0,False
2015-08-01,2015,8,3,201508,M,imports,THA,Thailand,85,"Electrical machinery and equipment and parts thereof; sound recorders and reproducers; television image and sound recorders and reproducers, parts and accessories of such articles",47747401.0,0.0,47747401.0,False
2015-08-01,2015,8,3,201508,M,imports,USA,United States,85,"Electrical machinery and equipment and parts thereof; sound recorders and reproducers; television image and sound recorders and reproducers, parts and accessories of such articles",31114953.0,0.0,31114953.0,False
2015-08-01,2015,8,3,201508,M,imports,VNM,Vietnam,85,"Electrical machinery and equipment and parts thereof; sound recorders and reproducers; television image and sound recorders and reproducers, parts and accessories of such articles",96207344.0,0.0,96207344.0,False
2015-08-01,2015,8,3,201508,M,imports,W00,World,85,"Electrical machinery and equipment and parts thereof; sound recorders and reproducers; television image and sound recorders and reproducers, parts and accessories of such articles",1264724311.0,0.0,1264724311.0,False
2015-09-01,2015,9,3,201509,X,exports,CHN,China,85,"Electrical machinery and equipment and parts thereof; sound recorders and reproducers; television image and sound recorders and reproducers, parts and accessories of such articles",34720708.719,34720708.719,0.0,False
2015-09-01,2015,9,3,201509,X,exports,DEU,Germany,85,"Electrical machinery and equipment and parts thereof; sound recorders and reproducers; television image and sound recorders and reproducers, parts and accessories of such articles",13198547.446,13198547.446,0.0,False
2015-09-01,2015,9,3,201509,X,exports,JPN,Japan,85,"Electrical machinery and equipment and parts thereof; sound recorders and reproducers; television image and sound recorders and reproducers, parts and accessories of such articles",94482671.101,94482671.101,0.0,False
2015-09-01,2015,9,3,201509,X,exports,KOR,South Korea,85,"Electrical machinery and equipment and parts thereof; sound recorders and reproducers; television image and sound recorders and reproducers, parts and accessories of such articles",31244302.634,31244302.634,0.0,False
2015-09-01,2015,9,3,201509,X,exports,MYS,Malaysia,85,"Electrical machinery and equipment and parts thereof; sound recorders and reproducers; television image and sound recorders and reproducers, parts and accessories of such articles",27497825.369,27497825.369,0.0,False
2015-09-01,2015,9,3,201509,X,exports,PHL,Philippines,85,"Electrical machinery and equipment and parts thereof; sound recorders and reproducers; television image and sound recorders and reproducers, parts and accessories of such articles",10730406.667,10730406.667,0.0,False
2015-09-01,2015,9,3,201509,X,exports,SGP,Singapore,85,"Electrical machinery and equipment and parts thereof; sound recorders and reproducers; television image and sound recorders and reproducers, parts and accessories of such articles",138420466.006,138420466.006,0.0,False
2015-09-01,2015,9,3,201509,X,exports,THA,Thailand,85,"Electrical machinery and equipment and parts thereof; sound recorders and reproducers; television image and sound recorders and reproducers, parts and accessories of such articles",31929134.553,31929134.553,0.0,False
2015-09-01,2015,9,3,201509,X,exports,USA,United States,85,"Electrical machinery and equipment and parts thereof; sound recorders and reproducers; television image and sound recorders and reproducers, parts and accessories of such articles",120539126.464,120539126.464,0.0,False
2015-09-01,2015,9,3,201509,X,exports,VNM,Vietnam,85,"Electrical machinery and equipment and parts thereof; sound recorders and reproducers; television image and sound recorders and reproducers, parts and accessories of such articles",14595541.403,14595541.403,0.0,False
2015-09-01,2015,9,3,201509,X,exports,W00,World,85,"Electrical machinery and equipment and parts thereof; sound recorders and reproducers; television image and sound recorders and reproducers, parts and accessories of such articles",780807022.706,780807022.706,0.0,False
2015-09-01,2015,9,3,201509,M,imports,CHN,China,85,"Electrical machinery and equipment and parts thereof; sound recorders and reproducers; television image and sound recorders and reproducers, parts and accessories of such articles",537795757.0,0.0,537795757.0,False
2015-09-01,2015,9,3,201509,M,imports,DEU,Germany,85,"Electrical machinery and equipment and parts thereof; sound recorders and reproducers; television image and sound recorders and reproducers, parts and accessories of such articles",31653837.0,0.0,31653837.0,False
2015-09-01,2015,9,3,201509,M,imports,JPN,Japan,85,"Electrical machinery and equipment and parts thereof; sound recorders and reproducers; television image and sound recorders and reproducers, parts and accessories of such articles",107583585.0,0.0,107583585.0,False
2015-09-01,2015,9,3,201509,M,imports,KOR,South Korea,85,"Electrical machinery and equipment and parts thereof; sound recorders and reproducers; television image and sound recorders and reproducers, parts and accessories of such articles",78019170.0,0.0,78019170.0,False
2015-09-01,2015,9,3,201509,M,imports,MYS,Malaysia,85,"Electrical machinery and equipment and parts thereof; sound recorders and reproducers; television image and sound recorders and reproducers, parts and accessories of such articles",42891913.0,0.0,42891913.0,False
2015-09-01,2015,9,3,201509,M,imports,PHL,Philippines,85,"Electrical machinery and equipment and parts thereof; sound recorders and reproducers; television image and sound recorders and reproducers, parts and accessories of such articles",12371887.0,0.0,12371887.0,False
2015-09-01,2015,9,3,201509,M,imports,SGP,Singapore,85,"Electrical machinery and equipment and parts thereof; sound recorders and reproducers; television image and sound recorders and reproducers, parts and accessories of such articles",161492747.0,0.0,161492747.0,False
2015-09-01,2015,9,3,201509,M,imports,THA,Thailand,85,"Electrical machinery and equipment and parts thereof; sound recorders and reproducers; television image and sound recorders and reproducers, parts and accessories of such articles",40657878.0,0.0,40657878.0,False
2015-09-01,2015,9,3,201509,M,imports,USA,United States,85,"Electrical machinery and equipment and parts thereof; sound recorders and reproducers; television image and sound recorders and reproducers, parts and accessories of such articles",33848896.0,0.0,33848896.0,False
2015-09-01,2015,9,3,201509,M,imports,VNM,Vietnam,85,"Electrical machinery and equipment and parts thereof; sound recorders and reproducers; television image and sound recorders and reproducers, parts and accessories of such articles",83579140.0,0.0,83579140.0,False
2015-09-01,2015,9,3,201509,M,imports,W00,World,85,"Electrical machinery and equipment and parts thereof; sound recorders and reproducers; television image and sound recorders and reproducers, parts and accessories of such articles",1293053381.0,0.0,1293053381.0,False
2015-10-01,2015,10,4,201510,X,exports,CHN,China,85,"Electrical machinery and equipment and parts thereof; sound recorders and reproducers; television image and sound recorders and reproducers, parts and accessories of such articles",28314176.39,28314176.39,0.0,False
2015-10-01,2015,10,4,201510,X,exports,DEU,Germany,85,"Electrical machinery and equipment and parts thereof; sound recorders and reproducers; television image and sound recorders and reproducers, parts and accessories of such articles",15102282.75,15102282.75,0.0,False
2015-10-01,2015,10,4,201510,X,exports,JPN,Japan,85,"Electrical machinery and equipment and parts thereof; sound recorders and reproducers; television image and sound recorders and reproducers, parts and accessories of such articles",97572445.45,97572445.45,0.0,False
2015-10-01,2015,10,4,201510,X,exports,KOR,South Korea,85,"Electrical machinery and equipment and parts thereof; sound recorders and reproducers; television image and sound recorders and reproducers, parts and accessories of such articles",29372598.97,29372598.97,0.0,False
2015-10-01,2015,10,4,201510,X,exports,MYS,Malaysia,85,"Electrical machinery and equipment and parts thereof; sound recorders and reproducers; television image and sound recorders and reproducers, parts and accessories of such articles",26629456.11,26629456.11,0.0,False
2015-10-01,2015,10,4,201510,X,exports,PHL,Philippines,85,"Electrical machinery and equipment and parts thereof; sound recorders and reproducers; television image and sound recorders and reproducers, parts and accessories of such articles",8469806.47,8469806.47,0.0,False
2015-10-01,2015,10,4,201510,X,exports,SGP,Singapore,85,"Electrical machinery and equipment and parts thereof; sound recorders and reproducers; television image and sound recorders and reproducers, parts and accessories of such articles",140204000.14,140204000.14,0.0,False
2015-10-01,2015,10,4,201510,X,exports,THA,Thailand,85,"Electrical machinery and equipment and parts thereof; sound recorders and reproducers; television image and sound recorders and reproducers, parts and accessories of such articles",33220731.8,33220731.8,0.0,False
2015-10-01,2015,10,4,201510,X,exports,USA,United States,85,"Electrical machinery and equipment and parts thereof; sound recorders and reproducers; television image and sound recorders and reproducers, parts and accessories of such articles",123211452.28,123211452.28,0.0,False
2015-10-01,2015,10,4,201510,X,exports,VNM,Vietnam,85,"Electrical machinery and equipment and parts thereof; sound recorders and reproducers; television image and sound recorders and reproducers, parts and accessories of such articles",20360219.27,20360219.27,0.0,False
2015-10-01,2015,10,4,201510,X,exports,W00,World,85,"Electrical machinery and equipment and parts thereof; sound recorders and reproducers; television image and sound recorders and reproducers, parts and accessories of such articles",783537716.27,783537716.27,0.0,False
2015-10-01,2015,10,4,201510,M,imports,CHN,China,85,"Electrical machinery and equipment and parts thereof; sound recorders and reproducers; television image and sound recorders and reproducers, parts and accessories of such articles",535153082.0,0.0,535153082.0,False
2015-10-01,2015,10,4,201510,M,imports,DEU,Germany,85,"Electrical machinery and equipment and parts thereof; sound recorders and reproducers; television image and sound recorders and reproducers, parts and accessories of such articles",31511198.0,0.0,31511198.0,False
2015-10-01,2015,10,4,201510,M,imports,JPN,Japan,85,"Electrical machinery and equipment and parts thereof; sound recorders and reproducers; television image and sound recorders and reproducers, parts and accessories of such articles",103476924.0,0.0,103476924.0,False
2015-10-01,2015,10,4,201510,M,imports,KOR,South Korea,85,"Electrical machinery and equipment and parts thereof; sound recorders and reproducers; television image and sound recorders and reproducers, parts and accessories of such articles",76211390.0,0.0,76211390.0,False
2015-10-01,2015,10,4,201510,M,imports,MYS,Malaysia,85,"Electrical machinery and equipment and parts thereof; sound recorders and reproducers; television image and sound recorders and reproducers, parts and accessories of such articles",50948542.0,0.0,50948542.0,False
2015-10-01,2015,10,4,201510,M,imports,PHL,Philippines,85,"Electrical machinery and equipment and parts thereof; sound recorders and reproducers; television image and sound recorders and reproducers, parts and accessories of such articles",9931261.0,0.0,9931261.0,False
2015-10-01,2015,10,4,201510,M,imports,SGP,Singapore,85,"Electrical machinery and equipment and parts thereof; sound recorders and reproducers; television image and sound recorders and reproducers, parts and accessories of such articles",152697568.0,0.0,152697568.0,False
2015-10-01,2015,10,4,201510,M,imports,THA,Thailand,85,"Electrical machinery and equipment and parts thereof; sound recorders and reproducers; television image and sound recorders and reproducers, parts and accessories of such articles",38893179.0,0.0,38893179.0,False
2015-10-01,2015,10,4,201510,M,imports,USA,United States,85,"Electrical machinery and equipment and parts thereof; sound recorders and reproducers; television image and sound recorders and reproducers, parts and accessories of such articles",33362856.0,0.0,33362856.0,False
2015-10-01,2015,10,4,201510,M,imports,VNM,Vietnam,85,"Electrical machinery and equipment and parts thereof; sound recorders and reproducers; television image and sound recorders and reproducers, parts and accessories of such articles",60251419.0,0.0,60251419.0,False
2015-10-01,2015,10,4,201510,M,imports,W00,World,85,"Electrical machinery and equipment and parts thereof; sound recorders and reproducers; television image and sound recorders and reproducers, parts and accessories of such articles",1247305059.0,0.0,1247305059.0,False
2015-11-01,2015,11,4,201511,X,exports,CHN,China,85,"Electrical machinery and equipment and parts thereof; sound recorders and reproducers; television image and sound recorders and reproducers, parts and accessories of such articles",27932010.55,27932010.55,0.0,False
2015-11-01,2015,11,4,201511,X,exports,DEU,Germany,85,"Electrical machinery and equipment and parts thereof; sound recorders and reproducers; television image and sound recorders and reproducers, parts and accessories of such articles",10347335.48,10347335.48,0.0,False
2015-11-01,2015,11,4,201511,X,exports,JPN,Japan,85,"Electrical machinery and equipment and parts thereof; sound recorders and reproducers; television image and sound recorders and reproducers, parts and accessories of such articles",97111718.59,97111718.59,0.0,False
2015-11-01,2015,11,4,201511,X,exports,KOR,South Korea,85,"Electrical machinery and equipment and parts thereof; sound recorders and reproducers; television image and sound recorders and reproducers, parts and accessories of such articles",21889768.0,21889768.0,0.0,False
2015-11-01,2015,11,4,201511,X,exports,MYS,Malaysia,85,"Electrical machinery and equipment and parts thereof; sound recorders and reproducers; television image and sound recorders and reproducers, parts and accessories of such articles",25760711.13,25760711.13,0.0,False
2015-11-01,2015,11,4,201511,X,exports,PHL,Philippines,85,"Electrical machinery and equipment and parts thereof; sound recorders and reproducers; television image and sound recorders and reproducers, parts and accessories of such articles",8837142.35,8837142.35,0.0,False
2015-11-01,2015,11,4,201511,X,exports,SGP,Singapore,85,"Electrical machinery and equipment and parts thereof; sound recorders and reproducers; television image and sound recorders and reproducers, parts and accessories of such articles",135294455.22,135294455.22,0.0,False
2015-11-01,2015,11,4,201511,X,exports,THA,Thailand,85,"Electrical machinery and equipment and parts thereof; sound recorders and reproducers; television image and sound recorders and reproducers, parts and accessories of such articles",31425875.92,31425875.92,0.0,False
2015-11-01,2015,11,4,201511,X,exports,USA,United States,85,"Electrical machinery and equipment and parts thereof; sound recorders and reproducers; television image and sound recorders and reproducers, parts and accessories of such articles",95964543.55,95964543.55,0.0,False
2015-11-01,2015,11,4,201511,X,exports,VNM,Vietnam,85,"Electrical machinery and equipment and parts thereof; sound recorders and reproducers; television image and sound recorders and reproducers, parts and accessories of such articles",11729519.82,11729519.82,0.0,False
2015-11-01,2015,11,4,201511,X,exports,W00,World,85,"Electrical machinery and equipment and parts thereof; sound recorders and reproducers; television image and sound recorders and reproducers, parts and accessories of such articles",672564179.44,672564179.44,0.0,False
2015-11-01,2015,11,4,201511,M,imports,CHN,China,85,"Electrical machinery and equipment and parts thereof; sound recorders and reproducers; television image and sound recorders and reproducers, parts and accessories of such articles",590522317.0,0.0,590522317.0,False
2015-11-01,2015,11,4,201511,M,imports,DEU,Germany,85,"Electrical machinery and equipment and parts thereof; sound recorders and reproducers; television image and sound recorders and reproducers, parts and accessories of such articles",46765494.0,0.0,46765494.0,False
2015-11-01,2015,11,4,201511,M,imports,JPN,Japan,85,"Electrical machinery and equipment and parts thereof; sound recorders and reproducers; television image and sound recorders and reproducers, parts and accessories of such articles",101841905.0,0.0,101841905.0,False
2015-11-01,2015,11,4,201511,M,imports,KOR,South Korea,85,"Electrical machinery and equipment and parts thereof; sound recorders and reproducers; television image and sound recorders and reproducers, parts and accessories of such articles",60551437.0,0.0,60551437.0,False
2015-11-01,2015,11,4,201511,M,imports,MYS,Malaysia,85,"Electrical machinery and equipment and parts thereof; sound recorders and reproducers; television image and sound recorders and reproducers, parts and accessories of such articles",39370171.0,0.0,39370171.0,False
2015-11-01,2015,11,4,201511,M,imports,PHL,Philippines,85,"Electrical machinery and equipment and parts thereof; sound recorders and reproducers; television image and sound recorders and reproducers, parts and accessories of such articles",10303024.0,0.0,10303024.0,False
2015-11-01,2015,11,4,201511,M,imports,SGP,Singapore,85,"Electrical machinery and equipment and parts thereof; sound recorders and reproducers; television image and sound recorders and reproducers, parts and accessories of such articles",175920037.0,0.0,175920037.0,False
2015-11-01,2015,11,4,201511,M,imports,THA,Thailand,85,"Electrical machinery and equipment and parts thereof; sound recorders and reproducers; television image and sound recorders and reproducers, parts and accessories of such articles",35719387.0,0.0,35719387.0,False
2015-11-01,2015,11,4,201511,M,imports,USA,United States,85,"Electrical machinery and equipment and parts thereof; sound recorders and reproducers; television image and sound recorders and reproducers, parts and accessories of such articles",87792608.0,0.0,87792608.0,False
2015-11-01,2015,11,4,201511,M,imports,VNM,Vietnam,85,"Electrical machinery and equipment and parts thereof; sound recorders and reproducers; television image and sound recorders and reproducers, parts and accessories of such articles",85638990.0,0.0,85638990.0,False
2015-11-01,2015,11,4,201511,M,imports,W00,World,85,"Electrical machinery and equipment and parts thereof; sound recorders and reproducers; television image and sound recorders and reproducers, parts and accessories of such articles",1402369940.0,0.0,1402369940.0,False
2015-12-01,2015,12,4,201512,X,exports,CHN,China,85,"Electrical machinery and equipment and parts thereof; sound recorders and reproducers; television image and sound recorders and reproducers, parts and accessories of such articles",29173858.16,29173858.16,0.0,False
2015-12-01,2015,12,4,201512,X,exports,DEU,Germany,85,"Electrical machinery and equipment and parts thereof; sound recorders and reproducers; television image and sound recorders and reproducers, parts and accessories of such articles",15953644.55,15953644.55,0.0,False
2015-12-01,2015,12,4,201512,X,exports,JPN,Japan,85,"Electrical machinery and equipment and parts thereof; sound recorders and reproducers; television image and sound recorders and reproducers, parts and accessories of such articles",91403501.71,91403501.71,0.0,False
2015-12-01,2015,12,4,201512,X,exports,KOR,South Korea,85,"Electrical machinery and equipment and parts thereof; sound recorders and reproducers; television image and sound recorders and reproducers, parts and accessories of such articles",28769527.07,28769527.07,0.0,False
2015-12-01,2015,12,4,201512,X,exports,MYS,Malaysia,85,"Electrical machinery and equipment and parts thereof; sound recorders and reproducers; television image and sound recorders and reproducers, parts and accessories of such articles",23560246.24,23560246.24,0.0,False
2015-12-01,2015,12,4,201512,X,exports,PHL,Philippines,85,"Electrical machinery and equipment and parts thereof; sound recorders and reproducers; television image and sound recorders and reproducers, parts and accessories of such articles",9620917.7,9620917.7,0.0,False
2015-12-01,2015,12,4,201512,X,exports,SGP,Singapore,85,"Electrical machinery and equipment and parts thereof; sound recorders and reproducers; television image and sound recorders and reproducers, parts and accessories of such articles",117924268.968,117924268.968,0.0,False
2015-12-01,2015,12,4,201512,X,exports,THA,Thailand,85,"Electrical machinery and equipment and parts thereof; sound recorders and reproducers; television image and sound recorders and reproducers, parts and accessories of such articles",28617069.07,28617069.07,0.0,False
2015-12-01,2015,12,4,201512,X,exports,USA,United States,85,"Electrical machinery and equipment and parts thereof; sound recorders and reproducers; television image and sound recorders and reproducers, parts and accessories of such articles",97122553.05,97122553.05,0.0,False
2015-12-01,2015,12,4,201512,X,exports,VNM,Vietnam,85,"Electrical machinery and equipment and parts thereof; sound recorders and reproducers; television image and sound recorders and reproducers, parts and accessories of such articles",15930231.21,15930231.21,0.0,False
2015-12-01,2015,12,4,201512,X,exports,W00,World,85,"Electrical machinery and equipment and parts thereof; sound recorders and reproducers; television image and sound recorders and reproducers, parts and accessories of such articles",671159190.178,671159190.178,0.0,False
2015-12-01,2015,12,4,201512,M,imports,CHN,China,85,"Electrical machinery and equipment and parts thereof; sound recorders and reproducers; television image and sound recorders and reproducers, parts and accessories of such articles",600405647.0,0.0,600405647.0,False
2015-12-01,2015,12,4,201512,M,imports,DEU,Germany,85,"Electrical machinery and equipment and parts thereof; sound recorders and reproducers; television image and sound recorders and reproducers, parts and accessories of such articles",26534008.0,0.0,26534008.0,False
2015-12-01,2015,12,4,201512,M,imports,JPN,Japan,85,"Electrical machinery and equipment and parts thereof; sound recorders and reproducers; television image and sound recorders and reproducers, parts and accessories of such articles",116733575.0,0.0,116733575.0,False
2015-12-01,2015,12,4,201512,M,imports,KOR,South Korea,85,"Electrical machinery and equipment and parts thereof; sound recorders and reproducers; television image and sound recorders and reproducers, parts and accessories of such articles",53906297.0,0.0,53906297.0,False
2015-12-01,2015,12,4,201512,M,imports,MYS,Malaysia,85,"Electrical machinery and equipment and parts thereof; sound recorders and reproducers; television image and sound recorders and reproducers, parts and accessories of such articles",43774681.0,0.0,43774681.0,False
2015-12-01,2015,12,4,201512,M,imports,PHL,Philippines,85,"Electrical machinery and equipment and parts thereof; sound recorders and reproducers; television image and sound recorders and reproducers, parts and accessories of such articles",11932329.0,0.0,11932329.0,False
2015-12-01,2015,12,4,201512,M,imports,SGP,Singapore,85,"Electrical machinery and equipment and parts thereof; sound recorders and reproducers; television image and sound recorders and reproducers, parts and accessories of such articles",165605678.0,0.0,165605678.0,False
2015-12-01,2015,12,4,201512,M,imports,THA,Thailand,85,"Electrical machinery and equipment and parts thereof; sound recorders and reproducers; television image and sound recorders and reproducers, parts and accessories of such articles",38923333.0,0.0,38923333.0,False
2015-12-01,2015,12,4,201512,M,imports,USA,United States,85,"Electrical machinery and equipment and parts thereof; sound recorders and reproducers; television image and sound recorders and reproducers, parts and accessories of such articles",52657659.0,0.0,52657659.0,False
2015-12-01,2015,12,4,201512,M,imports,VNM,Vietnam,85,"Electrical machinery and equipment and parts thereof; sound recorders and reproducers; television image and sound recorders and reproducers, parts and accessories of such articles",70941885.0,0.0,70941885.0,False
2015-12-01,2015,12,4,201512,M,imports,W00,World,85,"Electrical machinery and equipment and parts thereof; sound recorders and reproducers; television image and sound recorders and reproducers, parts and accessories of such articles",1390571346.0,0.0,1390571346.0,False
2016-01-01,2016,1,1,201601,X,exports,CHN,China,85,"Electrical machinery and equipment and parts thereof; sound recorders and reproducers; television image and sound recorders and reproducers, parts and accessories of such articles",31025779.19,31025779.19,0.0,False
2016-01-01,2016,1,1,201601,X,exports,DEU,Germany,85,"Electrical machinery and equipment and parts thereof; sound recorders and reproducers; television image and sound recorders and reproducers, parts and accessories of such articles",14082739.095,14082739.095,0.0,False
2016-01-01,2016,1,1,201601,X,exports,JPN,Japan,85,"Electrical machinery and equipment and parts thereof; sound recorders and reproducers; television image and sound recorders and reproducers, parts and accessories of such articles",90638995.892,90638995.892,0.0,False
2016-01-01,2016,1,1,201601,X,exports,KOR,South Korea,85,"Electrical machinery and equipment and parts thereof; sound recorders and reproducers; television image and sound recorders and reproducers, parts and accessories of such articles",25740859.248,25740859.248,0.0,False
2016-01-01,2016,1,1,201601,X,exports,MYS,Malaysia,85,"Electrical machinery and equipment and parts thereof; sound recorders and reproducers; television image and sound recorders and reproducers, parts and accessories of such articles",28486831.312,28486831.312,0.0,False
2016-01-01,2016,1,1,201601,X,exports,PHL,Philippines,85,"Electrical machinery and equipment and parts thereof; sound recorders and reproducers; television image and sound recorders and reproducers, parts and accessories of such articles",9700155.616,9700155.616,0.0,False
2016-01-01,2016,1,1,201601,X,exports,SGP,Singapore,85,"Electrical machinery and equipment and parts thereof; sound recorders and reproducers; television image and sound recorders and reproducers, parts and accessories of such articles",125733657.691,125733657.691,0.0,False
2016-01-01,2016,1,1,201601,X,exports,THA,Thailand,85,"Electrical machinery and equipment and parts thereof; sound recorders and reproducers; television image and sound recorders and reproducers, parts and accessories of such articles",30832283.738,30832283.738,0.0,False
2016-01-01,2016,1,1,201601,X,exports,USA,United States,85,"Electrical machinery and equipment and parts thereof; sound recorders and reproducers; television image and sound recorders and reproducers, parts and accessories of such articles",83876710.043,83876710.043,0.0,False
2016-01-01,2016,1,1,201601,X,exports,VNM,Vietnam,85,"Electrical machinery and equipment and parts thereof; sound recorders and reproducers; television image and sound recorders and reproducers, parts and accessories of such articles",12003423.803,12003423.803,0.0,False
2016-01-01,2016,1,1,201601,X,exports,W00,World,85,"Electrical machinery and equipment and parts thereof; sound recorders and reproducers; television image and sound recorders and reproducers, parts and accessories of such articles",644800725.08,644800725.08,0.0,False
2016-01-01,2016,1,1,201601,M,imports,CHN,China,85,"Electrical machinery and equipment and parts thereof; sound recorders and reproducers; television image and sound recorders and reproducers, parts and accessories of such articles",439878069.0,0.0,439878069.0,False
2016-01-01,2016,1,1,201601,M,imports,DEU,Germany,85,"Electrical machinery and equipment and parts thereof; sound recorders and reproducers; television image and sound recorders and reproducers, parts and accessories of such articles",29852984.0,0.0,29852984.0,False
2016-01-01,2016,1,1,201601,M,imports,JPN,Japan,85,"Electrical machinery and equipment and parts thereof; sound recorders and reproducers; television image and sound recorders and reproducers, parts and accessories of such articles",91096190.0,0.0,91096190.0,False
2016-01-01,2016,1,1,201601,M,imports,KOR,South Korea,85,"Electrical machinery and equipment and parts thereof; sound recorders and reproducers; television image and sound recorders and reproducers, parts and accessories of such articles",59130768.0,0.0,59130768.0,False
2016-01-01,2016,1,1,201601,M,imports,MYS,Malaysia,85,"Electrical machinery and equipment and parts thereof; sound recorders and reproducers; television image and sound recorders and reproducers, parts and accessories of such articles",41485713.0,0.0,41485713.0,False
2016-01-01,2016,1,1,201601,M,imports,PHL,Philippines,85,"Electrical machinery and equipment and parts thereof; sound recorders and reproducers; television image and sound recorders and reproducers, parts and accessories of such articles",8118588.0,0.0,8118588.0,False
2016-01-01,2016,1,1,201601,M,imports,SGP,Singapore,85,"Electrical machinery and equipment and parts thereof; sound recorders and reproducers; television image and sound recorders and reproducers, parts and accessories of such articles",138817700.0,0.0,138817700.0,False
2016-01-01,2016,1,1,201601,M,imports,THA,Thailand,85,"Electrical machinery and equipment and parts thereof; sound recorders and reproducers; television image and sound recorders and reproducers, parts and accessories of such articles",36439378.0,0.0,36439378.0,False
2016-01-01,2016,1,1,201601,M,imports,USA,United States,85,"Electrical machinery and equipment and parts thereof; sound recorders and reproducers; television image and sound recorders and reproducers, parts and accessories of such articles",32065666.0,0.0,32065666.0,False
2016-01-01,2016,1,1,201601,M,imports,VNM,Vietnam,85,"Electrical machinery and equipment and parts thereof; sound recorders and reproducers; television image and sound recorders and reproducers, parts and accessories of such articles",82670429.0,0.0,82670429.0,False
2016-01-01,2016,1,1,201601,M,imports,W00,World,85,"Electrical machinery and equipment and parts thereof; sound recorders and reproducers; television image and sound recorders and reproducers, parts and accessories of such articles",1109219553.0,0.0,1109219553.0,False
2016-02-01,2016,2,1,201602,X,exports,CHN,China,85,"Electrical machinery and equipment and parts thereof; sound recorders and reproducers; television image and sound recorders and reproducers, parts and accessories of such articles",25444253.523,25444253.523,0.0,False
2016-02-01,2016,2,1,201602,X,exports,DEU,Germany,85,"Electrical machinery and equipment and parts thereof; sound recorders and reproducers; television image and sound recorders and reproducers, parts and accessories of such articles",12330134.975,12330134.975,0.0,False
2016-02-01,2016,2,1,201602,X,exports,JPN,Japan,85,"Electrical machinery and equipment and parts thereof; sound recorders and reproducers; television image and sound recorders and reproducers, parts and accessories of such articles",87925242.826,87925242.826,0.0,False
2016-02-01,2016,2,1,201602,X,exports,KOR,South Korea,85,"Electrical machinery and equipment and parts thereof; sound recorders and reproducers; television image and sound recorders and reproducers, parts and accessories of such articles",25620953.585,25620953.585,0.0,False
2016-02-01,2016,2,1,201602,X,exports,MYS,Malaysia,85,"Electrical machinery and equipment and parts thereof; sound recorders and reproducers; television image and sound recorders and reproducers, parts and accessories of such articles",24033217.374,24033217.374,0.0,False
2016-02-01,2016,2,1,201602,X,exports,PHL,Philippines,85,"Electrical machinery and equipment and parts thereof; sound recorders and reproducers; television image and sound recorders and reproducers, parts and accessories of such articles",10166087.919,10166087.919,0.0,False
2016-02-01,2016,2,1,201602,X,exports,SGP,Singapore,85,"Electrical machinery and equipment and parts thereof; sound recorders and reproducers; television image and sound recorders and reproducers, parts and accessories of such articles",135846137.902,135846137.902,0.0,False
2016-02-01,2016,2,1,201602,X,exports,THA,Thailand,85,"Electrical machinery and equipment and parts thereof; sound recorders and reproducers; television image and sound recorders and reproducers, parts and accessories of such articles",28364471.015,28364471.015,0.0,False
2016-02-01,2016,2,1,201602,X,exports,USA,United States,85,"Electrical machinery and equipment and parts thereof; sound recorders and reproducers; television image and sound recorders and reproducers, parts and accessories of such articles",88171306.101,88171306.101,0.0,False
2016-02-01,2016,2,1,201602,X,exports,VNM,Vietnam,85,"Electrical machinery and equipment and parts thereof; sound recorders and reproducers; television image and sound recorders and reproducers, parts and accessories of such articles",7035754.174,7035754.174,0.0,False
2016-02-01,2016,2,1,201602,X,exports,W00,World,85,"Electrical machinery and equipment and parts thereof; sound recorders and reproducers; television image and sound recorders and reproducers, parts and accessories of such articles",645059533.853,645059533.853,0.0,False
2016-02-01,2016,2,1,201602,M,imports,CHN,China,85,"Electrical machinery and equipment and parts thereof; sound recorders and reproducers; television image and sound recorders and reproducers, parts and accessories of such articles",501165365.0,0.0,501165365.0,False
2016-02-01,2016,2,1,201602,M,imports,DEU,Germany,85,"Electrical machinery and equipment and parts thereof; sound recorders and reproducers; television image and sound recorders and reproducers, parts and accessories of such articles",33833836.0,0.0,33833836.0,False
2016-02-01,2016,2,1,201602,M,imports,JPN,Japan,85,"Electrical machinery and equipment and parts thereof; sound recorders and reproducers; television image and sound recorders and reproducers, parts and accessories of such articles",131104433.0,0.0,131104433.0,False
2016-02-01,2016,2,1,201602,M,imports,KOR,South Korea,85,"Electrical machinery and equipment and parts thereof; sound recorders and reproducers; television image and sound recorders and reproducers, parts and accessories of such articles",60838409.0,0.0,60838409.0,False
2016-02-01,2016,2,1,201602,M,imports,MYS,Malaysia,85,"Electrical machinery and equipment and parts thereof; sound recorders and reproducers; television image and sound recorders and reproducers, parts and accessories of such articles",40314919.0,0.0,40314919.0,False
2016-02-01,2016,2,1,201602,M,imports,PHL,Philippines,85,"Electrical machinery and equipment and parts thereof; sound recorders and reproducers; television image and sound recorders and reproducers, parts and accessories of such articles",11288467.0,0.0,11288467.0,False
2016-02-01,2016,2,1,201602,M,imports,SGP,Singapore,85,"Electrical machinery and equipment and parts thereof; sound recorders and reproducers; television image and sound recorders and reproducers, parts and accessories of such articles",136004639.0,0.0,136004639.0,False
2016-02-01,2016,2,1,201602,M,imports,THA,Thailand,85,"Electrical machinery and equipment and parts thereof; sound recorders and reproducers; television image and sound recorders and reproducers, parts and accessories of such articles",42265611.0,0.0,42265611.0,False
2016-02-01,2016,2,1,201602,M,imports,USA,United States,85,"Electrical machinery and equipment and parts thereof; sound recorders and reproducers; television image and sound recorders and reproducers, parts and accessories of such articles",21340411.0,0.0,21340411.0,False
2016-02-01,2016,2,1,201602,M,imports,VNM,Vietnam,85,"Electrical machinery and equipment and parts thereof; sound recorders and reproducers; television image and sound recorders and reproducers, parts and accessories of such articles",54440730.0,0.0,54440730.0,False
2016-02-01,2016,2,1,201602,M,imports,W00,World,85,"Electrical machinery and equipment and parts thereof; sound recorders and reproducers; television image and sound recorders and reproducers, parts and accessories of such articles",1170366494.0,0.0,1170366494.0,False
2016-03-01,2016,3,1,201603,X,exports,CHN,China,85,"Electrical machinery and equipment and parts thereof; sound recorders and reproducers; television image and sound recorders and reproducers, parts and accessories of such articles",23816425.278,23816425.278,0.0,False
2016-03-01,2016,3,1,201603,X,exports,DEU,Germany,85,"Electrical machinery and equipment and parts thereof; sound recorders and reproducers; television image and sound recorders and reproducers, parts and accessories of such articles",13570765.888,13570765.888,0.0,False
2016-03-01,2016,3,1,201603,X,exports,JPN,Japan,85,"Electrical machinery and equipment and parts thereof; sound recorders and reproducers; television image and sound recorders and reproducers, parts and accessories of such articles",92741750.829,92741750.829,0.0,False
2016-03-01,2016,3,1,201603,X,exports,KOR,South Korea,85,"Electrical machinery and equipment and parts thereof; sound recorders and reproducers; television image and sound recorders and reproducers, parts and accessories of such articles",25669231.229,25669231.229,0.0,False
2016-03-01,2016,3,1,201603,X,exports,MYS,Malaysia,85,"Electrical machinery and equipment and parts thereof; sound recorders and reproducers; television image and sound recorders and reproducers, parts and accessories of such articles",26602582.24,26602582.24,0.0,False
2016-03-01,2016,3,1,201603,X,exports,PHL,Philippines,85,"Electrical machinery and equipment and parts thereof; sound recorders and reproducers; television image and sound recorders and reproducers, parts and accessories of such articles",10475389.476,10475389.476,0.0,False
2016-03-01,2016,3,1,201603,X,exports,SGP,Singapore,85,"Electrical machinery and equipment and parts thereof; sound recorders and reproducers; television image and sound recorders and reproducers, parts and accessories of such articles",155264497.866,155264497.866,0.0,False
2016-03-01,2016,3,1,201603,X,exports,THA,Thailand,85,"Electrical machinery and equipment and parts thereof; sound recorders and reproducers; television image and sound recorders and reproducers, parts and accessories of such articles",29663535.79,29663535.79,0.0,False
2016-03-01,2016,3,1,201603,X,exports,USA,United States,85,"Electrical machinery and equipment and parts thereof; sound recorders and reproducers; television image and sound recorders and reproducers, parts and accessories of such articles",97380494.299,97380494.299,0.0,False
2016-03-01,2016,3,1,201603,X,exports,VNM,Vietnam,85,"Electrical machinery and equipment and parts thereof; sound recorders and reproducers; television image and sound recorders and reproducers, parts and accessories of such articles",9033813.737,9033813.737,0.0,False
2016-03-01,2016,3,1,201603,X,exports,W00,World,85,"Electrical machinery and equipment and parts thereof; sound recorders and reproducers; television image and sound recorders and reproducers, parts and accessories of such articles",696837141.505,696837141.505,0.0,False
2016-03-01,2016,3,1,201603,M,imports,CHN,China,85,"Electrical machinery and equipment and parts thereof; sound recorders and reproducers; television image and sound recorders and reproducers, parts and accessories of such articles",480016838.0,0.0,480016838.0,False
2016-03-01,2016,3,1,201603,M,imports,DEU,Germany,85,"Electrical machinery and equipment and parts thereof; sound recorders and reproducers; television image and sound recorders and reproducers, parts and accessories of such articles",34409376.0,0.0,34409376.0,False
2016-03-01,2016,3,1,201603,M,imports,JPN,Japan,85,"Electrical machinery and equipment and parts thereof; sound recorders and reproducers; television image and sound recorders and reproducers, parts and accessories of such articles",123106385.0,0.0,123106385.0,False
2016-03-01,2016,3,1,201603,M,imports,KOR,South Korea,85,"Electrical machinery and equipment and parts thereof; sound recorders and reproducers; television image and sound recorders and reproducers, parts and accessories of such articles",65535118.0,0.0,65535118.0,False
2016-03-01,2016,3,1,201603,M,imports,MYS,Malaysia,85,"Electrical machinery and equipment and parts thereof; sound recorders and reproducers; television image and sound recorders and reproducers, parts and accessories of such articles",46439145.0,0.0,46439145.0,False
2016-03-01,2016,3,1,201603,M,imports,PHL,Philippines,85,"Electrical machinery and equipment and parts thereof; sound recorders and reproducers; television image and sound recorders and reproducers, parts and accessories of such articles",19818233.0,0.0,19818233.0,False
2016-03-01,2016,3,1,201603,M,imports,SGP,Singapore,85,"Electrical machinery and equipment and parts thereof; sound recorders and reproducers; television image and sound recorders and reproducers, parts and accessories of such articles",155851284.0,0.0,155851284.0,False
2016-03-01,2016,3,1,201603,M,imports,THA,Thailand,85,"Electrical machinery and equipment and parts thereof; sound recorders and reproducers; television image and sound recorders and reproducers, parts and accessories of such articles",47051176.0,0.0,47051176.0,False
2016-03-01,2016,3,1,201603,M,imports,USA,United States,85,"Electrical machinery and equipment and parts thereof; sound recorders and reproducers; television image and sound recorders and reproducers, parts and accessories of such articles",29088898.0,0.0,29088898.0,False
2016-03-01,2016,3,1,201603,M,imports,VNM,Vietnam,85,"Electrical machinery and equipment and parts thereof; sound recorders and reproducers; television image and sound recorders and reproducers, parts and accessories of such articles",104187350.0,0.0,104187350.0,False
2016-03-01,2016,3,1,201603,M,imports,W00,World,85,"Electrical machinery and equipment and parts thereof; sound recorders and reproducers; television image and sound recorders and reproducers, parts and accessories of such articles",1252236678.0,0.0,1252236678.0,False
2016-04-01,2016,4,2,201604,X,exports,CHN,China,85,"Electrical machinery and equipment and parts thereof; sound recorders and reproducers; television image and sound recorders and reproducers, parts and accessories of such articles",23742898.374,23742898.374,0.0,False
2016-04-01,2016,4,2,201604,X,exports,DEU,Germany,85,"Electrical machinery and equipment and parts thereof; sound recorders and reproducers; television image and sound recorders and reproducers, parts and accessories of such articles",14209310.584,14209310.584,0.0,False
2016-04-01,2016,4,2,201604,X,exports,JPN,Japan,85,"Electrical machinery and equipment and parts thereof; sound recorders and reproducers; television image and sound recorders and reproducers, parts and accessories of such articles",88831206.109,88831206.109,0.0,False
2016-04-01,2016,4,2,201604,X,exports,KOR,South Korea,85,"Electrical machinery and equipment and parts thereof; sound recorders and reproducers; television image and sound recorders and reproducers, parts and accessories of such articles",28194107.068,28194107.068,0.0,False
2016-04-01,2016,4,2,201604,X,exports,MYS,Malaysia,85,"Electrical machinery and equipment and parts thereof; sound recorders and reproducers; television image and sound recorders and reproducers, parts and accessories of such articles",25390184.618,25390184.618,0.0,False
2016-04-01,2016,4,2,201604,X,exports,PHL,Philippines,85,"Electrical machinery and equipment and parts thereof; sound recorders and reproducers; television image and sound recorders and reproducers, parts and accessories of such articles",8754837.904,8754837.904,0.0,False
2016-04-01,2016,4,2,201604,X,exports,SGP,Singapore,85,"Electrical machinery and equipment and parts thereof; sound recorders and reproducers; television image and sound recorders and reproducers, parts and accessories of such articles",133486109.419,133486109.419,0.0,False
2016-04-01,2016,4,2,201604,X,exports,THA,Thailand,85,"Electrical machinery and equipment and parts thereof; sound recorders and reproducers; television image and sound recorders and reproducers, parts and accessories of such articles",28824072.071,28824072.071,0.0,False
2016-04-01,2016,4,2,201604,X,exports,USA,United States,85,"Electrical machinery and equipment and parts thereof; sound recorders and reproducers; television image and sound recorders and reproducers, parts and accessories of such articles",104677818.561,104677818.561,0.0,False
2016-04-01,2016,4,2,201604,X,exports,VNM,Vietnam,85,"Electrical machinery and equipment and parts thereof; sound recorders and reproducers; television image and sound recorders and reproducers, parts and accessories of such articles",10194622.862,10194622.862,0.0,False
2016-04-01,2016,4,2,201604,X,exports,W00,World,85,"Electrical machinery and equipment and parts thereof; sound recorders and reproducers; television image and sound recorders and reproducers, parts and accessories of such articles",671359137.608,671359137.608,0.0,False
2016-04-01,2016,4,2,201604,M,imports,CHN,China,85,"Electrical machinery and equipment and parts thereof; sound recorders and reproducers; television image and sound recorders and reproducers, parts and accessories of such articles",499880040.0,0.0,499880040.0,False
2016-04-01,2016,4,2,201604,M,imports,DEU,Germany,85,"Electrical machinery and equipment and parts thereof; sound recorders and reproducers; television image and sound recorders and reproducers, parts and accessories of such articles",39380041.0,0.0,39380041.0,False
2016-04-01,2016,4,2,201604,M,imports,JPN,Japan,85,"Electrical machinery and equipment and parts thereof; sound recorders and reproducers; television image and sound recorders and reproducers, parts and accessories of such articles",141340750.0,0.0,141340750.0,False
2016-04-01,2016,4,2,201604,M,imports,KOR,South Korea,85,"Electrical machinery and equipment and parts thereof; sound recorders and reproducers; television image and sound recorders and reproducers, parts and accessories of such articles",56069902.0,0.0,56069902.0,False
2016-04-01,2016,4,2,201604,M,imports,MYS,Malaysia,85,"Electrical machinery and equipment and parts thereof; sound recorders and reproducers; television image and sound recorders and reproducers, parts and accessories of such articles",55203013.0,0.0,55203013.0,False
2016-04-01,2016,4,2,201604,M,imports,PHL,Philippines,85,"Electrical machinery and equipment and parts thereof; sound recorders and reproducers; television image and sound recorders and reproducers, parts and accessories of such articles",9661501.0,0.0,9661501.0,False
2016-04-01,2016,4,2,201604,M,imports,SGP,Singapore,85,"Electrical machinery and equipment and parts thereof; sound recorders and reproducers; television image and sound recorders and reproducers, parts and accessories of such articles",141108551.0,0.0,141108551.0,False
2016-04-01,2016,4,2,201604,M,imports,THA,Thailand,85,"Electrical machinery and equipment and parts thereof; sound recorders and reproducers; television image and sound recorders and reproducers, parts and accessories of such articles",41749654.0,0.0,41749654.0,False
2016-04-01,2016,4,2,201604,M,imports,USA,United States,85,"Electrical machinery and equipment and parts thereof; sound recorders and reproducers; television image and sound recorders and reproducers, parts and accessories of such articles",25632677.0,0.0,25632677.0,False
2016-04-01,2016,4,2,201604,M,imports,VNM,Vietnam,85,"Electrical machinery and equipment and parts thereof; sound recorders and reproducers; television image and sound recorders and reproducers, parts and accessories of such articles",78104479.0,0.0,78104479.0,False
2016-04-01,2016,4,2,201604,M,imports,W00,World,85,"Electrical machinery and equipment and parts thereof; sound recorders and reproducers; television image and sound recorders and reproducers, parts and accessories of such articles",1271311398.0,0.0,1271311398.0,False
2016-05-01,2016,5,2,201605,X,exports,CHN,China,85,"Electrical machinery and equipment and parts thereof; sound recorders and reproducers; television image and sound recorders and reproducers, parts and accessories of such articles",28093340.493,28093340.493,0.0,False
2016-05-01,2016,5,2,201605,X,exports,DEU,Germany,85,"Electrical machinery and equipment and parts thereof; sound recorders and reproducers; television image and sound recorders and reproducers, parts and accessories of such articles",17920889.217,17920889.217,0.0,False
2016-05-01,2016,5,2,201605,X,exports,JPN,Japan,85,"Electrical machinery and equipment and parts thereof; sound recorders and reproducers; television image and sound recorders and reproducers, parts and accessories of such articles",86263115.289,86263115.289,0.0,False
2016-05-01,2016,5,2,201605,X,exports,KOR,South Korea,85,"Electrical machinery and equipment and parts thereof; sound recorders and reproducers; television image and sound recorders and reproducers, parts and accessories of such articles",21070214.023,21070214.023,0.0,False
2016-05-01,2016,5,2,201605,X,exports,MYS,Malaysia,85,"Electrical machinery and equipment and parts thereof; sound recorders and reproducers; television image and sound recorders and reproducers, parts and accessories of such articles",29498883.157,29498883.157,0.0,False
2016-05-01,2016,5,2,201605,X,exports,PHL,Philippines,85,"Electrical machinery and equipment and parts thereof; sound recorders and reproducers; television image and sound recorders and reproducers, parts and accessories of such articles",8922097.785,8922097.785,0.0,False
2016-05-01,2016,5,2,201605,X,exports,SGP,Singapore,85,"Electrical machinery and equipment and parts thereof; sound recorders and reproducers; television image and sound recorders and reproducers, parts and accessories of such articles",118478170.036,118478170.036,0.0,False
2016-05-01,2016,5,2,201605,X,exports,THA,Thailand,85,"Electrical machinery and equipment and parts thereof; sound recorders and reproducers; television image and sound recorders and reproducers, parts and accessories of such articles",23391134.633,23391134.633,0.0,False
2016-05-01,2016,5,2,201605,X,exports,USA,United States,85,"Electrical machinery and equipment and parts thereof; sound recorders and reproducers; television image and sound recorders and reproducers, parts and accessories of such articles",98452436.731,98452436.731,0.0,False
2016-05-01,2016,5,2,201605,X,exports,VNM,Vietnam,85,"Electrical machinery and equipment and parts thereof; sound recorders and reproducers; television image and sound recorders and reproducers, parts and accessories of such articles",10137364.199,10137364.199,0.0,False
2016-05-01,2016,5,2,201605,X,exports,W00,World,85,"Electrical machinery and equipment and parts thereof; sound recorders and reproducers; television image and sound recorders and reproducers, parts and accessories of such articles",645770862.8,645770862.8,0.0,False
2016-05-01,2016,5,2,201605,M,imports,CHN,China,85,"Electrical machinery and equipment and parts thereof; sound recorders and reproducers; television image and sound recorders and reproducers, parts and accessories of such articles",565353641.0,0.0,565353641.0,False
2016-05-01,2016,5,2,201605,M,imports,DEU,Germany,85,"Electrical machinery and equipment and parts thereof; sound recorders and reproducers; television image and sound recorders and reproducers, parts and accessories of such articles",36356922.0,0.0,36356922.0,False
2016-05-01,2016,5,2,201605,M,imports,JPN,Japan,85,"Electrical machinery and equipment and parts thereof; sound recorders and reproducers; television image and sound recorders and reproducers, parts and accessories of such articles",114300781.0,0.0,114300781.0,False
2016-05-01,2016,5,2,201605,M,imports,KOR,South Korea,85,"Electrical machinery and equipment and parts thereof; sound recorders and reproducers; television image and sound recorders and reproducers, parts and accessories of such articles",65832869.0,0.0,65832869.0,False
2016-05-01,2016,5,2,201605,M,imports,MYS,Malaysia,85,"Electrical machinery and equipment and parts thereof; sound recorders and reproducers; television image and sound recorders and reproducers, parts and accessories of such articles",43623499.0,0.0,43623499.0,False
2016-05-01,2016,5,2,201605,M,imports,PHL,Philippines,85,"Electrical machinery and equipment and parts thereof; sound recorders and reproducers; television image and sound recorders and reproducers, parts and accessories of such articles",11253693.0,0.0,11253693.0,False
2016-05-01,2016,5,2,201605,M,imports,SGP,Singapore,85,"Electrical machinery and equipment and parts thereof; sound recorders and reproducers; television image and sound recorders and reproducers, parts and accessories of such articles",122824917.0,0.0,122824917.0,False
2016-05-01,2016,5,2,201605,M,imports,THA,Thailand,85,"Electrical machinery and equipment and parts thereof; sound recorders and reproducers; television image and sound recorders and reproducers, parts and accessories of such articles",46471882.0,0.0,46471882.0,False
2016-05-01,2016,5,2,201605,M,imports,USA,United States,85,"Electrical machinery and equipment and parts thereof; sound recorders and reproducers; television image and sound recorders and reproducers, parts and accessories of such articles",23780891.0,0.0,23780891.0,False
2016-05-01,2016,5,2,201605,M,imports,VNM,Vietnam,85,"Electrical machinery and equipment and parts thereof; sound recorders and reproducers; television image and sound recorders and reproducers, parts and accessories of such articles",76135489.0,0.0,76135489.0,False
2016-05-01,2016,5,2,201605,M,imports,W00,World,85,"Electrical machinery and equipment and parts thereof; sound recorders and reproducers; television image and sound recorders and reproducers, parts and accessories of such articles",1249312918.0,0.0,1249312918.0,False
2016-06-01,2016,6,2,201606,X,exports,CHN,China,85,"Electrical machinery and equipment and parts thereof; sound recorders and reproducers; television image and sound recorders and reproducers, parts and accessories of such articles",27088839.207,27088839.207,0.0,False
2016-06-01,2016,6,2,201606,X,exports,DEU,Germany,85,"Electrical machinery and equipment and parts thereof; sound recorders and reproducers; television image and sound recorders and reproducers, parts and accessories of such articles",15743180.934,15743180.934,0.0,False
2016-06-01,2016,6,2,201606,X,exports,JPN,Japan,85,"Electrical machinery and equipment and parts thereof; sound recorders and reproducers; television image and sound recorders and reproducers, parts and accessories of such articles",105491774.637,105491774.637,0.0,False
2016-06-01,2016,6,2,201606,X,exports,KOR,South Korea,85,"Electrical machinery and equipment and parts thereof; sound recorders and reproducers; television image and sound recorders and reproducers, parts and accessories of such articles",21283952.95,21283952.95,0.0,False
2016-06-01,2016,6,2,201606,X,exports,MYS,Malaysia,85,"Electrical machinery and equipment and parts thereof; sound recorders and reproducers; television image and sound recorders and reproducers, parts and accessories of such articles",32603164.544,32603164.544,0.0,False
2016-06-01,2016,6,2,201606,X,exports,PHL,Philippines,85,"Electrical machinery and equipment and parts thereof; sound recorders and reproducers; television image and sound recorders and reproducers, parts and accessories of such articles",10412450.817,10412450.817,0.0,False
2016-06-01,2016,6,2,201606,X,exports,SGP,Singapore,85,"Electrical machinery and equipment and parts thereof; sound recorders and reproducers; television image and sound recorders and reproducers, parts and accessories of such articles",125206190.513,125206190.513,0.0,False
2016-06-01,2016,6,2,201606,X,exports,THA,Thailand,85,"Electrical machinery and equipment and parts thereof; sound recorders and reproducers; television image and sound recorders and reproducers, parts and accessories of such articles",34154152.813,34154152.813,0.0,False
2016-06-01,2016,6,2,201606,X,exports,USA,United States,85,"Electrical machinery and equipment and parts thereof; sound recorders and reproducers; television image and sound recorders and reproducers, parts and accessories of such articles",118376652.25,118376652.25,0.0,False
2016-06-01,2016,6,2,201606,X,exports,VNM,Vietnam,85,"Electrical machinery and equipment and parts thereof; sound recorders and reproducers; television image and sound recorders and reproducers, parts and accessories of such articles",13279468.671,13279468.671,0.0,False
2016-06-01,2016,6,2,201606,X,exports,W00,World,85,"Electrical machinery and equipment and parts thereof; sound recorders and reproducers; television image and sound recorders and reproducers, parts and accessories of such articles",734728082.224,734728082.224,0.0,False
2016-06-01,2016,6,2,201606,M,imports,CHN,China,85,"Electrical machinery and equipment and parts thereof; sound recorders and reproducers; television image and sound recorders and reproducers, parts and accessories of such articles",541646855.0,0.0,541646855.0,False
2016-06-01,2016,6,2,201606,M,imports,DEU,Germany,85,"Electrical machinery and equipment and parts thereof; sound recorders and reproducers; television image and sound recorders and reproducers, parts and accessories of such articles",40050225.0,0.0,40050225.0,False
2016-06-01,2016,6,2,201606,M,imports,JPN,Japan,85,"Electrical machinery and equipment and parts thereof; sound recorders and reproducers; television image and sound recorders and reproducers, parts and accessories of such articles",136749322.0,0.0,136749322.0,False
2016-06-01,2016,6,2,201606,M,imports,KOR,South Korea,85,"Electrical machinery and equipment and parts thereof; sound recorders and reproducers; television image and sound recorders and reproducers, parts and accessories of such articles",60959493.0,0.0,60959493.0,False
2016-06-01,2016,6,2,201606,M,imports,MYS,Malaysia,85,"Electrical machinery and equipment and parts thereof; sound recorders and reproducers; television image and sound recorders and reproducers, parts and accessories of such articles",50773214.0,0.0,50773214.0,False
2016-06-01,2016,6,2,201606,M,imports,PHL,Philippines,85,"Electrical machinery and equipment and parts thereof; sound recorders and reproducers; television image and sound recorders and reproducers, parts and accessories of such articles",12231135.0,0.0,12231135.0,False
2016-06-01,2016,6,2,201606,M,imports,SGP,Singapore,85,"Electrical machinery and equipment and parts thereof; sound recorders and reproducers; television image and sound recorders and reproducers, parts and accessories of such articles",134681683.0,0.0,134681683.0,False
2016-06-01,2016,6,2,201606,M,imports,THA,Thailand,85,"Electrical machinery and equipment and parts thereof; sound recorders and reproducers; television image and sound recorders and reproducers, parts and accessories of such articles",50909759.0,0.0,50909759.0,False
2016-06-01,2016,6,2,201606,M,imports,USA,United States,85,"Electrical machinery and equipment and parts thereof; sound recorders and reproducers; television image and sound recorders and reproducers, parts and accessories of such articles",20822319.0,0.0,20822319.0,False
2016-06-01,2016,6,2,201606,M,imports,VNM,Vietnam,85,"Electrical machinery and equipment and parts thereof; sound recorders and reproducers; television image and sound recorders and reproducers, parts and accessories of such articles",75416331.0,0.0,75416331.0,False
2016-06-01,2016,6,2,201606,M,imports,W00,World,85,"Electrical machinery and equipment and parts thereof; sound recorders and reproducers; television image and sound recorders and reproducers, parts and accessories of such articles",1304196149.0,0.0,1304196149.0,False
2016-07-01,2016,7,3,201607,X,exports,CHN,China,85,"Electrical machinery and equipment and parts thereof; sound recorders and reproducers; television image and sound recorders and reproducers, parts and accessories of such articles",19773871.367,19773871.367,0.0,False
2016-07-01,2016,7,3,201607,X,exports,DEU,Germany,85,"Electrical machinery and equipment and parts thereof; sound recorders and reproducers; television image and sound recorders and reproducers, parts and accessories of such articles",12190876.92,12190876.92,0.0,False
2016-07-01,2016,7,3,201607,X,exports,JPN,Japan,85,"Electrical machinery and equipment and parts thereof; sound recorders and reproducers; television image and sound recorders and reproducers, parts and accessories of such articles",61035221.751,61035221.751,0.0,False
2016-07-01,2016,7,3,201607,X,exports,KOR,South Korea,85,"Electrical machinery and equipment and parts thereof; sound recorders and reproducers; television image and sound recorders and reproducers, parts and accessories of such articles",16293892.106,16293892.106,0.0,False
2016-07-01,2016,7,3,201607,X,exports,MYS,Malaysia,85,"Electrical machinery and equipment and parts thereof; sound recorders and reproducers; television image and sound recorders and reproducers, parts and accessories of such articles",26380795.596,26380795.596,0.0,False
2016-07-01,2016,7,3,201607,X,exports,PHL,Philippines,85,"Electrical machinery and equipment and parts thereof; sound recorders and reproducers; television image and sound recorders and reproducers, parts and accessories of such articles",6461521.435,6461521.435,0.0,False
2016-07-01,2016,7,3,201607,X,exports,SGP,Singapore,85,"Electrical machinery and equipment and parts thereof; sound recorders and reproducers; television image and sound recorders and reproducers, parts and accessories of such articles",111407071.046,111407071.046,0.0,False
2016-07-01,2016,7,3,201607,X,exports,THA,Thailand,85,"Electrical machinery and equipment and parts thereof; sound recorders and reproducers; television image and sound recorders and reproducers, parts and accessories of such articles",18264408.022,18264408.022,0.0,False
2016-07-01,2016,7,3,201607,X,exports,USA,United States,85,"Electrical machinery and equipment and parts thereof; sound recorders and reproducers; television image and sound recorders and reproducers, parts and accessories of such articles",82481285.571,82481285.571,0.0,False
2016-07-01,2016,7,3,201607,X,exports,VNM,Vietnam,85,"Electrical machinery and equipment and parts thereof; sound recorders and reproducers; television image and sound recorders and reproducers, parts and accessories of such articles",7171651.358,7171651.358,0.0,False
2016-07-01,2016,7,3,201607,X,exports,W00,World,85,"Electrical machinery and equipment and parts thereof; sound recorders and reproducers; television image and sound recorders and reproducers, parts and accessories of such articles",527453484.332,527453484.332,0.0,False
2016-07-01,2016,7,3,201607,M,imports,CHN,China,85,"Electrical machinery and equipment and parts thereof; sound recorders and reproducers; television image and sound recorders and reproducers, parts and accessories of such articles",340454712.0,0.0,340454712.0,False
2016-07-01,2016,7,3,201607,M,imports,DEU,Germany,85,"Electrical machinery and equipment and parts thereof; sound recorders and reproducers; television image and sound recorders and reproducers, parts and accessories of such articles",23341657.0,0.0,23341657.0,False
2016-07-01,2016,7,3,201607,M,imports,JPN,Japan,85,"Electrical machinery and equipment and parts thereof; sound recorders and reproducers; television image and sound recorders and reproducers, parts and accessories of such articles",104710125.0,0.0,104710125.0,False
2016-07-01,2016,7,3,201607,M,imports,KOR,South Korea,85,"Electrical machinery and equipment and parts thereof; sound recorders and reproducers; television image and sound recorders and reproducers, parts and accessories of such articles",43561419.0,0.0,43561419.0,False
2016-07-01,2016,7,3,201607,M,imports,MYS,Malaysia,85,"Electrical machinery and equipment and parts thereof; sound recorders and reproducers; television image and sound recorders and reproducers, parts and accessories of such articles",31991372.0,0.0,31991372.0,False
2016-07-01,2016,7,3,201607,M,imports,PHL,Philippines,85,"Electrical machinery and equipment and parts thereof; sound recorders and reproducers; television image and sound recorders and reproducers, parts and accessories of such articles",9473963.0,0.0,9473963.0,False
2016-07-01,2016,7,3,201607,M,imports,SGP,Singapore,85,"Electrical machinery and equipment and parts thereof; sound recorders and reproducers; television image and sound recorders and reproducers, parts and accessories of such articles",129614342.0,0.0,129614342.0,False
2016-07-01,2016,7,3,201607,M,imports,THA,Thailand,85,"Electrical machinery and equipment and parts thereof; sound recorders and reproducers; television image and sound recorders and reproducers, parts and accessories of such articles",35384018.0,0.0,35384018.0,False
2016-07-01,2016,7,3,201607,M,imports,USA,United States,85,"Electrical machinery and equipment and parts thereof; sound recorders and reproducers; television image and sound recorders and reproducers, parts and accessories of such articles",19837742.0,0.0,19837742.0,False
2016-07-01,2016,7,3,201607,M,imports,VNM,Vietnam,85,"Electrical machinery and equipment and parts thereof; sound recorders and reproducers; television image and sound recorders and reproducers, parts and accessories of such articles",78874432.0,0.0,78874432.0,False
2016-07-01,2016,7,3,201607,M,imports,W00,World,85,"Electrical machinery and equipment and parts thereof; sound recorders and reproducers; television image and sound recorders and reproducers, parts and accessories of such articles",965866500.0,0.0,965866500.0,False
2016-08-01,2016,8,3,201608,X,exports,CHN,China,85,"Electrical machinery and equipment and parts thereof; sound recorders and reproducers; television image and sound recorders and reproducers, parts and accessories of such articles",29066010.593,29066010.593,0.0,False
2016-08-01,2016,8,3,201608,X,exports,DEU,Germany,85,"Electrical machinery and equipment and parts thereof; sound recorders and reproducers; television image and sound recorders and reproducers, parts and accessories of such articles",15261950.705,15261950.705,0.0,False
2016-08-01,2016,8,3,201608,X,exports,JPN,Japan,85,"Electrical machinery and equipment and parts thereof; sound recorders and reproducers; television image and sound recorders and reproducers, parts and accessories of such articles",92054613.472,92054613.472,0.0,False
2016-08-01,2016,8,3,201608,X,exports,KOR,South Korea,85,"Electrical machinery and equipment and parts thereof; sound recorders and reproducers; television image and sound recorders and reproducers, parts and accessories of such articles",20460330.181,20460330.181,0.0,False
2016-08-01,2016,8,3,201608,X,exports,MYS,Malaysia,85,"Electrical machinery and equipment and parts thereof; sound recorders and reproducers; television image and sound recorders and reproducers, parts and accessories of such articles",31138357.452,31138357.452,0.0,False
2016-08-01,2016,8,3,201608,X,exports,PHL,Philippines,85,"Electrical machinery and equipment and parts thereof; sound recorders and reproducers; television image and sound recorders and reproducers, parts and accessories of such articles",9169740.294,9169740.294,0.0,False
2016-08-01,2016,8,3,201608,X,exports,SGP,Singapore,85,"Electrical machinery and equipment and parts thereof; sound recorders and reproducers; television image and sound recorders and reproducers, parts and accessories of such articles",125386728.631,125386728.631,0.0,False
2016-08-01,2016,8,3,201608,X,exports,THA,Thailand,85,"Electrical machinery and equipment and parts thereof; sound recorders and reproducers; television image and sound recorders and reproducers, parts and accessories of such articles",24899160.193,24899160.193,0.0,False
2016-08-01,2016,8,3,201608,X,exports,USA,United States,85,"Electrical machinery and equipment and parts thereof; sound recorders and reproducers; television image and sound recorders and reproducers, parts and accessories of such articles",111661578.588,111661578.588,0.0,False
2016-08-01,2016,8,3,201608,X,exports,VNM,Vietnam,85,"Electrical machinery and equipment and parts thereof; sound recorders and reproducers; television image and sound recorders and reproducers, parts and accessories of such articles",9970380.168,9970380.168,0.0,False
2016-08-01,2016,8,3,201608,X,exports,W00,World,85,"Electrical machinery and equipment and parts thereof; sound recorders and reproducers; television image and sound recorders and reproducers, parts and accessories of such articles",702942356.379,702942356.379,0.0,False
2016-08-01,2016,8,3,201608,M,imports,CHN,China,85,"Electrical machinery and equipment and parts thereof; sound recorders and reproducers; television image and sound recorders and reproducers, parts and accessories of such articles",601323792.0,0.0,601323792.0,False
2016-08-01,2016,8,3,201608,M,imports,DEU,Germany,85,"Electrical machinery and equipment and parts thereof; sound recorders and reproducers; television image and sound recorders and reproducers, parts and accessories of such articles",26929838.0,0.0,26929838.0,False
2016-08-01,2016,8,3,201608,M,imports,JPN,Japan,85,"Electrical machinery and equipment and parts thereof; sound recorders and reproducers; television image and sound recorders and reproducers, parts and accessories of such articles",145109297.0,0.0,145109297.0,False
2016-08-01,2016,8,3,201608,M,imports,KOR,South Korea,85,"Electrical machinery and equipment and parts thereof; sound recorders and reproducers; television image and sound recorders and reproducers, parts and accessories of such articles",61932798.0,0.0,61932798.0,False
2016-08-01,2016,8,3,201608,M,imports,MYS,Malaysia,85,"Electrical machinery and equipment and parts thereof; sound recorders and reproducers; television image and sound recorders and reproducers, parts and accessories of such articles",51106855.0,0.0,51106855.0,False
2016-08-01,2016,8,3,201608,M,imports,PHL,Philippines,85,"Electrical machinery and equipment and parts thereof; sound recorders and reproducers; television image and sound recorders and reproducers, parts and accessories of such articles",12606164.0,0.0,12606164.0,False
2016-08-01,2016,8,3,201608,M,imports,SGP,Singapore,85,"Electrical machinery and equipment and parts thereof; sound recorders and reproducers; television image and sound recorders and reproducers, parts and accessories of such articles",103333543.0,0.0,103333543.0,False
2016-08-01,2016,8,3,201608,M,imports,THA,Thailand,85,"Electrical machinery and equipment and parts thereof; sound recorders and reproducers; television image and sound recorders and reproducers, parts and accessories of such articles",47046740.0,0.0,47046740.0,False
2016-08-01,2016,8,3,201608,M,imports,USA,United States,85,"Electrical machinery and equipment and parts thereof; sound recorders and reproducers; television image and sound recorders and reproducers, parts and accessories of such articles",30313894.0,0.0,30313894.0,False
2016-08-01,2016,8,3,201608,M,imports,VNM,Vietnam,85,"Electrical machinery and equipment and parts thereof; sound recorders and reproducers; television image and sound recorders and reproducers, parts and accessories of such articles",128012589.0,0.0,128012589.0,False
2016-08-01,2016,8,3,201608,M,imports,W00,World,85,"Electrical machinery and equipment and parts thereof; sound recorders and reproducers; television image and sound recorders and reproducers, parts and accessories of such articles",1359680881.0,0.0,1359680881.0,False
2016-09-01,2016,9,3,201609,X,exports,CHN,China,85,"Electrical machinery and equipment and parts thereof; sound recorders and reproducers; television image and sound recorders and reproducers, parts and accessories of such articles",27555989.524,27555989.524,0.0,False
2016-09-01,2016,9,3,201609,X,exports,DEU,Germany,85,"Electrical machinery and equipment and parts thereof; sound recorders and reproducers; television image and sound recorders and reproducers, parts and accessories of such articles",16126271.634,16126271.634,0.0,False
2016-09-01,2016,9,3,201609,X,exports,JPN,Japan,85,"Electrical machinery and equipment and parts thereof; sound recorders and reproducers; television image and sound recorders and reproducers, parts and accessories of such articles",94759266.287,94759266.287,0.0,False
2016-09-01,2016,9,3,201609,X,exports,KOR,South Korea,85,"Electrical machinery and equipment and parts thereof; sound recorders and reproducers; television image and sound recorders and reproducers, parts and accessories of such articles",22343934.678,22343934.678,0.0,False
2016-09-01,2016,9,3,201609,X,exports,MYS,Malaysia,85,"Electrical machinery and equipment and parts thereof; sound recorders and reproducers; television image and sound recorders and reproducers, parts and accessories of such articles",35492025.368,35492025.368,0.0,False
2016-09-01,2016,9,3,201609,X,exports,PHL,Philippines,85,"Electrical machinery and equipment and parts thereof; sound recorders and reproducers; television image and sound recorders and reproducers, parts and accessories of such articles",9212325.421,9212325.421,0.0,False
2016-09-01,2016,9,3,201609,X,exports,SGP,Singapore,85,"Electrical machinery and equipment and parts thereof; sound recorders and reproducers; television image and sound recorders and reproducers, parts and accessories of such articles",124102322.596,124102322.596,0.0,False
2016-09-01,2016,9,3,201609,X,exports,THA,Thailand,85,"Electrical machinery and equipment and parts thereof; sound recorders and reproducers; television image and sound recorders and reproducers, parts and accessories of such articles",30387519.313,30387519.313,0.0,False
2016-09-01,2016,9,3,201609,X,exports,USA,United States,85,"Electrical machinery and equipment and parts thereof; sound recorders and reproducers; television image and sound recorders and reproducers, parts and accessories of such articles",133334239.954,133334239.954,0.0,False
2016-09-01,2016,9,3,201609,X,exports,VNM,Vietnam,85,"Electrical machinery and equipment and parts thereof; sound recorders and reproducers; television image and sound recorders and reproducers, parts and accessories of such articles",12320361.546,12320361.546,0.0,False
2016-09-01,2016,9,3,201609,X,exports,W00,World,85,"Electrical machinery and equipment and parts thereof; sound recorders and reproducers; television image and sound recorders and reproducers, parts and accessories of such articles",761751586.551,761751586.551,0.0,False
2016-09-01,2016,9,3,201609,M,imports,CHN,China,85,"Electrical machinery and equipment and parts thereof; sound recorders and reproducers; television image and sound recorders and reproducers, parts and accessories of such articles",526940300.0,0.0,526940300.0,False
2016-09-01,2016,9,3,201609,M,imports,DEU,Germany,85,"Electrical machinery and equipment and parts thereof; sound recorders and reproducers; television image and sound recorders and reproducers, parts and accessories of such articles",30658338.0,0.0,30658338.0,False
2016-09-01,2016,9,3,201609,M,imports,JPN,Japan,85,"Electrical machinery and equipment and parts thereof; sound recorders and reproducers; television image and sound recorders and reproducers, parts and accessories of such articles",129611074.0,0.0,129611074.0,False
2016-09-01,2016,9,3,201609,M,imports,KOR,South Korea,85,"Electrical machinery and equipment and parts thereof; sound recorders and reproducers; television image and sound recorders and reproducers, parts and accessories of such articles",55263961.0,0.0,55263961.0,False
2016-09-01,2016,9,3,201609,M,imports,MYS,Malaysia,85,"Electrical machinery and equipment and parts thereof; sound recorders and reproducers; television image and sound recorders and reproducers, parts and accessories of such articles",42594432.0,0.0,42594432.0,False
2016-09-01,2016,9,3,201609,M,imports,PHL,Philippines,85,"Electrical machinery and equipment and parts thereof; sound recorders and reproducers; television image and sound recorders and reproducers, parts and accessories of such articles",12623077.0,0.0,12623077.0,False
2016-09-01,2016,9,3,201609,M,imports,SGP,Singapore,85,"Electrical machinery and equipment and parts thereof; sound recorders and reproducers; television image and sound recorders and reproducers, parts and accessories of such articles",132893967.0,0.0,132893967.0,False
2016-09-01,2016,9,3,201609,M,imports,THA,Thailand,85,"Electrical machinery and equipment and parts thereof; sound recorders and reproducers; television image and sound recorders and reproducers, parts and accessories of such articles",48751076.0,0.0,48751076.0,False
2016-09-01,2016,9,3,201609,M,imports,USA,United States,85,"Electrical machinery and equipment and parts thereof; sound recorders and reproducers; television image and sound recorders and reproducers, parts and accessories of such articles",32453558.0,0.0,32453558.0,False
2016-09-01,2016,9,3,201609,M,imports,VNM,Vietnam,85,"Electrical machinery and equipment and parts thereof; sound recorders and reproducers; television image and sound recorders and reproducers, parts and accessories of such articles",118021754.0,0.0,118021754.0,False
2016-09-01,2016,9,3,201609,M,imports,W00,World,85,"Electrical machinery and equipment and parts thereof; sound recorders and reproducers; television image and sound recorders and reproducers, parts and accessories of such articles",1295433489.0,0.0,1295433489.0,False
2016-10-01,2016,10,4,201610,X,exports,CHN,China,85,"Electrical machinery and equipment and parts thereof; sound recorders and reproducers; television image and sound recorders and reproducers, parts and accessories of such articles",27538146.2,27538146.2,0.0,False
2016-10-01,2016,10,4,201610,X,exports,DEU,Germany,85,"Electrical machinery and equipment and parts thereof; sound recorders and reproducers; television image and sound recorders and reproducers, parts and accessories of such articles",15150671.641,15150671.641,0.0,False
2016-10-01,2016,10,4,201610,X,exports,JPN,Japan,85,"Electrical machinery and equipment and parts thereof; sound recorders and reproducers; television image and sound recorders and reproducers, parts and accessories of such articles",97902198.422,97902198.422,0.0,False
2016-10-01,2016,10,4,201610,X,exports,KOR,South Korea,85,"Electrical machinery and equipment and parts thereof; sound recorders and reproducers; television image and sound recorders and reproducers, parts and accessories of such articles",22235038.785,22235038.785,0.0,False
2016-10-01,2016,10,4,201610,X,exports,MYS,Malaysia,85,"Electrical machinery and equipment and parts thereof; sound recorders and reproducers; television image and sound recorders and reproducers, parts and accessories of such articles",31397644.49,31397644.49,0.0,False
2016-10-01,2016,10,4,201610,X,exports,PHL,Philippines,85,"Electrical machinery and equipment and parts thereof; sound recorders and reproducers; television image and sound recorders and reproducers, parts and accessories of such articles",11889783.1,11889783.1,0.0,False
2016-10-01,2016,10,4,201610,X,exports,SGP,Singapore,85,"Electrical machinery and equipment and parts thereof; sound recorders and reproducers; television image and sound recorders and reproducers, parts and accessories of such articles",172650604.542,172650604.542,0.0,False
2016-10-01,2016,10,4,201610,X,exports,THA,Thailand,85,"Electrical machinery and equipment and parts thereof; sound recorders and reproducers; television image and sound recorders and reproducers, parts and accessories of such articles",27822380.646,27822380.646,0.0,False
2016-10-01,2016,10,4,201610,X,exports,USA,United States,85,"Electrical machinery and equipment and parts thereof; sound recorders and reproducers; television image and sound recorders and reproducers, parts and accessories of such articles",118641261.895,118641261.895,0.0,False
2016-10-01,2016,10,4,201610,X,exports,VNM,Vietnam,85,"Electrical machinery and equipment and parts thereof; sound recorders and reproducers; television image and sound recorders and reproducers, parts and accessories of such articles",11223808.406,11223808.406,0.0,False
2016-10-01,2016,10,4,201610,X,exports,W00,World,85,"Electrical machinery and equipment and parts thereof; sound recorders and reproducers; television image and sound recorders and reproducers, parts and accessories of such articles",758034749.591,758034749.591,0.0,False
2016-10-01,2016,10,4,201610,M,imports,CHN,China,85,"Electrical machinery and equipment and parts thereof; sound recorders and reproducers; television image and sound recorders and reproducers, parts and accessories of such articles",535631632.0,0.0,535631632.0,False
2016-10-01,2016,10,4,201610,M,imports,DEU,Germany,85,"Electrical machinery and equipment and parts thereof; sound recorders and reproducers; television image and sound recorders and reproducers, parts and accessories of such articles",25347172.0,0.0,25347172.0,False
2016-10-01,2016,10,4,201610,M,imports,JPN,Japan,85,"Electrical machinery and equipment and parts thereof; sound recorders and reproducers; television image and sound recorders and reproducers, parts and accessories of such articles",139606133.0,0.0,139606133.0,False
2016-10-01,2016,10,4,201610,M,imports,KOR,South Korea,85,"Electrical machinery and equipment and parts thereof; sound recorders and reproducers; television image and sound recorders and reproducers, parts and accessories of such articles",64435880.0,0.0,64435880.0,False
2016-10-01,2016,10,4,201610,M,imports,MYS,Malaysia,85,"Electrical machinery and equipment and parts thereof; sound recorders and reproducers; television image and sound recorders and reproducers, parts and accessories of such articles",93015009.0,0.0,93015009.0,False
2016-10-01,2016,10,4,201610,M,imports,PHL,Philippines,85,"Electrical machinery and equipment and parts thereof; sound recorders and reproducers; television image and sound recorders and reproducers, parts and accessories of such articles",13007004.0,0.0,13007004.0,False
2016-10-01,2016,10,4,201610,M,imports,SGP,Singapore,85,"Electrical machinery and equipment and parts thereof; sound recorders and reproducers; television image and sound recorders and reproducers, parts and accessories of such articles",118257562.0,0.0,118257562.0,False
2016-10-01,2016,10,4,201610,M,imports,THA,Thailand,85,"Electrical machinery and equipment and parts thereof; sound recorders and reproducers; television image and sound recorders and reproducers, parts and accessories of such articles",45603708.0,0.0,45603708.0,False
2016-10-01,2016,10,4,201610,M,imports,USA,United States,85,"Electrical machinery and equipment and parts thereof; sound recorders and reproducers; television image and sound recorders and reproducers, parts and accessories of such articles",31273665.0,0.0,31273665.0,False
2016-10-01,2016,10,4,201610,M,imports,VNM,Vietnam,85,"Electrical machinery and equipment and parts thereof; sound recorders and reproducers; television image and sound recorders and reproducers, parts and accessories of such articles",121153963.0,0.0,121153963.0,False
2016-10-01,2016,10,4,201610,M,imports,W00,World,85,"Electrical machinery and equipment and parts thereof; sound recorders and reproducers; television image and sound recorders and reproducers, parts and accessories of such articles",1380641752.0,0.0,1380641752.0,False
2016-11-01,2016,11,4,201611,X,exports,CHN,China,85,"Electrical machinery and equipment and parts thereof; sound recorders and reproducers; television image and sound recorders and reproducers, parts and accessories of such articles",25866758.471,25866758.471,0.0,False
2016-11-01,2016,11,4,201611,X,exports,DEU,Germany,85,"Electrical machinery and equipment and parts thereof; sound recorders and reproducers; television image and sound recorders and reproducers, parts and accessories of such articles",12629062.974,12629062.974,0.0,False
2016-11-01,2016,11,4,201611,X,exports,JPN,Japan,85,"Electrical machinery and equipment and parts thereof; sound recorders and reproducers; television image and sound recorders and reproducers, parts and accessories of such articles",134443821.01,134443821.01,0.0,False
2016-11-01,2016,11,4,201611,X,exports,KOR,South Korea,85,"Electrical machinery and equipment and parts thereof; sound recorders and reproducers; television image and sound recorders and reproducers, parts and accessories of such articles",23342844.872,23342844.872,0.0,False
2016-11-01,2016,11,4,201611,X,exports,MYS,Malaysia,85,"Electrical machinery and equipment and parts thereof; sound recorders and reproducers; television image and sound recorders and reproducers, parts and accessories of such articles",32468219.585,32468219.585,0.0,False
2016-11-01,2016,11,4,201611,X,exports,PHL,Philippines,85,"Electrical machinery and equipment and parts thereof; sound recorders and reproducers; television image and sound recorders and reproducers, parts and accessories of such articles",17447022.044,17447022.044,0.0,False
2016-11-01,2016,11,4,201611,X,exports,SGP,Singapore,85,"Electrical machinery and equipment and parts thereof; sound recorders and reproducers; television image and sound recorders and reproducers, parts and accessories of such articles",122932788.552,122932788.552,0.0,False
2016-11-01,2016,11,4,201611,X,exports,THA,Thailand,85,"Electrical machinery and equipment and parts thereof; sound recorders and reproducers; television image and sound recorders and reproducers, parts and accessories of such articles",23539410.013,23539410.013,0.0,False
2016-11-01,2016,11,4,201611,X,exports,USA,United States,85,"Electrical machinery and equipment and parts thereof; sound recorders and reproducers; television image and sound recorders and reproducers, parts and accessories of such articles",99104668.472,99104668.472,0.0,False
2016-11-01,2016,11,4,201611,X,exports,VNM,Vietnam,85,"Electrical machinery and equipment and parts thereof; sound recorders and reproducers; television image and sound recorders and reproducers, parts and accessories of such articles",12037897.01,12037897.01,0.0,False
2016-11-01,2016,11,4,201611,X,exports,W00,World,85,"Electrical machinery and equipment and parts thereof; sound recorders and reproducers; television image and sound recorders and reproducers, parts and accessories of such articles",716755073.994,716755073.994,0.0,False
2016-11-01,2016,11,4,201611,M,imports,CHN,China,85,"Electrical machinery and equipment and parts thereof; sound recorders and reproducers; television image and sound recorders and reproducers, parts and accessories of such articles",725868556.0,0.0,725868556.0,False
2016-11-01,2016,11,4,201611,M,imports,DEU,Germany,85,"Electrical machinery and equipment and parts thereof; sound recorders and reproducers; television image and sound recorders and reproducers, parts and accessories of such articles",32130943.0,0.0,32130943.0,False
2016-11-01,2016,11,4,201611,M,imports,JPN,Japan,85,"Electrical machinery and equipment and parts thereof; sound recorders and reproducers; television image and sound recorders and reproducers, parts and accessories of such articles",137013868.0,0.0,137013868.0,False
2016-11-01,2016,11,4,201611,M,imports,KOR,South Korea,85,"Electrical machinery and equipment and parts thereof; sound recorders and reproducers; television image and sound recorders and reproducers, parts and accessories of such articles",59110273.0,0.0,59110273.0,False
2016-11-01,2016,11,4,201611,M,imports,MYS,Malaysia,85,"Electrical machinery and equipment and parts thereof; sound recorders and reproducers; television image and sound recorders and reproducers, parts and accessories of such articles",48085948.0,0.0,48085948.0,False
2016-11-01,2016,11,4,201611,M,imports,PHL,Philippines,85,"Electrical machinery and equipment and parts thereof; sound recorders and reproducers; television image and sound recorders and reproducers, parts and accessories of such articles",12340991.0,0.0,12340991.0,False
2016-11-01,2016,11,4,201611,M,imports,SGP,Singapore,85,"Electrical machinery and equipment and parts thereof; sound recorders and reproducers; television image and sound recorders and reproducers, parts and accessories of such articles",116488496.0,0.0,116488496.0,False
2016-11-01,2016,11,4,201611,M,imports,THA,Thailand,85,"Electrical machinery and equipment and parts thereof; sound recorders and reproducers; television image and sound recorders and reproducers, parts and accessories of such articles",42558690.0,0.0,42558690.0,False
2016-11-01,2016,11,4,201611,M,imports,USA,United States,85,"Electrical machinery and equipment and parts thereof; sound recorders and reproducers; television image and sound recorders and reproducers, parts and accessories of such articles",29676425.0,0.0,29676425.0,False
2016-11-01,2016,11,4,201611,M,imports,VNM,Vietnam,85,"Electrical machinery and equipment and parts thereof; sound recorders and reproducers; television image and sound recorders and reproducers, parts and accessories of such articles",165350894.0,0.0,165350894.0,False
2016-11-01,2016,11,4,201611,M,imports,W00,World,85,"Electrical machinery and equipment and parts thereof; sound recorders and reproducers; television image and sound recorders and reproducers, parts and accessories of such articles",1585130754.0,0.0,1585130754.0,False
2016-12-01,2016,12,4,201612,X,exports,CHN,China,85,"Electrical machinery and equipment and parts thereof; sound recorders and reproducers; television image and sound recorders and reproducers, parts and accessories of such articles",27028371.35,27028371.35,0.0,False
2016-12-01,2016,12,4,201612,X,exports,DEU,Germany,85,"Electrical machinery and equipment and parts thereof; sound recorders and reproducers; television image and sound recorders and reproducers, parts and accessories of such articles",12349049.746,12349049.746,0.0,False
2016-12-01,2016,12,4,201612,X,exports,JPN,Japan,85,"Electrical machinery and equipment and parts thereof; sound recorders and reproducers; television image and sound recorders and reproducers, parts and accessories of such articles",99011928.161,99011928.161,0.0,False
2016-12-01,2016,12,4,201612,X,exports,KOR,South Korea,85,"Electrical machinery and equipment and parts thereof; sound recorders and reproducers; television image and sound recorders and reproducers, parts and accessories of such articles",18618249.915,18618249.915,0.0,False
2016-12-01,2016,12,4,201612,X,exports,MYS,Malaysia,85,"Electrical machinery and equipment and parts thereof; sound recorders and reproducers; television image and sound recorders and reproducers, parts and accessories of such articles",34044578.562,34044578.562,0.0,False
2016-12-01,2016,12,4,201612,X,exports,PHL,Philippines,85,"Electrical machinery and equipment and parts thereof; sound recorders and reproducers; television image and sound recorders and reproducers, parts and accessories of such articles",12974169.331,12974169.331,0.0,False
2016-12-01,2016,12,4,201612,X,exports,SGP,Singapore,85,"Electrical machinery and equipment and parts thereof; sound recorders and reproducers; television image and sound recorders and reproducers, parts and accessories of such articles",119497676.43,119497676.43,0.0,False
2016-12-01,2016,12,4,201612,X,exports,THA,Thailand,85,"Electrical machinery and equipment and parts thereof; sound recorders and reproducers; television image and sound recorders and reproducers, parts and accessories of such articles",28653725.577,28653725.577,0.0,False
2016-12-01,2016,12,4,201612,X,exports,USA,United States,85,"Electrical machinery and equipment and parts thereof; sound recorders and reproducers; television image and sound recorders and reproducers, parts and accessories of such articles",94423220.104,94423220.104,0.0,False
2016-12-01,2016,12,4,201612,X,exports,VNM,Vietnam,85,"Electrical machinery and equipment and parts thereof; sound recorders and reproducers; television image and sound recorders and reproducers, parts and accessories of such articles",13816433.007,13816433.007,0.0,False
2016-12-01,2016,12,4,201612,X,exports,W00,World,85,"Electrical machinery and equipment and parts thereof; sound recorders and reproducers; television image and sound recorders and reproducers, parts and accessories of such articles",655490766.529,655490766.529,0.0,False
2016-12-01,2016,12,4,201612,M,imports,CHN,China,85,"Electrical machinery and equipment and parts thereof; sound recorders and reproducers; television image and sound recorders and reproducers, parts and accessories of such articles",644538177.0,0.0,644538177.0,False
2016-12-01,2016,12,4,201612,M,imports,DEU,Germany,85,"Electrical machinery and equipment and parts thereof; sound recorders and reproducers; television image and sound recorders and reproducers, parts and accessories of such articles",31165376.0,0.0,31165376.0,False
2016-12-01,2016,12,4,201612,M,imports,JPN,Japan,85,"Electrical machinery and equipment and parts thereof; sound recorders and reproducers; television image and sound recorders and reproducers, parts and accessories of such articles",134575340.0,0.0,134575340.0,False
2016-12-01,2016,12,4,201612,M,imports,KOR,South Korea,85,"Electrical machinery and equipment and parts thereof; sound recorders and reproducers; television image and sound recorders and reproducers, parts and accessories of such articles",62061454.0,0.0,62061454.0,False
2016-12-01,2016,12,4,201612,M,imports,MYS,Malaysia,85,"Electrical machinery and equipment and parts thereof; sound recorders and reproducers; television image and sound recorders and reproducers, parts and accessories of such articles",40715418.0,0.0,40715418.0,False
2016-12-01,2016,12,4,201612,M,imports,PHL,Philippines,85,"Electrical machinery and equipment and parts thereof; sound recorders and reproducers; television image and sound recorders and reproducers, parts and accessories of such articles",12894779.0,0.0,12894779.0,False
2016-12-01,2016,12,4,201612,M,imports,SGP,Singapore,85,"Electrical machinery and equipment and parts thereof; sound recorders and reproducers; television image and sound recorders and reproducers, parts and accessories of such articles",202058959.0,0.0,202058959.0,False
2016-12-01,2016,12,4,201612,M,imports,THA,Thailand,85,"Electrical machinery and equipment and parts thereof; sound recorders and reproducers; television image and sound recorders and reproducers, parts and accessories of such articles",41101104.0,0.0,41101104.0,False
2016-12-01,2016,12,4,201612,M,imports,USA,United States,85,"Electrical machinery and equipment and parts thereof; sound recorders and reproducers; television image and sound recorders and reproducers, parts and accessories of such articles",22792106.0,0.0,22792106.0,False
2016-12-01,2016,12,4,201612,M,imports,VNM,Vietnam,85,"Electrical machinery and equipment and parts thereof; sound recorders and reproducers; television image and sound recorders and reproducers, parts and accessories of such articles",141538055.0,0.0,141538055.0,False
2016-12-01,2016,12,4,201612,M,imports,W00,World,85,"Electrical machinery and equipment and parts thereof; sound recorders and reproducers; television image and sound recorders and reproducers, parts and accessories of such articles",1487499055.0,0.0,1487499055.0,False
2017-01-01,2017,1,1,201701,X,exports,CHN,China,85,"Electrical machinery and equipment and parts thereof; sound recorders and reproducers; television image and sound recorders and reproducers, parts and accessories of such articles",24009306.63,24009306.63,0.0,False
2017-01-01,2017,1,1,201701,X,exports,DEU,Germany,85,"Electrical machinery and equipment and parts thereof; sound recorders and reproducers; television image and sound recorders and reproducers, parts and accessories of such articles",12252410.76,12252410.76,0.0,False
2017-01-01,2017,1,1,201701,X,exports,JPN,Japan,85,"Electrical machinery and equipment and parts thereof; sound recorders and reproducers; television image and sound recorders and reproducers, parts and accessories of such articles",104084704.6,104084704.6,0.0,False
2017-01-01,2017,1,1,201701,X,exports,KOR,South Korea,85,"Electrical machinery and equipment and parts thereof; sound recorders and reproducers; television image and sound recorders and reproducers, parts and accessories of such articles",16898985.58,16898985.58,0.0,False
2017-01-01,2017,1,1,201701,X,exports,MYS,Malaysia,85,"Electrical machinery and equipment and parts thereof; sound recorders and reproducers; television image and sound recorders and reproducers, parts and accessories of such articles",31744133.25,31744133.25,0.0,False
2017-01-01,2017,1,1,201701,X,exports,PHL,Philippines,85,"Electrical machinery and equipment and parts thereof; sound recorders and reproducers; television image and sound recorders and reproducers, parts and accessories of such articles",11840234.0,11840234.0,0.0,False
2017-01-01,2017,1,1,201701,X,exports,SGP,Singapore,85,"Electrical machinery and equipment and parts thereof; sound recorders and reproducers; television image and sound recorders and reproducers, parts and accessories of such articles",115452251.65,115452251.65,0.0,False
2017-01-01,2017,1,1,201701,X,exports,THA,Thailand,85,"Electrical machinery and equipment and parts thereof; sound recorders and reproducers; television image and sound recorders and reproducers, parts and accessories of such articles",29950102.89,29950102.89,0.0,False
2017-01-01,2017,1,1,201701,X,exports,USA,United States,85,"Electrical machinery and equipment and parts thereof; sound recorders and reproducers; television image and sound recorders and reproducers, parts and accessories of such articles",103662235.43,103662235.43,0.0,False
2017-01-01,2017,1,1,201701,X,exports,VNM,Vietnam,85,"Electrical machinery and equipment and parts thereof; sound recorders and reproducers; television image and sound recorders and reproducers, parts and accessories of such articles",8993227.24,8993227.24,0.0,False
2017-01-01,2017,1,1,201701,X,exports,W00,World,85,"Electrical machinery and equipment and parts thereof; sound recorders and reproducers; television image and sound recorders and reproducers, parts and accessories of such articles",640701047.15,640701047.15,0.0,False
2017-01-01,2017,1,1,201701,M,imports,CHN,China,85,"Electrical machinery and equipment and parts thereof; sound recorders and reproducers; television image and sound recorders and reproducers, parts and accessories of such articles",637716016.0,0.0,637716016.0,False
2017-01-01,2017,1,1,201701,M,imports,DEU,Germany,85,"Electrical machinery and equipment and parts thereof; sound recorders and reproducers; television image and sound recorders and reproducers, parts and accessories of such articles",22029594.0,0.0,22029594.0,False
2017-01-01,2017,1,1,201701,M,imports,JPN,Japan,85,"Electrical machinery and equipment and parts thereof; sound recorders and reproducers; television image and sound recorders and reproducers, parts and accessories of such articles",121831850.0,0.0,121831850.0,False
2017-01-01,2017,1,1,201701,M,imports,KOR,South Korea,85,"Electrical machinery and equipment and parts thereof; sound recorders and reproducers; television image and sound recorders and reproducers, parts and accessories of such articles",56814030.0,0.0,56814030.0,False
2017-01-01,2017,1,1,201701,M,imports,MYS,Malaysia,85,"Electrical machinery and equipment and parts thereof; sound recorders and reproducers; television image and sound recorders and reproducers, parts and accessories of such articles",40845398.0,0.0,40845398.0,False
2017-01-01,2017,1,1,201701,M,imports,PHL,Philippines,85,"Electrical machinery and equipment and parts thereof; sound recorders and reproducers; television image and sound recorders and reproducers, parts and accessories of such articles",13594513.0,0.0,13594513.0,False
2017-01-01,2017,1,1,201701,M,imports,SGP,Singapore,85,"Electrical machinery and equipment and parts thereof; sound recorders and reproducers; television image and sound recorders and reproducers, parts and accessories of such articles",101678892.0,0.0,101678892.0,False
2017-01-01,2017,1,1,201701,M,imports,THA,Thailand,85,"Electrical machinery and equipment and parts thereof; sound recorders and reproducers; television image and sound recorders and reproducers, parts and accessories of such articles",47699412.0,0.0,47699412.0,False
2017-01-01,2017,1,1,201701,M,imports,USA,United States,85,"Electrical machinery and equipment and parts thereof; sound recorders and reproducers; television image and sound recorders and reproducers, parts and accessories of such articles",24949151.0,0.0,24949151.0,False
2017-01-01,2017,1,1,201701,M,imports,VNM,Vietnam,85,"Electrical machinery and equipment and parts thereof; sound recorders and reproducers; television image and sound recorders and reproducers, parts and accessories of such articles",137869145.0,0.0,137869145.0,False
2017-01-01,2017,1,1,201701,M,imports,W00,World,85,"Electrical machinery and equipment and parts thereof; sound recorders and reproducers; television image and sound recorders and reproducers, parts and accessories of such articles",1356946649.0,0.0,1356946649.0,False
2017-02-01,2017,2,1,201702,X,exports,CHN,China,85,"Electrical machinery and equipment and parts thereof; sound recorders and reproducers; television image and sound recorders and reproducers, parts and accessories of such articles",23298178.33,23298178.33,0.0,False
2017-02-01,2017,2,1,201702,X,exports,DEU,Germany,85,"Electrical machinery and equipment and parts thereof; sound recorders and reproducers; television image and sound recorders and reproducers, parts and accessories of such articles",13256097.13,13256097.13,0.0,False
2017-02-01,2017,2,1,201702,X,exports,JPN,Japan,85,"Electrical machinery and equipment and parts thereof; sound recorders and reproducers; television image and sound recorders and reproducers, parts and accessories of such articles",98026733.26,98026733.26,0.0,False
2017-02-01,2017,2,1,201702,X,exports,KOR,South Korea,85,"Electrical machinery and equipment and parts thereof; sound recorders and reproducers; television image and sound recorders and reproducers, parts and accessories of such articles",15984403.92,15984403.92,0.0,False
2017-02-01,2017,2,1,201702,X,exports,MYS,Malaysia,85,"Electrical machinery and equipment and parts thereof; sound recorders and reproducers; television image and sound recorders and reproducers, parts and accessories of such articles",29139957.27,29139957.27,0.0,False
2017-02-01,2017,2,1,201702,X,exports,PHL,Philippines,85,"Electrical machinery and equipment and parts thereof; sound recorders and reproducers; television image and sound recorders and reproducers, parts and accessories of such articles",14685504.55,14685504.55,0.0,False
2017-02-01,2017,2,1,201702,X,exports,SGP,Singapore,85,"Electrical machinery and equipment and parts thereof; sound recorders and reproducers; television image and sound recorders and reproducers, parts and accessories of such articles",132747357.59,132747357.59,0.0,False
2017-02-01,2017,2,1,201702,X,exports,THA,Thailand,85,"Electrical machinery and equipment and parts thereof; sound recorders and reproducers; television image and sound recorders and reproducers, parts and accessories of such articles",26531653.75,26531653.75,0.0,False
2017-02-01,2017,2,1,201702,X,exports,USA,United States,85,"Electrical machinery and equipment and parts thereof; sound recorders and reproducers; television image and sound recorders and reproducers, parts and accessories of such articles",100047402.07,100047402.07,0.0,False
2017-02-01,2017,2,1,201702,X,exports,VNM,Vietnam,85,"Electrical machinery and equipment and parts thereof; sound recorders and reproducers; television image and sound recorders and reproducers, parts and accessories of such articles",9542142.27,9542142.27,0.0,False
2017-02-01,2017,2,1,201702,X,exports,W00,World,85,"Electrical machinery and equipment and parts thereof; sound recorders and reproducers; television image and sound recorders and reproducers, parts and accessories of such articles",646859776.08,646859776.08,0.0,False
2017-02-01,2017,2,1,201702,M,imports,CHN,China,85,"Electrical machinery and equipment and parts thereof; sound recorders and reproducers; television image and sound recorders and reproducers, parts and accessories of such articles",413763257.0,0.0,413763257.0,False
2017-02-01,2017,2,1,201702,M,imports,DEU,Germany,85,"Electrical machinery and equipment and parts thereof; sound recorders and reproducers; television image and sound recorders and reproducers, parts and accessories of such articles",19856262.0,0.0,19856262.0,False
2017-02-01,2017,2,1,201702,M,imports,JPN,Japan,85,"Electrical machinery and equipment and parts thereof; sound recorders and reproducers; television image and sound recorders and reproducers, parts and accessories of such articles",130294330.0,0.0,130294330.0,False
2017-02-01,2017,2,1,201702,M,imports,KOR,South Korea,85,"Electrical machinery and equipment and parts thereof; sound recorders and reproducers; television image and sound recorders and reproducers, parts and accessories of such articles",53090334.0,0.0,53090334.0,False
2017-02-01,2017,2,1,201702,M,imports,MYS,Malaysia,85,"Electrical machinery and equipment and parts thereof; sound recorders and reproducers; television image and sound recorders and reproducers, parts and accessories of such articles",38527326.0,0.0,38527326.0,False
2017-02-01,2017,2,1,201702,M,imports,PHL,Philippines,85,"Electrical machinery and equipment and parts thereof; sound recorders and reproducers; television image and sound recorders and reproducers, parts and accessories of such articles",12167350.0,0.0,12167350.0,False
2017-02-01,2017,2,1,201702,M,imports,SGP,Singapore,85,"Electrical machinery and equipment and parts thereof; sound recorders and reproducers; television image and sound recorders and reproducers, parts and accessories of such articles",106169529.0,0.0,106169529.0,False
2017-02-01,2017,2,1,201702,M,imports,THA,Thailand,85,"Electrical machinery and equipment and parts thereof; sound recorders and reproducers; television image and sound recorders and reproducers, parts and accessories of such articles",43087988.0,0.0,43087988.0,False
2017-02-01,2017,2,1,201702,M,imports,USA,United States,85,"Electrical machinery and equipment and parts thereof; sound recorders and reproducers; television image and sound recorders and reproducers, parts and accessories of such articles",19315194.0,0.0,19315194.0,False
2017-02-01,2017,2,1,201702,M,imports,VNM,Vietnam,85,"Electrical machinery and equipment and parts thereof; sound recorders and reproducers; television image and sound recorders and reproducers, parts and accessories of such articles",108374677.0,0.0,108374677.0,False
2017-02-01,2017,2,1,201702,M,imports,W00,World,85,"Electrical machinery and equipment and parts thereof; sound recorders and reproducers; television image and sound recorders and reproducers, parts and accessories of such articles",1084057537.0,0.0,1084057537.0,False
2017-03-01,2017,3,1,201703,X,exports,CHN,China,85,"Electrical machinery and equipment and parts thereof; sound recorders and reproducers; television image and sound recorders and reproducers, parts and accessories of such articles",70484627.82,70484627.82,0.0,False
2017-03-01,2017,3,1,201703,X,exports,DEU,Germany,85,"Electrical machinery and equipment and parts thereof; sound recorders and reproducers; television image and sound recorders and reproducers, parts and accessories of such articles",14360025.94,14360025.94,0.0,False
2017-03-01,2017,3,1,201703,X,exports,JPN,Japan,85,"Electrical machinery and equipment and parts thereof; sound recorders and reproducers; television image and sound recorders and reproducers, parts and accessories of such articles",119866577.11,119866577.11,0.0,False
2017-03-01,2017,3,1,201703,X,exports,KOR,South Korea,85,"Electrical machinery and equipment and parts thereof; sound recorders and reproducers; television image and sound recorders and reproducers, parts and accessories of such articles",18106242.39,18106242.39,0.0,False
2017-03-01,2017,3,1,201703,X,exports,MYS,Malaysia,85,"Electrical machinery and equipment and parts thereof; sound recorders and reproducers; television image and sound recorders and reproducers, parts and accessories of such articles",44222274.07,44222274.07,0.0,False
2017-03-01,2017,3,1,201703,X,exports,PHL,Philippines,85,"Electrical machinery and equipment and parts thereof; sound recorders and reproducers; television image and sound recorders and reproducers, parts and accessories of such articles",12486679.13,12486679.13,0.0,False
2017-03-01,2017,3,1,201703,X,exports,SGP,Singapore,85,"Electrical machinery and equipment and parts thereof; sound recorders and reproducers; television image and sound recorders and reproducers, parts and accessories of such articles",150253853.19,150253853.19,0.0,False
2017-03-01,2017,3,1,201703,X,exports,THA,Thailand,85,"Electrical machinery and equipment and parts thereof; sound recorders and reproducers; television image and sound recorders and reproducers, parts and accessories of such articles",43736246.33,43736246.33,0.0,False
2017-03-01,2017,3,1,201703,X,exports,USA,United States,85,"Electrical machinery and equipment and parts thereof; sound recorders and reproducers; television image and sound recorders and reproducers, parts and accessories of such articles",103746860.74,103746860.74,0.0,False
2017-03-01,2017,3,1,201703,X,exports,VNM,Vietnam,85,"Electrical machinery and equipment and parts thereof; sound recorders and reproducers; television image and sound recorders and reproducers, parts and accessories of such articles",11582269.22,11582269.22,0.0,False
2017-03-01,2017,3,1,201703,X,exports,W00,World,85,"Electrical machinery and equipment and parts thereof; sound recorders and reproducers; television image and sound recorders and reproducers, parts and accessories of such articles",802450667.15,802450667.15,0.0,False
2017-03-01,2017,3,1,201703,M,imports,CHN,China,85,"Electrical machinery and equipment and parts thereof; sound recorders and reproducers; television image and sound recorders and reproducers, parts and accessories of such articles",710465871.0,0.0,710465871.0,False
2017-03-01,2017,3,1,201703,M,imports,DEU,Germany,85,"Electrical machinery and equipment and parts thereof; sound recorders and reproducers; television image and sound recorders and reproducers, parts and accessories of such articles",23321844.0,0.0,23321844.0,False
2017-03-01,2017,3,1,201703,M,imports,JPN,Japan,85,"Electrical machinery and equipment and parts thereof; sound recorders and reproducers; television image and sound recorders and reproducers, parts and accessories of such articles",140210980.0,0.0,140210980.0,False
2017-03-01,2017,3,1,201703,M,imports,KOR,South Korea,85,"Electrical machinery and equipment and parts thereof; sound recorders and reproducers; television image and sound recorders and reproducers, parts and accessories of such articles",82810623.0,0.0,82810623.0,False
2017-03-01,2017,3,1,201703,M,imports,MYS,Malaysia,85,"Electrical machinery and equipment and parts thereof; sound recorders and reproducers; television image and sound recorders and reproducers, parts and accessories of such articles",64612685.0,0.0,64612685.0,False
2017-03-01,2017,3,1,201703,M,imports,PHL,Philippines,85,"Electrical machinery and equipment and parts thereof; sound recorders and reproducers; television image and sound recorders and reproducers, parts and accessories of such articles",14673422.0,0.0,14673422.0,False
2017-03-01,2017,3,1,201703,M,imports,SGP,Singapore,85,"Electrical machinery and equipment and parts thereof; sound recorders and reproducers; television image and sound recorders and reproducers, parts and accessories of such articles",121090502.0,0.0,121090502.0,False
2017-03-01,2017,3,1,201703,M,imports,THA,Thailand,85,"Electrical machinery and equipment and parts thereof; sound recorders and reproducers; television image and sound recorders and reproducers, parts and accessories of such articles",45109050.0,0.0,45109050.0,False
2017-03-01,2017,3,1,201703,M,imports,USA,United States,85,"Electrical machinery and equipment and parts thereof; sound recorders and reproducers; television image and sound recorders and reproducers, parts and accessories of such articles",24138747.0,0.0,24138747.0,False
2017-03-01,2017,3,1,201703,M,imports,VNM,Vietnam,85,"Electrical machinery and equipment and parts thereof; sound recorders and reproducers; television image and sound recorders and reproducers, parts and accessories of such articles",103783490.0,0.0,103783490.0,False
2017-03-01,2017,3,1,201703,M,imports,W00,World,85,"Electrical machinery and equipment and parts thereof; sound recorders and reproducers; television image and sound recorders and reproducers, parts and accessories of such articles",1475297139.0,0.0,1475297139.0,False
2017-04-01,2017,4,2,201704,X,exports,CHN,China,85,"Electrical machinery and equipment and parts thereof; sound recorders and reproducers; television image and sound recorders and reproducers, parts and accessories of such articles",26349977.0,26349977.0,,False
2017-04-01,2017,4,2,201704,X,exports,DEU,Germany,85,"Electrical machinery and equipment and parts thereof; sound recorders and reproducers; television image and sound recorders and reproducers, parts and accessories of such articles",14285825.66,14285825.66,,False
2017-04-01,2017,4,2,201704,X,exports,JPN,Japan,85,"Electrical machinery and equipment and parts thereof; sound recorders and reproducers; television image and sound recorders and reproducers, parts and accessories of such articles",97463865.88,97463865.88,,False
2017-04-01,2017,4,2,201704,X,exports,KOR,South Korea,85,"Electrical machinery and equipment and parts thereof; sound recorders and reproducers; television image and sound recorders and reproducers, parts and accessories of such articles",21774277.77,21774277.77,,False
2017-04-01,2017,4,2,201704,X,exports,MYS,Malaysia,85,"Electrical machinery and equipment and parts thereof; sound recorders and reproducers; television image and sound recorders and reproducers, parts and accessories of such articles",26357132.14,26357132.14,,False
2017-04-01,2017,4,2,201704,X,exports,PHL,Philippines,85,"Electrical machinery and equipment and parts thereof; sound recorders and reproducers; television image and sound recorders and reproducers, parts and accessories of such articles",11307023.8,11307023.8,,False
2017-04-01,2017,4,2,201704,X,exports,SGP,Singapore,85,"Electrical machinery and equipment and parts thereof; sound recorders and reproducers; television image and sound recorders and reproducers, parts and accessories of such articles",118910723.4,118910723.4,,False
2017-04-01,2017,4,2,201704,X,exports,THA,Thailand,85,"Electrical machinery and equipment and parts thereof; sound recorders and reproducers; television image and sound recorders and reproducers, parts and accessories of such articles",32624822.44,32624822.44,,False
2017-04-01,2017,4,2,201704,X,exports,USA,United States,85,"Electrical machinery and equipment and parts thereof; sound recorders and reproducers; television image and sound recorders and reproducers, parts and accessories of such articles",80813396.7,80813396.7,,False
2017-04-01,2017,4,2,201704,X,exports,VNM,Vietnam,85,"Electrical machinery and equipment and parts thereof; sound recorders and reproducers; television image and sound recorders and reproducers, parts and accessories of such articles",14490588.87,14490588.87,,False
2017-04-01,2017,4,2,201704,X,exports,W00,World,85,"Electrical machinery and equipment and parts thereof; sound recorders and reproducers; television image and sound recorders and reproducers, parts and accessories of such articles",654456765.68,654456765.68,,False
2017-04-01,2017,4,2,201704,M,imports,CHN,China,85,"Electrical machinery and equipment and parts thereof; sound recorders and reproducers; television image and sound recorders and reproducers, parts and accessories of such articles",632232397.0,,632232397.0,False
2017-04-01,2017,4,2,201704,M,imports,DEU,Germany,85,"Electrical machinery and equipment and parts thereof; sound recorders and reproducers; television image and sound recorders and reproducers, parts and accessories of such articles",26673713.0,,26673713.0,False
2017-04-01,2017,4,2,201704,M,imports,JPN,Japan,85,"Electrical machinery and equipment and parts thereof; sound recorders and reproducers; television image and sound recorders and reproducers, parts and accessories of such articles",126752911.0,,126752911.0,False
2017-04-01,2017,4,2,201704,M,imports,KOR,South Korea,85,"Electrical machinery and equipment and parts thereof; sound recorders and reproducers; television image and sound recorders and reproducers, parts and accessories of such articles",74866688.0,,74866688.0,False
2017-04-01,2017,4,2,201704,M,imports,MYS,Malaysia,85,"Electrical machinery and equipment and parts thereof; sound recorders and reproducers; television image and sound recorders and reproducers, parts and accessories of such articles",88908109.0,,88908109.0,False
2017-04-01,2017,4,2,201704,M,imports,PHL,Philippines,85,"Electrical machinery and equipment and parts thereof; sound recorders and reproducers; television image and sound recorders and reproducers, parts and accessories of such articles",12153133.0,,12153133.0,False
2017-04-01,2017,4,2,201704,M,imports,SGP,Singapore,85,"Electrical machinery and equipment and parts thereof; sound recorders and reproducers; television image and sound recorders and reproducers, parts and accessories of such articles",110013242.0,,110013242.0,False
2017-04-01,2017,4,2,201704,M,imports,THA,Thailand,85,"Electrical machinery and equipment and parts thereof; sound recorders and reproducers; television image and sound recorders and reproducers, parts and accessories of such articles",48257442.0,,48257442.0,False
2017-04-01,2017,4,2,201704,M,imports,USA,United States,85,"Electrical machinery and equipment and parts thereof; sound recorders and reproducers; television image and sound recorders and reproducers, parts and accessories of such articles",25590356.0,,25590356.0,False
2017-04-01,2017,4,2,201704,M,imports,VNM,Vietnam,85,"Electrical machinery and equipment and parts thereof; sound recorders and reproducers; television image and sound recorders and reproducers, parts and accessories of such articles",102961314.0,,102961314.0,False
2017-04-01,2017,4,2,201704,M,imports,W00,World,85,"Electrical machinery and equipment and parts thereof; sound recorders and reproducers; television image and sound recorders and reproducers, parts and accessories of such articles",1441082659.0,,1441082659.0,False
2017-05-01,2017,5,2,201705,X,exports,CHN,China,85,"Electrical machinery and equipment and parts thereof; sound recorders and reproducers; television image and sound recorders and reproducers, parts and accessories of such articles",27809915.56,27809915.56,0.0,False
2017-05-01,2017,5,2,201705,X,exports,DEU,Germany,85,"Electrical machinery and equipment and parts thereof; sound recorders and reproducers; television image and sound recorders and reproducers, parts and accessories of such articles",13517639.21,13517639.21,0.0,False
2017-05-01,2017,5,2,201705,X,exports,JPN,Japan,85,"Electrical machinery and equipment and parts thereof; sound recorders and reproducers; television image and sound recorders and reproducers, parts and accessories of such articles",117590291.4,117590291.4,0.0,False
2017-05-01,2017,5,2,201705,X,exports,KOR,South Korea,85,"Electrical machinery and equipment and parts thereof; sound recorders and reproducers; television image and sound recorders and reproducers, parts and accessories of such articles",28847030.86,28847030.86,0.0,False
2017-05-01,2017,5,2,201705,X,exports,MYS,Malaysia,85,"Electrical machinery and equipment and parts thereof; sound recorders and reproducers; television image and sound recorders and reproducers, parts and accessories of such articles",34311267.54,34311267.54,0.0,False
2017-05-01,2017,5,2,201705,X,exports,PHL,Philippines,85,"Electrical machinery and equipment and parts thereof; sound recorders and reproducers; television image and sound recorders and reproducers, parts and accessories of such articles",14045033.13,14045033.13,0.0,False
2017-05-01,2017,5,2,201705,X,exports,SGP,Singapore,85,"Electrical machinery and equipment and parts thereof; sound recorders and reproducers; television image and sound recorders and reproducers, parts and accessories of such articles",133887931.61,133887931.61,0.0,False
2017-05-01,2017,5,2,201705,X,exports,THA,Thailand,85,"Electrical machinery and equipment and parts thereof; sound recorders and reproducers; television image and sound recorders and reproducers, parts and accessories of such articles",63761087.23,63761087.23,0.0,False
2017-05-01,2017,5,2,201705,X,exports,USA,United States,85,"Electrical machinery and equipment and parts thereof; sound recorders and reproducers; television image and sound recorders and reproducers, parts and accessories of such articles",88867398.37,88867398.37,0.0,False
2017-05-01,2017,5,2,201705,X,exports,VNM,Vietnam,85,"Electrical machinery and equipment and parts thereof; sound recorders and reproducers; television image and sound recorders and reproducers, parts and accessories of such articles",15388724.09,15388724.09,0.0,False
2017-05-01,2017,5,2,201705,X,exports,W00,World,85,"Electrical machinery and equipment and parts thereof; sound recorders and reproducers; television image and sound recorders and reproducers, parts and accessories of such articles",753765399.13,753765399.13,0.0,False
2017-05-01,2017,5,2,201705,M,imports,CHN,China,85,"Electrical machinery and equipment and parts thereof; sound recorders and reproducers; television image and sound recorders and reproducers, parts and accessories of such articles",726759503.0,0.0,726759503.0,False
2017-05-01,2017,5,2,201705,M,imports,DEU,Germany,85,"Electrical machinery and equipment and parts thereof; sound recorders and reproducers; television image and sound recorders and reproducers, parts and accessories of such articles",36588601.0,0.0,36588601.0,False
2017-05-01,2017,5,2,201705,M,imports,JPN,Japan,85,"Electrical machinery and equipment and parts thereof; sound recorders and reproducers; television image and sound recorders and reproducers, parts and accessories of such articles",123101204.0,0.0,123101204.0,False
2017-05-01,2017,5,2,201705,M,imports,KOR,South Korea,85,"Electrical machinery and equipment and parts thereof; sound recorders and reproducers; television image and sound recorders and reproducers, parts and accessories of such articles",70832714.0,0.0,70832714.0,False
2017-05-01,2017,5,2,201705,M,imports,MYS,Malaysia,85,"Electrical machinery and equipment and parts thereof; sound recorders and reproducers; television image and sound recorders and reproducers, parts and accessories of such articles",49391296.0,0.0,49391296.0,False
2017-05-01,2017,5,2,201705,M,imports,PHL,Philippines,85,"Electrical machinery and equipment and parts thereof; sound recorders and reproducers; television image and sound recorders and reproducers, parts and accessories of such articles",15696426.0,0.0,15696426.0,False
2017-05-01,2017,5,2,201705,M,imports,SGP,Singapore,85,"Electrical machinery and equipment and parts thereof; sound recorders and reproducers; television image and sound recorders and reproducers, parts and accessories of such articles",136670311.0,0.0,136670311.0,False
2017-05-01,2017,5,2,201705,M,imports,THA,Thailand,85,"Electrical machinery and equipment and parts thereof; sound recorders and reproducers; television image and sound recorders and reproducers, parts and accessories of such articles",56075504.0,0.0,56075504.0,False
2017-05-01,2017,5,2,201705,M,imports,USA,United States,85,"Electrical machinery and equipment and parts thereof; sound recorders and reproducers; television image and sound recorders and reproducers, parts and accessories of such articles",27278804.0,0.0,27278804.0,False
2017-05-01,2017,5,2,201705,M,imports,VNM,Vietnam,85,"Electrical machinery and equipment and parts thereof; sound recorders and reproducers; television image and sound recorders and reproducers, parts and accessories of such articles",122239029.0,0.0,122239029.0,False
2017-05-01,2017,5,2,201705,M,imports,W00,World,85,"Electrical machinery and equipment and parts thereof; sound recorders and reproducers; television image and sound recorders and reproducers, parts and accessories of such articles",1590733892.0,0.0,1590733892.0,False
2017-06-01,2017,6,2,201706,X,exports,CHN,China,85,"Electrical machinery and equipment and parts thereof; sound recorders and reproducers; television image and sound recorders and reproducers, parts and accessories of such articles",24861023.69,24861023.69,,False
2017-06-01,2017,6,2,201706,X,exports,DEU,Germany,85,"Electrical machinery and equipment and parts thereof; sound recorders and reproducers; television image and sound recorders and reproducers, parts and accessories of such articles",14036368.92,14036368.92,,False
2017-06-01,2017,6,2,201706,X,exports,JPN,Japan,85,"Electrical machinery and equipment and parts thereof; sound recorders and reproducers; television image and sound recorders and reproducers, parts and accessories of such articles",96921584.39,96921584.39,,False
2017-06-01,2017,6,2,201706,X,exports,KOR,South Korea,85,"Electrical machinery and equipment and parts thereof; sound recorders and reproducers; television image and sound recorders and reproducers, parts and accessories of such articles",23964954.18,23964954.18,,False
2017-06-01,2017,6,2,201706,X,exports,MYS,Malaysia,85,"Electrical machinery and equipment and parts thereof; sound recorders and reproducers; television image and sound recorders and reproducers, parts and accessories of such articles",27072615.14,27072615.14,,False
2017-06-01,2017,6,2,201706,X,exports,PHL,Philippines,85,"Electrical machinery and equipment and parts thereof; sound recorders and reproducers; television image and sound recorders and reproducers, parts and accessories of such articles",11872804.27,11872804.27,,False
2017-06-01,2017,6,2,201706,X,exports,SGP,Singapore,85,"Electrical machinery and equipment and parts thereof; sound recorders and reproducers; television image and sound recorders and reproducers, parts and accessories of such articles",106557595.04,106557595.04,,False
2017-06-01,2017,6,2,201706,X,exports,THA,Thailand,85,"Electrical machinery and equipment and parts thereof; sound recorders and reproducers; television image and sound recorders and reproducers, parts and accessories of such articles",31139323.15,31139323.15,,False
2017-06-01,2017,6,2,201706,X,exports,USA,United States,85,"Electrical machinery and equipment and parts thereof; sound recorders and reproducers; television image and sound recorders and reproducers, parts and accessories of such articles",67429564.45,67429564.45,,False
2017-06-01,2017,6,2,201706,X,exports,VNM,Vietnam,85,"Electrical machinery and equipment and parts thereof; sound recorders and reproducers; television image and sound recorders and reproducers, parts and accessories of such articles",9822203.49,9822203.49,,False
2017-06-01,2017,6,2,201706,X,exports,W00,World,85,"Electrical machinery and equipment and parts thereof; sound recorders and reproducers; television image and sound recorders and reproducers, parts and accessories of such articles",609644071.5,609644071.5,,False
2017-06-01,2017,6,2,201706,M,imports,CHN,China,85,"Electrical machinery and equipment and parts thereof; sound recorders and reproducers; television image and sound recorders and reproducers, parts and accessories of such articles",417882771.0,,417882771.0,False
2017-06-01,2017,6,2,201706,M,imports,DEU,Germany,85,"Electrical machinery and equipment and parts thereof; sound recorders and reproducers; television image and sound recorders and reproducers, parts and accessories of such articles",22833522.0,,22833522.0,False
2017-06-01,2017,6,2,201706,M,imports,JPN,Japan,85,"Electrical machinery and equipment and parts thereof; sound recorders and reproducers; television image and sound recorders and reproducers, parts and accessories of such articles",114315303.0,,114315303.0,False
2017-06-01,2017,6,2,201706,M,imports,KOR,South Korea,85,"Electrical machinery and equipment and parts thereof; sound recorders and reproducers; television image and sound recorders and reproducers, parts and accessories of such articles",56591387.0,,56591387.0,False
2017-06-01,2017,6,2,201706,M,imports,MYS,Malaysia,85,"Electrical machinery and equipment and parts thereof; sound recorders and reproducers; television image and sound recorders and reproducers, parts and accessories of such articles",34472738.0,,34472738.0,False
2017-06-01,2017,6,2,201706,M,imports,PHL,Philippines,85,"Electrical machinery and equipment and parts thereof; sound recorders and reproducers; television image and sound recorders and reproducers, parts and accessories of such articles",12605926.0,,12605926.0,False
2017-06-01,2017,6,2,201706,M,imports,SGP,Singapore,85,"Electrical machinery and equipment and parts thereof; sound recorders and reproducers; television image and sound recorders and reproducers, parts and accessories of such articles",110769478.0,,110769478.0,False
2017-06-01,2017,6,2,201706,M,imports,THA,Thailand,85,"Electrical machinery and equipment and parts thereof; sound recorders and reproducers; television image and sound recorders and reproducers, parts and accessories of such articles",35570930.0,,35570930.0,False
2017-06-01,2017,6,2,201706,M,imports,USA,United States,85,"Electrical machinery and equipment and parts thereof; sound recorders and reproducers; television image and sound recorders and reproducers, parts and accessories of such articles",23291192.0,,23291192.0,False
2017-06-01,2017,6,2,201706,M,imports,VNM,Vietnam,85,"Electrical machinery and equipment and parts thereof; sound recorders and reproducers; television image and sound recorders and reproducers, parts and accessories of such articles",67432623.0,,67432623.0,False
2017-06-01,2017,6,2,201706,M,imports,W00,World,85,"Electrical machinery and equipment and parts thereof; sound recorders and reproducers; television image and sound recorders and reproducers, parts and accessories of such articles",1033913095.0,,1033913095.0,False
2017-07-01,2017,7,3,201707,X,exports,CHN,China,85,"Electrical machinery and equipment and parts thereof; sound recorders and reproducers; television image and sound recorders and reproducers, parts and accessories of such articles",27275176.65,27275176.65,0.0,False
2017-07-01,2017,7,3,201707,X,exports,DEU,Germany,85,"Electrical machinery and equipment and parts thereof; sound recorders and reproducers; television image and sound recorders and reproducers, parts and accessories of such articles",14568027.45,14568027.45,0.0,False
2017-07-01,2017,7,3,201707,X,exports,JPN,Japan,85,"Electrical machinery and equipment and parts thereof; sound recorders and reproducers; television image and sound recorders and reproducers, parts and accessories of such articles",106573487.09,106573487.09,0.0,False
2017-07-01,2017,7,3,201707,X,exports,KOR,South Korea,85,"Electrical machinery and equipment and parts thereof; sound recorders and reproducers; television image and sound recorders and reproducers, parts and accessories of such articles",27249777.07,27249777.07,0.0,False
2017-07-01,2017,7,3,201707,X,exports,MYS,Malaysia,85,"Electrical machinery and equipment and parts thereof; sound recorders and reproducers; television image and sound recorders and reproducers, parts and accessories of such articles",31223244.65,31223244.65,0.0,False
2017-07-01,2017,7,3,201707,X,exports,PHL,Philippines,85,"Electrical machinery and equipment and parts thereof; sound recorders and reproducers; television image and sound recorders and reproducers, parts and accessories of such articles",12925420.51,12925420.51,0.0,False
2017-07-01,2017,7,3,201707,X,exports,SGP,Singapore,85,"Electrical machinery and equipment and parts thereof; sound recorders and reproducers; television image and sound recorders and reproducers, parts and accessories of such articles",118867019.99,118867019.99,0.0,False
2017-07-01,2017,7,3,201707,X,exports,THA,Thailand,85,"Electrical machinery and equipment and parts thereof; sound recorders and reproducers; television image and sound recorders and reproducers, parts and accessories of such articles",33384785.51,33384785.51,0.0,False
2017-07-01,2017,7,3,201707,X,exports,USA,United States,85,"Electrical machinery and equipment and parts thereof; sound recorders and reproducers; television image and sound recorders and reproducers, parts and accessories of such articles",70981579.12,70981579.12,0.0,False
2017-07-01,2017,7,3,201707,X,exports,VNM,Vietnam,85,"Electrical machinery and equipment and parts thereof; sound recorders and reproducers; television image and sound recorders and reproducers, parts and accessories of such articles",16433442.48,16433442.48,0.0,False
2017-07-01,2017,7,3,201707,X,exports,W00,World,85,"Electrical machinery and equipment and parts thereof; sound recorders and reproducers; television image and sound recorders and reproducers, parts and accessories of such articles",707582841.67,707582841.67,0.0,False
2017-07-01,2017,7,3,201707,M,imports,CHN,China,85,"Electrical machinery and equipment and parts thereof; sound recorders and reproducers; television image and sound recorders and reproducers, parts and accessories of such articles",607823890.0,0.0,607823890.0,False
2017-07-01,2017,7,3,201707,M,imports,DEU,Germany,85,"Electrical machinery and equipment and parts thereof; sound recorders and reproducers; television image and sound recorders and reproducers, parts and accessories of such articles",35460105.0,0.0,35460105.0,False
2017-07-01,2017,7,3,201707,M,imports,JPN,Japan,85,"Electrical machinery and equipment and parts thereof; sound recorders and reproducers; television image and sound recorders and reproducers, parts and accessories of such articles",176465913.0,0.0,176465913.0,False
2017-07-01,2017,7,3,201707,M,imports,KOR,South Korea,85,"Electrical machinery and equipment and parts thereof; sound recorders and reproducers; television image and sound recorders and reproducers, parts and accessories of such articles",89154479.0,0.0,89154479.0,False
2017-07-01,2017,7,3,201707,M,imports,MYS,Malaysia,85,"Electrical machinery and equipment and parts thereof; sound recorders and reproducers; television image and sound recorders and reproducers, parts and accessories of such articles",53132771.0,0.0,53132771.0,False
2017-07-01,2017,7,3,201707,M,imports,PHL,Philippines,85,"Electrical machinery and equipment and parts thereof; sound recorders and reproducers; television image and sound recorders and reproducers, parts and accessories of such articles",15625048.0,0.0,15625048.0,False
2017-07-01,2017,7,3,201707,M,imports,SGP,Singapore,85,"Electrical machinery and equipment and parts thereof; sound recorders and reproducers; television image and sound recorders and reproducers, parts and accessories of such articles",142088398.0,0.0,142088398.0,False
2017-07-01,2017,7,3,201707,M,imports,THA,Thailand,85,"Electrical machinery and equipment and parts thereof; sound recorders and reproducers; television image and sound recorders and reproducers, parts and accessories of such articles",57840241.0,0.0,57840241.0,False
2017-07-01,2017,7,3,201707,M,imports,USA,United States,85,"Electrical machinery and equipment and parts thereof; sound recorders and reproducers; television image and sound recorders and reproducers, parts and accessories of such articles",32681809.0,0.0,32681809.0,False
2017-07-01,2017,7,3,201707,M,imports,VNM,Vietnam,85,"Electrical machinery and equipment and parts thereof; sound recorders and reproducers; television image and sound recorders and reproducers, parts and accessories of such articles",95533777.0,0.0,95533777.0,False
2017-07-01,2017,7,3,201707,M,imports,W00,World,85,"Electrical machinery and equipment and parts thereof; sound recorders and reproducers; television image and sound recorders and reproducers, parts and accessories of such articles",1557189583.0,0.0,1557189583.0,False
2017-08-01,2017,8,3,201708,X,exports,CHN,China,85,"Electrical machinery and equipment and parts thereof; sound recorders and reproducers; television image and sound recorders and reproducers, parts and accessories of such articles",30970905.99,30970905.99,0.0,False
2017-08-01,2017,8,3,201708,X,exports,DEU,Germany,85,"Electrical machinery and equipment and parts thereof; sound recorders and reproducers; television image and sound recorders and reproducers, parts and accessories of such articles",17552296.34,17552296.34,0.0,False
2017-08-01,2017,8,3,201708,X,exports,JPN,Japan,85,"Electrical machinery and equipment and parts thereof; sound recorders and reproducers; television image and sound recorders and reproducers, parts and accessories of such articles",114928987.53,114928987.53,0.0,False
2017-08-01,2017,8,3,201708,X,exports,KOR,South Korea,85,"Electrical machinery and equipment and parts thereof; sound recorders and reproducers; television image and sound recorders and reproducers, parts and accessories of such articles",21041801.36,21041801.36,0.0,False
2017-08-01,2017,8,3,201708,X,exports,MYS,Malaysia,85,"Electrical machinery and equipment and parts thereof; sound recorders and reproducers; television image and sound recorders and reproducers, parts and accessories of such articles",35986635.18,35986635.18,0.0,False
2017-08-01,2017,8,3,201708,X,exports,PHL,Philippines,85,"Electrical machinery and equipment and parts thereof; sound recorders and reproducers; television image and sound recorders and reproducers, parts and accessories of such articles",13661823.58,13661823.58,0.0,False
2017-08-01,2017,8,3,201708,X,exports,SGP,Singapore,85,"Electrical machinery and equipment and parts thereof; sound recorders and reproducers; television image and sound recorders and reproducers, parts and accessories of such articles",147092261.67,147092261.67,0.0,False
2017-08-01,2017,8,3,201708,X,exports,THA,Thailand,85,"Electrical machinery and equipment and parts thereof; sound recorders and reproducers; television image and sound recorders and reproducers, parts and accessories of such articles",38063814.09,38063814.09,0.0,False
2017-08-01,2017,8,3,201708,X,exports,USA,United States,85,"Electrical machinery and equipment and parts thereof; sound recorders and reproducers; television image and sound recorders and reproducers, parts and accessories of such articles",95096915.72,95096915.72,0.0,False
2017-08-01,2017,8,3,201708,X,exports,VNM,Vietnam,85,"Electrical machinery and equipment and parts thereof; sound recorders and reproducers; television image and sound recorders and reproducers, parts and accessories of such articles",13821881.03,13821881.03,0.0,False
2017-08-01,2017,8,3,201708,X,exports,W00,World,85,"Electrical machinery and equipment and parts thereof; sound recorders and reproducers; television image and sound recorders and reproducers, parts and accessories of such articles",808383607.56,808383607.56,0.0,False
2017-08-01,2017,8,3,201708,M,imports,CHN,China,85,"Electrical machinery and equipment and parts thereof; sound recorders and reproducers; television image and sound recorders and reproducers, parts and accessories of such articles",627582145.0,0.0,627582145.0,False
2017-08-01,2017,8,3,201708,M,imports,DEU,Germany,85,"Electrical machinery and equipment and parts thereof; sound recorders and reproducers; television image and sound recorders and reproducers, parts and accessories of such articles",32386399.0,0.0,32386399.0,False
2017-08-01,2017,8,3,201708,M,imports,JPN,Japan,85,"Electrical machinery and equipment and parts thereof; sound recorders and reproducers; television image and sound recorders and reproducers, parts and accessories of such articles",167040839.0,0.0,167040839.0,False
2017-08-01,2017,8,3,201708,M,imports,KOR,South Korea,85,"Electrical machinery and equipment and parts thereof; sound recorders and reproducers; television image and sound recorders and reproducers, parts and accessories of such articles",74616146.0,0.0,74616146.0,False
2017-08-01,2017,8,3,201708,M,imports,MYS,Malaysia,85,"Electrical machinery and equipment and parts thereof; sound recorders and reproducers; television image and sound recorders and reproducers, parts and accessories of such articles",57097162.0,0.0,57097162.0,False
2017-08-01,2017,8,3,201708,M,imports,PHL,Philippines,85,"Electrical machinery and equipment and parts thereof; sound recorders and reproducers; television image and sound recorders and reproducers, parts and accessories of such articles",19547227.0,0.0,19547227.0,False
2017-08-01,2017,8,3,201708,M,imports,SGP,Singapore,85,"Electrical machinery and equipment and parts thereof; sound recorders and reproducers; television image and sound recorders and reproducers, parts and accessories of such articles",151354841.0,0.0,151354841.0,False
2017-08-01,2017,8,3,201708,M,imports,THA,Thailand,85,"Electrical machinery and equipment and parts thereof; sound recorders and reproducers; television image and sound recorders and reproducers, parts and accessories of such articles",57323572.0,0.0,57323572.0,False
2017-08-01,2017,8,3,201708,M,imports,USA,United States,85,"Electrical machinery and equipment and parts thereof; sound recorders and reproducers; television image and sound recorders and reproducers, parts and accessories of such articles",40927026.0,0.0,40927026.0,False
2017-08-01,2017,8,3,201708,M,imports,VNM,Vietnam,85,"Electrical machinery and equipment and parts thereof; sound recorders and reproducers; television image and sound recorders and reproducers, parts and accessories of such articles",83182368.0,0.0,83182368.0,False
2017-08-01,2017,8,3,201708,M,imports,W00,World,85,"Electrical machinery and equipment and parts thereof; sound recorders and reproducers; television image and sound recorders and reproducers, parts and accessories of such articles",1575129757.0,0.0,1575129757.0,False
2017-09-01,2017,9,3,201709,X,exports,CHN,China,85,"Electrical machinery and equipment and parts thereof; sound recorders and reproducers; television image and sound recorders and reproducers, parts and accessories of such articles",27645271.22,27645271.22,0.0,False
2017-09-01,2017,9,3,201709,X,exports,DEU,Germany,85,"Electrical machinery and equipment and parts thereof; sound recorders and reproducers; television image and sound recorders and reproducers, parts and accessories of such articles",17409407.48,17409407.48,0.0,False
2017-09-01,2017,9,3,201709,X,exports,JPN,Japan,85,"Electrical machinery and equipment and parts thereof; sound recorders and reproducers; television image and sound recorders and reproducers, parts and accessories of such articles",109547085.07,109547085.07,0.0,False
2017-09-01,2017,9,3,201709,X,exports,KOR,South Korea,85,"Electrical machinery and equipment and parts thereof; sound recorders and reproducers; television image and sound recorders and reproducers, parts and accessories of such articles",26208922.92,26208922.92,0.0,False
2017-09-01,2017,9,3,201709,X,exports,MYS,Malaysia,85,"Electrical machinery and equipment and parts thereof; sound recorders and reproducers; television image and sound recorders and reproducers, parts and accessories of such articles",33020571.03,33020571.03,0.0,False
2017-09-01,2017,9,3,201709,X,exports,PHL,Philippines,85,"Electrical machinery and equipment and parts thereof; sound recorders and reproducers; television image and sound recorders and reproducers, parts and accessories of such articles",14223860.18,14223860.18,0.0,False
2017-09-01,2017,9,3,201709,X,exports,SGP,Singapore,85,"Electrical machinery and equipment and parts thereof; sound recorders and reproducers; television image and sound recorders and reproducers, parts and accessories of such articles",146337612.83,146337612.83,0.0,False
2017-09-01,2017,9,3,201709,X,exports,THA,Thailand,85,"Electrical machinery and equipment and parts thereof; sound recorders and reproducers; television image and sound recorders and reproducers, parts and accessories of such articles",31966058.98,31966058.98,0.0,False
2017-09-01,2017,9,3,201709,X,exports,USA,United States,85,"Electrical machinery and equipment and parts thereof; sound recorders and reproducers; television image and sound recorders and reproducers, parts and accessories of such articles",89809232.41,89809232.41,0.0,False
2017-09-01,2017,9,3,201709,X,exports,VNM,Vietnam,85,"Electrical machinery and equipment and parts thereof; sound recorders and reproducers; television image and sound recorders and reproducers, parts and accessories of such articles",16472401.66,16472401.66,0.0,False
2017-09-01,2017,9,3,201709,X,exports,W00,World,85,"Electrical machinery and equipment and parts thereof; sound recorders and reproducers; television image and sound recorders and reproducers, parts and accessories of such articles",756586777.56,756586777.56,0.0,False
2017-09-01,2017,9,3,201709,M,imports,CHN,China,85,"Electrical machinery and equipment and parts thereof; sound recorders and reproducers; television image and sound recorders and reproducers, parts and accessories of such articles",667046102.0,0.0,667046102.0,False
2017-09-01,2017,9,3,201709,M,imports,DEU,Germany,85,"Electrical machinery and equipment and parts thereof; sound recorders and reproducers; television image and sound recorders and reproducers, parts and accessories of such articles",35970636.0,0.0,35970636.0,False
2017-09-01,2017,9,3,201709,M,imports,JPN,Japan,85,"Electrical machinery and equipment and parts thereof; sound recorders and reproducers; television image and sound recorders and reproducers, parts and accessories of such articles",147349393.0,0.0,147349393.0,False
2017-09-01,2017,9,3,201709,M,imports,KOR,South Korea,85,"Electrical machinery and equipment and parts thereof; sound recorders and reproducers; television image and sound recorders and reproducers, parts and accessories of such articles",65299147.0,0.0,65299147.0,False
2017-09-01,2017,9,3,201709,M,imports,MYS,Malaysia,85,"Electrical machinery and equipment and parts thereof; sound recorders and reproducers; television image and sound recorders and reproducers, parts and accessories of such articles",50803357.0,0.0,50803357.0,False
2017-09-01,2017,9,3,201709,M,imports,PHL,Philippines,85,"Electrical machinery and equipment and parts thereof; sound recorders and reproducers; television image and sound recorders and reproducers, parts and accessories of such articles",19093968.0,0.0,19093968.0,False
2017-09-01,2017,9,3,201709,M,imports,SGP,Singapore,85,"Electrical machinery and equipment and parts thereof; sound recorders and reproducers; television image and sound recorders and reproducers, parts and accessories of such articles",173981385.0,0.0,173981385.0,False
2017-09-01,2017,9,3,201709,M,imports,THA,Thailand,85,"Electrical machinery and equipment and parts thereof; sound recorders and reproducers; television image and sound recorders and reproducers, parts and accessories of such articles",58938532.0,0.0,58938532.0,False
2017-09-01,2017,9,3,201709,M,imports,USA,United States,85,"Electrical machinery and equipment and parts thereof; sound recorders and reproducers; television image and sound recorders and reproducers, parts and accessories of such articles",29005754.0,0.0,29005754.0,False
2017-09-01,2017,9,3,201709,M,imports,VNM,Vietnam,85,"Electrical machinery and equipment and parts thereof; sound recorders and reproducers; television image and sound recorders and reproducers, parts and accessories of such articles",106474224.0,0.0,106474224.0,False
2017-09-01,2017,9,3,201709,M,imports,W00,World,85,"Electrical machinery and equipment and parts thereof; sound recorders and reproducers; television image and sound recorders and reproducers, parts and accessories of such articles",1570210453.0,0.0,1570210453.0,False
2017-10-01,2017,10,4,201710,X,exports,CHN,China,85,"Electrical machinery and equipment and parts thereof; sound recorders and reproducers; television image and sound recorders and reproducers, parts and accessories of such articles",26676673.78,26676673.78,0.0,False
2017-10-01,2017,10,4,201710,X,exports,DEU,Germany,85,"Electrical machinery and equipment and parts thereof; sound recorders and reproducers; television image and sound recorders and reproducers, parts and accessories of such articles",16347441.11,16347441.11,0.0,False
2017-10-01,2017,10,4,201710,X,exports,JPN,Japan,85,"Electrical machinery and equipment and parts thereof; sound recorders and reproducers; television image and sound recorders and reproducers, parts and accessories of such articles",121662810.34,121662810.34,0.0,False
2017-10-01,2017,10,4,201710,X,exports,KOR,South Korea,85,"Electrical machinery and equipment and parts thereof; sound recorders and reproducers; television image and sound recorders and reproducers, parts and accessories of such articles",29044975.67,29044975.67,0.0,False
2017-10-01,2017,10,4,201710,X,exports,MYS,Malaysia,85,"Electrical machinery and equipment and parts thereof; sound recorders and reproducers; television image and sound recorders and reproducers, parts and accessories of such articles",32034785.8,32034785.8,0.0,False
2017-10-01,2017,10,4,201710,X,exports,PHL,Philippines,85,"Electrical machinery and equipment and parts thereof; sound recorders and reproducers; television image and sound recorders and reproducers, parts and accessories of such articles",16008509.14,16008509.14,0.0,False
2017-10-01,2017,10,4,201710,X,exports,SGP,Singapore,85,"Electrical machinery and equipment and parts thereof; sound recorders and reproducers; television image and sound recorders and reproducers, parts and accessories of such articles",141561364.98,141561364.98,0.0,False
2017-10-01,2017,10,4,201710,X,exports,THA,Thailand,85,"Electrical machinery and equipment and parts thereof; sound recorders and reproducers; television image and sound recorders and reproducers, parts and accessories of such articles",33155357.16,33155357.16,0.0,False
2017-10-01,2017,10,4,201710,X,exports,USA,United States,85,"Electrical machinery and equipment and parts thereof; sound recorders and reproducers; television image and sound recorders and reproducers, parts and accessories of such articles",81718719.6,81718719.6,0.0,False
2017-10-01,2017,10,4,201710,X,exports,VNM,Vietnam,85,"Electrical machinery and equipment and parts thereof; sound recorders and reproducers; television image and sound recorders and reproducers, parts and accessories of such articles",16631708.79,16631708.79,0.0,False
2017-10-01,2017,10,4,201710,X,exports,W00,World,85,"Electrical machinery and equipment and parts thereof; sound recorders and reproducers; television image and sound recorders and reproducers, parts and accessories of such articles",748102943.57,748102943.57,0.0,False
2017-10-01,2017,10,4,201710,M,imports,CHN,China,85,"Electrical machinery and equipment and parts thereof; sound recorders and reproducers; television image and sound recorders and reproducers, parts and accessories of such articles",703833244.0,0.0,703833244.0,False
2017-10-01,2017,10,4,201710,M,imports,DEU,Germany,85,"Electrical machinery and equipment and parts thereof; sound recorders and reproducers; television image and sound recorders and reproducers, parts and accessories of such articles",53067588.0,0.0,53067588.0,False
2017-10-01,2017,10,4,201710,M,imports,JPN,Japan,85,"Electrical machinery and equipment and parts thereof; sound recorders and reproducers; television image and sound recorders and reproducers, parts and accessories of such articles",173498631.0,0.0,173498631.0,False
2017-10-01,2017,10,4,201710,M,imports,KOR,South Korea,85,"Electrical machinery and equipment and parts thereof; sound recorders and reproducers; television image and sound recorders and reproducers, parts and accessories of such articles",76614028.0,0.0,76614028.0,False
2017-10-01,2017,10,4,201710,M,imports,MYS,Malaysia,85,"Electrical machinery and equipment and parts thereof; sound recorders and reproducers; television image and sound recorders and reproducers, parts and accessories of such articles",58823480.0,0.0,58823480.0,False
2017-10-01,2017,10,4,201710,M,imports,PHL,Philippines,85,"Electrical machinery and equipment and parts thereof; sound recorders and reproducers; television image and sound recorders and reproducers, parts and accessories of such articles",23118141.0,0.0,23118141.0,False
2017-10-01,2017,10,4,201710,M,imports,SGP,Singapore,85,"Electrical machinery and equipment and parts thereof; sound recorders and reproducers; television image and sound recorders and reproducers, parts and accessories of such articles",131761909.0,0.0,131761909.0,False
2017-10-01,2017,10,4,201710,M,imports,THA,Thailand,85,"Electrical machinery and equipment and parts thereof; sound recorders and reproducers; television image and sound recorders and reproducers, parts and accessories of such articles",59442100.0,0.0,59442100.0,False
2017-10-01,2017,10,4,201710,M,imports,USA,United States,85,"Electrical machinery and equipment and parts thereof; sound recorders and reproducers; television image and sound recorders and reproducers, parts and accessories of such articles",33684118.0,0.0,33684118.0,False
2017-10-01,2017,10,4,201710,M,imports,VNM,Vietnam,85,"Electrical machinery and equipment and parts thereof; sound recorders and reproducers; television image and sound recorders and reproducers, parts and accessories of such articles",114012170.0,0.0,114012170.0,False
2017-10-01,2017,10,4,201710,M,imports,W00,World,85,"Electrical machinery and equipment and parts thereof; sound recorders and reproducers; television image and sound recorders and reproducers, parts and accessories of such articles",1626493039.0,0.0,1626493039.0,False
2017-11-01,2017,11,4,201711,X,exports,CHN,China,85,"Electrical machinery and equipment and parts thereof; sound recorders and reproducers; television image and sound recorders and reproducers, parts and accessories of such articles",27736585.51,27736585.51,0.0,False
2017-11-01,2017,11,4,201711,X,exports,DEU,Germany,85,"Electrical machinery and equipment and parts thereof; sound recorders and reproducers; television image and sound recorders and reproducers, parts and accessories of such articles",14756707.06,14756707.06,0.0,False
2017-11-01,2017,11,4,201711,X,exports,JPN,Japan,85,"Electrical machinery and equipment and parts thereof; sound recorders and reproducers; television image and sound recorders and reproducers, parts and accessories of such articles",128051734.43,128051734.43,0.0,False
2017-11-01,2017,11,4,201711,X,exports,KOR,South Korea,85,"Electrical machinery and equipment and parts thereof; sound recorders and reproducers; television image and sound recorders and reproducers, parts and accessories of such articles",31257983.47,31257983.47,0.0,False
2017-11-01,2017,11,4,201711,X,exports,MYS,Malaysia,85,"Electrical machinery and equipment and parts thereof; sound recorders and reproducers; television image and sound recorders and reproducers, parts and accessories of such articles",26757905.02,26757905.02,0.0,False
2017-11-01,2017,11,4,201711,X,exports,PHL,Philippines,85,"Electrical machinery and equipment and parts thereof; sound recorders and reproducers; television image and sound recorders and reproducers, parts and accessories of such articles",14563131.38,14563131.38,0.0,False
2017-11-01,2017,11,4,201711,X,exports,SGP,Singapore,85,"Electrical machinery and equipment and parts thereof; sound recorders and reproducers; television image and sound recorders and reproducers, parts and accessories of such articles",130166753.95,130166753.95,0.0,False
2017-11-01,2017,11,4,201711,X,exports,THA,Thailand,85,"Electrical machinery and equipment and parts thereof; sound recorders and reproducers; television image and sound recorders and reproducers, parts and accessories of such articles",37510394.28,37510394.28,0.0,False
2017-11-01,2017,11,4,201711,X,exports,USA,United States,85,"Electrical machinery and equipment and parts thereof; sound recorders and reproducers; television image and sound recorders and reproducers, parts and accessories of such articles",72541014.92,72541014.92,0.0,False
2017-11-01,2017,11,4,201711,X,exports,VNM,Vietnam,85,"Electrical machinery and equipment and parts thereof; sound recorders and reproducers; television image and sound recorders and reproducers, parts and accessories of such articles",16650752.38,16650752.38,0.0,False
2017-11-01,2017,11,4,201711,X,exports,W00,World,85,"Electrical machinery and equipment and parts thereof; sound recorders and reproducers; television image and sound recorders and reproducers, parts and accessories of such articles",743156510.89,743156510.89,0.0,False
2017-11-01,2017,11,4,201711,M,imports,CHN,China,85,"Electrical machinery and equipment and parts thereof; sound recorders and reproducers; television image and sound recorders and reproducers, parts and accessories of such articles",852991901.0,0.0,852991901.0,False
2017-11-01,2017,11,4,201711,M,imports,DEU,Germany,85,"Electrical machinery and equipment and parts thereof; sound recorders and reproducers; television image and sound recorders and reproducers, parts and accessories of such articles",38096392.0,0.0,38096392.0,False
2017-11-01,2017,11,4,201711,M,imports,JPN,Japan,85,"Electrical machinery and equipment and parts thereof; sound recorders and reproducers; television image and sound recorders and reproducers, parts and accessories of such articles",184505155.0,0.0,184505155.0,False
2017-11-01,2017,11,4,201711,M,imports,KOR,South Korea,85,"Electrical machinery and equipment and parts thereof; sound recorders and reproducers; television image and sound recorders and reproducers, parts and accessories of such articles",86302436.0,0.0,86302436.0,False
2017-11-01,2017,11,4,201711,M,imports,MYS,Malaysia,85,"Electrical machinery and equipment and parts thereof; sound recorders and reproducers; television image and sound recorders and reproducers, parts and accessories of such articles",49784725.0,0.0,49784725.0,False
2017-11-01,2017,11,4,201711,M,imports,PHL,Philippines,85,"Electrical machinery and equipment and parts thereof; sound recorders and reproducers; television image and sound recorders and reproducers, parts and accessories of such articles",20606069.0,0.0,20606069.0,False
2017-11-01,2017,11,4,201711,M,imports,SGP,Singapore,85,"Electrical machinery and equipment and parts thereof; sound recorders and reproducers; television image and sound recorders and reproducers, parts and accessories of such articles",161723094.0,0.0,161723094.0,False
2017-11-01,2017,11,4,201711,M,imports,THA,Thailand,85,"Electrical machinery and equipment and parts thereof; sound recorders and reproducers; television image and sound recorders and reproducers, parts and accessories of such articles",60803893.0,0.0,60803893.0,False
2017-11-01,2017,11,4,201711,M,imports,USA,United States,85,"Electrical machinery and equipment and parts thereof; sound recorders and reproducers; television image and sound recorders and reproducers, parts and accessories of such articles",41874903.0,0.0,41874903.0,False
2017-11-01,2017,11,4,201711,M,imports,VNM,Vietnam,85,"Electrical machinery and equipment and parts thereof; sound recorders and reproducers; television image and sound recorders and reproducers, parts and accessories of such articles",100722148.0,0.0,100722148.0,False
2017-11-01,2017,11,4,201711,M,imports,W00,World,85,"Electrical machinery and equipment and parts thereof; sound recorders and reproducers; television image and sound recorders and reproducers, parts and accessories of such articles",1800726687.0,0.0,1800726687.0,False
2017-12-01,2017,12,4,201712,X,exports,CHN,China,85,"Electrical machinery and equipment and parts thereof; sound recorders and reproducers; television image and sound recorders and reproducers, parts and accessories of such articles",24630245.7,24630245.7,0.0,False
2017-12-01,2017,12,4,201712,X,exports,DEU,Germany,85,"Electrical machinery and equipment and parts thereof; sound recorders and reproducers; television image and sound recorders and reproducers, parts and accessories of such articles",16256694.34,16256694.34,0.0,False
2017-12-01,2017,12,4,201712,X,exports,JPN,Japan,85,"Electrical machinery and equipment and parts thereof; sound recorders and reproducers; television image and sound recorders and reproducers, parts and accessories of such articles",109414835.4,109414835.4,0.0,False
2017-12-01,2017,12,4,201712,X,exports,KOR,South Korea,85,"Electrical machinery and equipment and parts thereof; sound recorders and reproducers; television image and sound recorders and reproducers, parts and accessories of such articles",18774051.04,18774051.04,0.0,False
2017-12-01,2017,12,4,201712,X,exports,MYS,Malaysia,85,"Electrical machinery and equipment and parts thereof; sound recorders and reproducers; television image and sound recorders and reproducers, parts and accessories of such articles",22528770.16,22528770.16,0.0,False
2017-12-01,2017,12,4,201712,X,exports,PHL,Philippines,85,"Electrical machinery and equipment and parts thereof; sound recorders and reproducers; television image and sound recorders and reproducers, parts and accessories of such articles",9792940.49,9792940.49,0.0,False
2017-12-01,2017,12,4,201712,X,exports,SGP,Singapore,85,"Electrical machinery and equipment and parts thereof; sound recorders and reproducers; television image and sound recorders and reproducers, parts and accessories of such articles",125464216.18,125464216.18,0.0,False
2017-12-01,2017,12,4,201712,X,exports,THA,Thailand,85,"Electrical machinery and equipment and parts thereof; sound recorders and reproducers; television image and sound recorders and reproducers, parts and accessories of such articles",32850422.56,32850422.56,0.0,False
2017-12-01,2017,12,4,201712,X,exports,USA,United States,85,"Electrical machinery and equipment and parts thereof; sound recorders and reproducers; television image and sound recorders and reproducers, parts and accessories of such articles",67112395.47,67112395.47,0.0,False
2017-12-01,2017,12,4,201712,X,exports,VNM,Vietnam,85,"Electrical machinery and equipment and parts thereof; sound recorders and reproducers; television image and sound recorders and reproducers, parts and accessories of such articles",18100335.71,18100335.71,0.0,False
2017-12-01,2017,12,4,201712,X,exports,W00,World,85,"Electrical machinery and equipment and parts thereof; sound recorders and reproducers; television image and sound recorders and reproducers, parts and accessories of such articles",633197983.61,633197983.61,0.0,False
2017-12-01,2017,12,4,201712,M,imports,CHN,China,85,"Electrical machinery and equipment and parts thereof; sound recorders and reproducers; television image and sound recorders and reproducers, parts and accessories of such articles",871290017.0,0.0,871290017.0,False
2017-12-01,2017,12,4,201712,M,imports,DEU,Germany,85,"Electrical machinery and equipment and parts thereof; sound recorders and reproducers; television image and sound recorders and reproducers, parts and accessories of such articles",35161612.0,0.0,35161612.0,False
2017-12-01,2017,12,4,201712,M,imports,JPN,Japan,85,"Electrical machinery and equipment and parts thereof; sound recorders and reproducers; television image and sound recorders and reproducers, parts and accessories of such articles",127444931.0,0.0,127444931.0,False
2017-12-01,2017,12,4,201712,M,imports,KOR,South Korea,85,"Electrical machinery and equipment and parts thereof; sound recorders and reproducers; television image and sound recorders and reproducers, parts and accessories of such articles",67858083.0,0.0,67858083.0,False
2017-12-01,2017,12,4,201712,M,imports,MYS,Malaysia,85,"Electrical machinery and equipment and parts thereof; sound recorders and reproducers; television image and sound recorders and reproducers, parts and accessories of such articles",122507947.0,0.0,122507947.0,False
2017-12-01,2017,12,4,201712,M,imports,PHL,Philippines,85,"Electrical machinery and equipment and parts thereof; sound recorders and reproducers; television image and sound recorders and reproducers, parts and accessories of such articles",21598757.0,0.0,21598757.0,False
2017-12-01,2017,12,4,201712,M,imports,SGP,Singapore,85,"Electrical machinery and equipment and parts thereof; sound recorders and reproducers; television image and sound recorders and reproducers, parts and accessories of such articles",239260015.0,0.0,239260015.0,False
2017-12-01,2017,12,4,201712,M,imports,THA,Thailand,85,"Electrical machinery and equipment and parts thereof; sound recorders and reproducers; television image and sound recorders and reproducers, parts and accessories of such articles",54631675.0,0.0,54631675.0,False
2017-12-01,2017,12,4,201712,M,imports,USA,United States,85,"Electrical machinery and equipment and parts thereof; sound recorders and reproducers; television image and sound recorders and reproducers, parts and accessories of such articles",26750226.0,0.0,26750226.0,False
2017-12-01,2017,12,4,201712,M,imports,VNM,Vietnam,85,"Electrical machinery and equipment and parts thereof; sound recorders and reproducers; television image and sound recorders and reproducers, parts and accessories of such articles",54683379.0,0.0,54683379.0,False
2017-12-01,2017,12,4,201712,M,imports,W00,World,85,"Electrical machinery and equipment and parts thereof; sound recorders and reproducers; television image and sound recorders and reproducers, parts and accessories of such articles",1819980590.0,0.0,1819980590.0,False
2018-01-01,2018,1,1,201801,X,exports,CHN,China,85,"Electrical machinery and equipment and parts thereof; sound recorders and reproducers; television image and sound recorders and reproducers, parts and accessories of such articles",25749514.93,25749514.93,0.0,False
2018-01-01,2018,1,1,201801,X,exports,DEU,Germany,85,"Electrical machinery and equipment and parts thereof; sound recorders and reproducers; television image and sound recorders and reproducers, parts and accessories of such articles",18650152.75,18650152.75,0.0,False
2018-01-01,2018,1,1,201801,X,exports,JPN,Japan,85,"Electrical machinery and equipment and parts thereof; sound recorders and reproducers; television image and sound recorders and reproducers, parts and accessories of such articles",128866892.42,128866892.42,0.0,False
2018-01-01,2018,1,1,201801,X,exports,KOR,South Korea,85,"Electrical machinery and equipment and parts thereof; sound recorders and reproducers; television image and sound recorders and reproducers, parts and accessories of such articles",25330096.13,25330096.13,0.0,False
2018-01-01,2018,1,1,201801,X,exports,MYS,Malaysia,85,"Electrical machinery and equipment and parts thereof; sound recorders and reproducers; television image and sound recorders and reproducers, parts and accessories of such articles",28348008.66,28348008.66,0.0,False
2018-01-01,2018,1,1,201801,X,exports,PHL,Philippines,85,"Electrical machinery and equipment and parts thereof; sound recorders and reproducers; television image and sound recorders and reproducers, parts and accessories of such articles",15022871.77,15022871.77,0.0,False
2018-01-01,2018,1,1,201801,X,exports,SGP,Singapore,85,"Electrical machinery and equipment and parts thereof; sound recorders and reproducers; television image and sound recorders and reproducers, parts and accessories of such articles",125165998.45,125165998.45,0.0,False
2018-01-01,2018,1,1,201801,X,exports,THA,Thailand,85,"Electrical machinery and equipment and parts thereof; sound recorders and reproducers; television image and sound recorders and reproducers, parts and accessories of such articles",38175848.39,38175848.39,0.0,False
2018-01-01,2018,1,1,201801,X,exports,USA,United States,85,"Electrical machinery and equipment and parts thereof; sound recorders and reproducers; television image and sound recorders and reproducers, parts and accessories of such articles",72314230.0,72314230.0,0.0,False
2018-01-01,2018,1,1,201801,X,exports,VNM,Vietnam,85,"Electrical machinery and equipment and parts thereof; sound recorders and reproducers; television image and sound recorders and reproducers, parts and accessories of such articles",21707848.22,21707848.22,0.0,False
2018-01-01,2018,1,1,201801,X,exports,W00,World,85,"Electrical machinery and equipment and parts thereof; sound recorders and reproducers; television image and sound recorders and reproducers, parts and accessories of such articles",718977792.76,718977792.76,0.0,False
2018-01-01,2018,1,1,201801,M,imports,CHN,China,85,"Electrical machinery and equipment and parts thereof; sound recorders and reproducers; television image and sound recorders and reproducers, parts and accessories of such articles",844893024.0,0.0,844893024.0,False
2018-01-01,2018,1,1,201801,M,imports,DEU,Germany,85,"Electrical machinery and equipment and parts thereof; sound recorders and reproducers; television image and sound recorders and reproducers, parts and accessories of such articles",68493788.0,0.0,68493788.0,False
2018-01-01,2018,1,1,201801,M,imports,JPN,Japan,85,"Electrical machinery and equipment and parts thereof; sound recorders and reproducers; television image and sound recorders and reproducers, parts and accessories of such articles",136343612.0,0.0,136343612.0,False
2018-01-01,2018,1,1,201801,M,imports,KOR,South Korea,85,"Electrical machinery and equipment and parts thereof; sound recorders and reproducers; television image and sound recorders and reproducers, parts and accessories of such articles",104211233.0,0.0,104211233.0,False
2018-01-01,2018,1,1,201801,M,imports,MYS,Malaysia,85,"Electrical machinery and equipment and parts thereof; sound recorders and reproducers; television image and sound recorders and reproducers, parts and accessories of such articles",64607620.0,0.0,64607620.0,False
2018-01-01,2018,1,1,201801,M,imports,PHL,Philippines,85,"Electrical machinery and equipment and parts thereof; sound recorders and reproducers; television image and sound recorders and reproducers, parts and accessories of such articles",18730744.0,0.0,18730744.0,False
2018-01-01,2018,1,1,201801,M,imports,SGP,Singapore,85,"Electrical machinery and equipment and parts thereof; sound recorders and reproducers; television image and sound recorders and reproducers, parts and accessories of such articles",230909071.0,0.0,230909071.0,False
2018-01-01,2018,1,1,201801,M,imports,THA,Thailand,85,"Electrical machinery and equipment and parts thereof; sound recorders and reproducers; television image and sound recorders and reproducers, parts and accessories of such articles",58101779.0,0.0,58101779.0,False
2018-01-01,2018,1,1,201801,M,imports,USA,United States,85,"Electrical machinery and equipment and parts thereof; sound recorders and reproducers; television image and sound recorders and reproducers, parts and accessories of such articles",38896443.0,0.0,38896443.0,False
2018-01-01,2018,1,1,201801,M,imports,VNM,Vietnam,85,"Electrical machinery and equipment and parts thereof; sound recorders and reproducers; television image and sound recorders and reproducers, parts and accessories of such articles",98583374.0,0.0,98583374.0,False
2018-01-01,2018,1,1,201801,M,imports,W00,World,85,"Electrical machinery and equipment and parts thereof; sound recorders and reproducers; television image and sound recorders and reproducers, parts and accessories of such articles",1915179197.0,0.0,1915179197.0,False
2018-02-01,2018,2,1,201802,X,exports,CHN,China,85,"Electrical machinery and equipment and parts thereof; sound recorders and reproducers; television image and sound recorders and reproducers, parts and accessories of such articles",23882319.1,23882319.1,0.0,False
2018-02-01,2018,2,1,201802,X,exports,DEU,Germany,85,"Electrical machinery and equipment and parts thereof; sound recorders and reproducers; television image and sound recorders and reproducers, parts and accessories of such articles",16329208.63,16329208.63,0.0,False
2018-02-01,2018,2,1,201802,X,exports,JPN,Japan,85,"Electrical machinery and equipment and parts thereof; sound recorders and reproducers; television image and sound recorders and reproducers, parts and accessories of such articles",121834020.45,121834020.45,0.0,False
2018-02-01,2018,2,1,201802,X,exports,KOR,South Korea,85,"Electrical machinery and equipment and parts thereof; sound recorders and reproducers; television image and sound recorders and reproducers, parts and accessories of such articles",23614420.9,23614420.9,0.0,False
2018-02-01,2018,2,1,201802,X,exports,MYS,Malaysia,85,"Electrical machinery and equipment and parts thereof; sound recorders and reproducers; television image and sound recorders and reproducers, parts and accessories of such articles",21407874.43,21407874.43,0.0,False
2018-02-01,2018,2,1,201802,X,exports,PHL,Philippines,85,"Electrical machinery and equipment and parts thereof; sound recorders and reproducers; television image and sound recorders and reproducers, parts and accessories of such articles",13836392.62,13836392.62,0.0,False
2018-02-01,2018,2,1,201802,X,exports,SGP,Singapore,85,"Electrical machinery and equipment and parts thereof; sound recorders and reproducers; television image and sound recorders and reproducers, parts and accessories of such articles",127600737.5,127600737.5,0.0,False
2018-02-01,2018,2,1,201802,X,exports,THA,Thailand,85,"Electrical machinery and equipment and parts thereof; sound recorders and reproducers; television image and sound recorders and reproducers, parts and accessories of such articles",40983070.9,40983070.9,0.0,False
2018-02-01,2018,2,1,201802,X,exports,USA,United States,85,"Electrical machinery and equipment and parts thereof; sound recorders and reproducers; television image and sound recorders and reproducers, parts and accessories of such articles",62961534.45,62961534.45,0.0,False
2018-02-01,2018,2,1,201802,X,exports,VNM,Vietnam,85,"Electrical machinery and equipment and parts thereof; sound recorders and reproducers; television image and sound recorders and reproducers, parts and accessories of such articles",16952874.34,16952874.34,0.0,False
2018-02-01,2018,2,1,201802,X,exports,W00,World,85,"Electrical machinery and equipment and parts thereof; sound recorders and reproducers; television image and sound recorders and reproducers, parts and accessories of such articles",662812913.99,662812913.99,0.0,False
2018-02-01,2018,2,1,201802,M,imports,CHN,China,85,"Electrical machinery and equipment and parts thereof; sound recorders and reproducers; television image and sound recorders and reproducers, parts and accessories of such articles",807132922.0,0.0,807132922.0,False
2018-02-01,2018,2,1,201802,M,imports,DEU,Germany,85,"Electrical machinery and equipment and parts thereof; sound recorders and reproducers; television image and sound recorders and reproducers, parts and accessories of such articles",42632773.0,0.0,42632773.0,False
2018-02-01,2018,2,1,201802,M,imports,JPN,Japan,85,"Electrical machinery and equipment and parts thereof; sound recorders and reproducers; television image and sound recorders and reproducers, parts and accessories of such articles",127424938.0,0.0,127424938.0,False
2018-02-01,2018,2,1,201802,M,imports,KOR,South Korea,85,"Electrical machinery and equipment and parts thereof; sound recorders and reproducers; television image and sound recorders and reproducers, parts and accessories of such articles",85219425.0,0.0,85219425.0,False
2018-02-01,2018,2,1,201802,M,imports,MYS,Malaysia,85,"Electrical machinery and equipment and parts thereof; sound recorders and reproducers; television image and sound recorders and reproducers, parts and accessories of such articles",48810650.0,0.0,48810650.0,False
2018-02-01,2018,2,1,201802,M,imports,PHL,Philippines,85,"Electrical machinery and equipment and parts thereof; sound recorders and reproducers; television image and sound recorders and reproducers, parts and accessories of such articles",21394965.0,0.0,21394965.0,False
2018-02-01,2018,2,1,201802,M,imports,SGP,Singapore,85,"Electrical machinery and equipment and parts thereof; sound recorders and reproducers; television image and sound recorders and reproducers, parts and accessories of such articles",147181521.0,0.0,147181521.0,False
2018-02-01,2018,2,1,201802,M,imports,THA,Thailand,85,"Electrical machinery and equipment and parts thereof; sound recorders and reproducers; television image and sound recorders and reproducers, parts and accessories of such articles",60378397.0,0.0,60378397.0,False
2018-02-01,2018,2,1,201802,M,imports,USA,United States,85,"Electrical machinery and equipment and parts thereof; sound recorders and reproducers; television image and sound recorders and reproducers, parts and accessories of such articles",26704647.0,0.0,26704647.0,False
2018-02-01,2018,2,1,201802,M,imports,VNM,Vietnam,85,"Electrical machinery and equipment and parts thereof; sound recorders and reproducers; television image and sound recorders and reproducers, parts and accessories of such articles",63435508.0,0.0,63435508.0,False
2018-02-01,2018,2,1,201802,M,imports,W00,World,85,"Electrical machinery and equipment and parts thereof; sound recorders and reproducers; television image and sound recorders and reproducers, parts and accessories of such articles",1666311245.0,0.0,1666311245.0,False
2018-03-01,2018,3,1,201803,X,exports,CHN,China,85,"Electrical machinery and equipment and parts thereof; sound recorders and reproducers; television image and sound recorders and reproducers, parts and accessories of such articles",25067666.27,25067666.27,0.0,False
2018-03-01,2018,3,1,201803,X,exports,DEU,Germany,85,"Electrical machinery and equipment and parts thereof; sound recorders and reproducers; television image and sound recorders and reproducers, parts and accessories of such articles",17230979.11,17230979.11,0.0,False
2018-03-01,2018,3,1,201803,X,exports,JPN,Japan,85,"Electrical machinery and equipment and parts thereof; sound recorders and reproducers; television image and sound recorders and reproducers, parts and accessories of such articles",135849712.04,135849712.04,0.0,False
2018-03-01,2018,3,1,201803,X,exports,KOR,South Korea,85,"Electrical machinery and equipment and parts thereof; sound recorders and reproducers; television image and sound recorders and reproducers, parts and accessories of such articles",31060698.23,31060698.23,0.0,False
2018-03-01,2018,3,1,201803,X,exports,MYS,Malaysia,85,"Electrical machinery and equipment and parts thereof; sound recorders and reproducers; television image and sound recorders and reproducers, parts and accessories of such articles",31392458.53,31392458.53,0.0,False
2018-03-01,2018,3,1,201803,X,exports,PHL,Philippines,85,"Electrical machinery and equipment and parts thereof; sound recorders and reproducers; television image and sound recorders and reproducers, parts and accessories of such articles",13064554.95,13064554.95,0.0,False
2018-03-01,2018,3,1,201803,X,exports,SGP,Singapore,85,"Electrical machinery and equipment and parts thereof; sound recorders and reproducers; television image and sound recorders and reproducers, parts and accessories of such articles",117794384.56,117794384.56,0.0,False
2018-03-01,2018,3,1,201803,X,exports,THA,Thailand,85,"Electrical machinery and equipment and parts thereof; sound recorders and reproducers; television image and sound recorders and reproducers, parts and accessories of such articles",36760512.73,36760512.73,0.0,False
2018-03-01,2018,3,1,201803,X,exports,USA,United States,85,"Electrical machinery and equipment and parts thereof; sound recorders and reproducers; television image and sound recorders and reproducers, parts and accessories of such articles",70370019.74,70370019.74,0.0,False
2018-03-01,2018,3,1,201803,X,exports,VNM,Vietnam,85,"Electrical machinery and equipment and parts thereof; sound recorders and reproducers; television image and sound recorders and reproducers, parts and accessories of such articles",22899155.66,22899155.66,0.0,False
2018-03-01,2018,3,1,201803,X,exports,W00,World,85,"Electrical machinery and equipment and parts thereof; sound recorders and reproducers; television image and sound recorders and reproducers, parts and accessories of such articles",713492661.72,713492661.72,0.0,False
2018-03-01,2018,3,1,201803,M,imports,CHN,China,85,"Electrical machinery and equipment and parts thereof; sound recorders and reproducers; television image and sound recorders and reproducers, parts and accessories of such articles",670259606.0,0.0,670259606.0,False
2018-03-01,2018,3,1,201803,M,imports,DEU,Germany,85,"Electrical machinery and equipment and parts thereof; sound recorders and reproducers; television image and sound recorders and reproducers, parts and accessories of such articles",33932248.0,0.0,33932248.0,False
2018-03-01,2018,3,1,201803,M,imports,JPN,Japan,85,"Electrical machinery and equipment and parts thereof; sound recorders and reproducers; television image and sound recorders and reproducers, parts and accessories of such articles",148651283.0,0.0,148651283.0,False
2018-03-01,2018,3,1,201803,M,imports,KOR,South Korea,85,"Electrical machinery and equipment and parts thereof; sound recorders and reproducers; television image and sound recorders and reproducers, parts and accessories of such articles",80813496.0,0.0,80813496.0,False
2018-03-01,2018,3,1,201803,M,imports,MYS,Malaysia,85,"Electrical machinery and equipment and parts thereof; sound recorders and reproducers; television image and sound recorders and reproducers, parts and accessories of such articles",68021888.0,0.0,68021888.0,False
2018-03-01,2018,3,1,201803,M,imports,PHL,Philippines,85,"Electrical machinery and equipment and parts thereof; sound recorders and reproducers; television image and sound recorders and reproducers, parts and accessories of such articles",25556014.0,0.0,25556014.0,False
2018-03-01,2018,3,1,201803,M,imports,SGP,Singapore,85,"Electrical machinery and equipment and parts thereof; sound recorders and reproducers; television image and sound recorders and reproducers, parts and accessories of such articles",118240348.0,0.0,118240348.0,False
2018-03-01,2018,3,1,201803,M,imports,THA,Thailand,85,"Electrical machinery and equipment and parts thereof; sound recorders and reproducers; television image and sound recorders and reproducers, parts and accessories of such articles",63902426.0,0.0,63902426.0,False
2018-03-01,2018,3,1,201803,M,imports,USA,United States,85,"Electrical machinery and equipment and parts thereof; sound recorders and reproducers; television image and sound recorders and reproducers, parts and accessories of such articles",33221908.0,0.0,33221908.0,False
2018-03-01,2018,3,1,201803,M,imports,VNM,Vietnam,85,"Electrical machinery and equipment and parts thereof; sound recorders and reproducers; television image and sound recorders and reproducers, parts and accessories of such articles",71808305.0,0.0,71808305.0,False
2018-03-01,2018,3,1,201803,M,imports,W00,World,85,"Electrical machinery and equipment and parts thereof; sound recorders and reproducers; television image and sound recorders and reproducers, parts and accessories of such articles",1511071936.0,0.0,1511071936.0,False
2018-04-01,2018,4,2,201804,X,exports,CHN,China,85,"Electrical machinery and equipment and parts thereof; sound recorders and reproducers; television image and sound recorders and reproducers, parts and accessories of such articles",25926282.86,25926282.86,0.0,False
2018-04-01,2018,4,2,201804,X,exports,DEU,Germany,85,"Electrical machinery and equipment and parts thereof; sound recorders and reproducers; television image and sound recorders and reproducers, parts and accessories of such articles",17961382.04,17961382.04,0.0,False
2018-04-01,2018,4,2,201804,X,exports,JPN,Japan,85,"Electrical machinery and equipment and parts thereof; sound recorders and reproducers; television image and sound recorders and reproducers, parts and accessories of such articles",123674613.97,123674613.97,0.0,False
2018-04-01,2018,4,2,201804,X,exports,KOR,South Korea,85,"Electrical machinery and equipment and parts thereof; sound recorders and reproducers; television image and sound recorders and reproducers, parts and accessories of such articles",31840472.65,31840472.65,0.0,False
2018-04-01,2018,4,2,201804,X,exports,MYS,Malaysia,85,"Electrical machinery and equipment and parts thereof; sound recorders and reproducers; television image and sound recorders and reproducers, parts and accessories of such articles",24451722.26,24451722.26,0.0,False
2018-04-01,2018,4,2,201804,X,exports,PHL,Philippines,85,"Electrical machinery and equipment and parts thereof; sound recorders and reproducers; television image and sound recorders and reproducers, parts and accessories of such articles",12096176.95,12096176.95,0.0,False
2018-04-01,2018,4,2,201804,X,exports,SGP,Singapore,85,"Electrical machinery and equipment and parts thereof; sound recorders and reproducers; television image and sound recorders and reproducers, parts and accessories of such articles",114842424.92,114842424.92,0.0,False
2018-04-01,2018,4,2,201804,X,exports,THA,Thailand,85,"Electrical machinery and equipment and parts thereof; sound recorders and reproducers; television image and sound recorders and reproducers, parts and accessories of such articles",39416666.69,39416666.69,0.0,False
2018-04-01,2018,4,2,201804,X,exports,USA,United States,85,"Electrical machinery and equipment and parts thereof; sound recorders and reproducers; television image and sound recorders and reproducers, parts and accessories of such articles",61216357.89,61216357.89,0.0,False
2018-04-01,2018,4,2,201804,X,exports,VNM,Vietnam,85,"Electrical machinery and equipment and parts thereof; sound recorders and reproducers; television image and sound recorders and reproducers, parts and accessories of such articles",23014224.47,23014224.47,0.0,False
2018-04-01,2018,4,2,201804,X,exports,W00,World,85,"Electrical machinery and equipment and parts thereof; sound recorders and reproducers; television image and sound recorders and reproducers, parts and accessories of such articles",679202083.93,679202083.93,0.0,False
2018-04-01,2018,4,2,201804,M,imports,CHN,China,85,"Electrical machinery and equipment and parts thereof; sound recorders and reproducers; television image and sound recorders and reproducers, parts and accessories of such articles",856313270.0,0.0,856313270.0,False
2018-04-01,2018,4,2,201804,M,imports,DEU,Germany,85,"Electrical machinery and equipment and parts thereof; sound recorders and reproducers; television image and sound recorders and reproducers, parts and accessories of such articles",50660524.0,0.0,50660524.0,False
2018-04-01,2018,4,2,201804,M,imports,JPN,Japan,85,"Electrical machinery and equipment and parts thereof; sound recorders and reproducers; television image and sound recorders and reproducers, parts and accessories of such articles",151398429.0,0.0,151398429.0,False
2018-04-01,2018,4,2,201804,M,imports,KOR,South Korea,85,"Electrical machinery and equipment and parts thereof; sound recorders and reproducers; television image and sound recorders and reproducers, parts and accessories of such articles",89022435.0,0.0,89022435.0,False
2018-04-01,2018,4,2,201804,M,imports,MYS,Malaysia,85,"Electrical machinery and equipment and parts thereof; sound recorders and reproducers; television image and sound recorders and reproducers, parts and accessories of such articles",56596627.0,0.0,56596627.0,False
2018-04-01,2018,4,2,201804,M,imports,PHL,Philippines,85,"Electrical machinery and equipment and parts thereof; sound recorders and reproducers; television image and sound recorders and reproducers, parts and accessories of such articles",24330701.0,0.0,24330701.0,False
2018-04-01,2018,4,2,201804,M,imports,SGP,Singapore,85,"Electrical machinery and equipment and parts thereof; sound recorders and reproducers; television image and sound recorders and reproducers, parts and accessories of such articles",117876564.0,0.0,117876564.0,False
2018-04-01,2018,4,2,201804,M,imports,THA,Thailand,85,"Electrical machinery and equipment and parts thereof; sound recorders and reproducers; television image and sound recorders and reproducers, parts and accessories of such articles",59898391.0,0.0,59898391.0,False
2018-04-01,2018,4,2,201804,M,imports,USA,United States,85,"Electrical machinery and equipment and parts thereof; sound recorders and reproducers; television image and sound recorders and reproducers, parts and accessories of such articles",38842262.0,0.0,38842262.0,False
2018-04-01,2018,4,2,201804,M,imports,VNM,Vietnam,85,"Electrical machinery and equipment and parts thereof; sound recorders and reproducers; television image and sound recorders and reproducers, parts and accessories of such articles",67888843.0,0.0,67888843.0,False
2018-04-01,2018,4,2,201804,M,imports,W00,World,85,"Electrical machinery and equipment and parts thereof; sound recorders and reproducers; television image and sound recorders and reproducers, parts and accessories of such articles",1832871189.0,0.0,1832871189.0,False
2018-05-01,2018,5,2,201805,X,exports,CHN,China,85,"Electrical machinery and equipment and parts thereof; sound recorders and reproducers; television image and sound recorders and reproducers, parts and accessories of such articles",26967329.96,26967329.96,0.0,False
2018-05-01,2018,5,2,201805,X,exports,DEU,Germany,85,"Electrical machinery and equipment and parts thereof; sound recorders and reproducers; television image and sound recorders and reproducers, parts and accessories of such articles",17652939.9,17652939.9,0.0,False
2018-05-01,2018,5,2,201805,X,exports,JPN,Japan,85,"Electrical machinery and equipment and parts thereof; sound recorders and reproducers; television image and sound recorders and reproducers, parts and accessories of such articles",143040726.9,143040726.9,0.0,False
2018-05-01,2018,5,2,201805,X,exports,KOR,South Korea,85,"Electrical machinery and equipment and parts thereof; sound recorders and reproducers; television image and sound recorders and reproducers, parts and accessories of such articles",35795922.6,35795922.6,0.0,False
2018-05-01,2018,5,2,201805,X,exports,MYS,Malaysia,85,"Electrical machinery and equipment and parts thereof; sound recorders and reproducers; television image and sound recorders and reproducers, parts and accessories of such articles",31156637.94,31156637.94,0.0,False
2018-05-01,2018,5,2,201805,X,exports,PHL,Philippines,85,"Electrical machinery and equipment and parts thereof; sound recorders and reproducers; television image and sound recorders and reproducers, parts and accessories of such articles",15128036.0,15128036.0,0.0,False
2018-05-01,2018,5,2,201805,X,exports,SGP,Singapore,85,"Electrical machinery and equipment and parts thereof; sound recorders and reproducers; television image and sound recorders and reproducers, parts and accessories of such articles",130749043.36,130749043.36,0.0,False
2018-05-01,2018,5,2,201805,X,exports,THA,Thailand,85,"Electrical machinery and equipment and parts thereof; sound recorders and reproducers; television image and sound recorders and reproducers, parts and accessories of such articles",45401138.93,45401138.93,0.0,False
2018-05-01,2018,5,2,201805,X,exports,USA,United States,85,"Electrical machinery and equipment and parts thereof; sound recorders and reproducers; television image and sound recorders and reproducers, parts and accessories of such articles",79253122.68,79253122.68,0.0,False
2018-05-01,2018,5,2,201805,X,exports,VNM,Vietnam,85,"Electrical machinery and equipment and parts thereof; sound recorders and reproducers; television image and sound recorders and reproducers, parts and accessories of such articles",27098387.62,27098387.62,0.0,False
2018-05-01,2018,5,2,201805,X,exports,W00,World,85,"Electrical machinery and equipment and parts thereof; sound recorders and reproducers; television image and sound recorders and reproducers, parts and accessories of such articles",790756246.87,790756246.87,0.0,False
2018-05-01,2018,5,2,201805,M,imports,CHN,China,85,"Electrical machinery and equipment and parts thereof; sound recorders and reproducers; television image and sound recorders and reproducers, parts and accessories of such articles",960259692.0,0.0,960259692.0,False
2018-05-01,2018,5,2,201805,M,imports,DEU,Germany,85,"Electrical machinery and equipment and parts thereof; sound recorders and reproducers; television image and sound recorders and reproducers, parts and accessories of such articles",62488695.0,0.0,62488695.0,False
2018-05-01,2018,5,2,201805,M,imports,JPN,Japan,85,"Electrical machinery and equipment and parts thereof; sound recorders and reproducers; television image and sound recorders and reproducers, parts and accessories of such articles",166858223.0,0.0,166858223.0,False
2018-05-01,2018,5,2,201805,M,imports,KOR,South Korea,85,"Electrical machinery and equipment and parts thereof; sound recorders and reproducers; television image and sound recorders and reproducers, parts and accessories of such articles",96653225.0,0.0,96653225.0,False
2018-05-01,2018,5,2,201805,M,imports,MYS,Malaysia,85,"Electrical machinery and equipment and parts thereof; sound recorders and reproducers; television image and sound recorders and reproducers, parts and accessories of such articles",54131704.0,0.0,54131704.0,False
2018-05-01,2018,5,2,201805,M,imports,PHL,Philippines,85,"Electrical machinery and equipment and parts thereof; sound recorders and reproducers; television image and sound recorders and reproducers, parts and accessories of such articles",26169725.0,0.0,26169725.0,False
2018-05-01,2018,5,2,201805,M,imports,SGP,Singapore,85,"Electrical machinery and equipment and parts thereof; sound recorders and reproducers; television image and sound recorders and reproducers, parts and accessories of such articles",121295373.0,0.0,121295373.0,False
2018-05-01,2018,5,2,201805,M,imports,THA,Thailand,85,"Electrical machinery and equipment and parts thereof; sound recorders and reproducers; television image and sound recorders and reproducers, parts and accessories of such articles",69353058.0,0.0,69353058.0,False
2018-05-01,2018,5,2,201805,M,imports,USA,United States,85,"Electrical machinery and equipment and parts thereof; sound recorders and reproducers; television image and sound recorders and reproducers, parts and accessories of such articles",31330961.0,0.0,31330961.0,False
2018-05-01,2018,5,2,201805,M,imports,VNM,Vietnam,85,"Electrical machinery and equipment and parts thereof; sound recorders and reproducers; television image and sound recorders and reproducers, parts and accessories of such articles",79852248.0,0.0,79852248.0,False
2018-05-01,2018,5,2,201805,M,imports,W00,World,85,"Electrical machinery and equipment and parts thereof; sound recorders and reproducers; television image and sound recorders and reproducers, parts and accessories of such articles",1969795748.0,0.0,1969795748.0,False
2018-06-01,2018,6,2,201806,X,exports,CHN,China,85,"Electrical machinery and equipment and parts thereof; sound recorders and reproducers; television image and sound recorders and reproducers, parts and accessories of such articles",21300450.16,21300450.16,0.0,False
2018-06-01,2018,6,2,201806,X,exports,DEU,Germany,85,"Electrical machinery and equipment and parts thereof; sound recorders and reproducers; television image and sound recorders and reproducers, parts and accessories of such articles",11855112.17,11855112.17,0.0,False
2018-06-01,2018,6,2,201806,X,exports,JPN,Japan,85,"Electrical machinery and equipment and parts thereof; sound recorders and reproducers; television image and sound recorders and reproducers, parts and accessories of such articles",94348233.61,94348233.61,0.0,False
2018-06-01,2018,6,2,201806,X,exports,KOR,South Korea,85,"Electrical machinery and equipment and parts thereof; sound recorders and reproducers; television image and sound recorders and reproducers, parts and accessories of such articles",20695342.0,20695342.0,0.0,False
2018-06-01,2018,6,2,201806,X,exports,MYS,Malaysia,85,"Electrical machinery and equipment and parts thereof; sound recorders and reproducers; television image and sound recorders and reproducers, parts and accessories of such articles",22618302.88,22618302.88,0.0,False
2018-06-01,2018,6,2,201806,X,exports,PHL,Philippines,85,"Electrical machinery and equipment and parts thereof; sound recorders and reproducers; television image and sound recorders and reproducers, parts and accessories of such articles",10166221.59,10166221.59,0.0,False
2018-06-01,2018,6,2,201806,X,exports,SGP,Singapore,85,"Electrical machinery and equipment and parts thereof; sound recorders and reproducers; television image and sound recorders and reproducers, parts and accessories of such articles",118360232.83,118360232.83,0.0,False
2018-06-01,2018,6,2,201806,X,exports,THA,Thailand,85,"Electrical machinery and equipment and parts thereof; sound recorders and reproducers; television image and sound recorders and reproducers, parts and accessories of such articles",31824024.78,31824024.78,0.0,False
2018-06-01,2018,6,2,201806,X,exports,USA,United States,85,"Electrical machinery and equipment and parts thereof; sound recorders and reproducers; television image and sound recorders and reproducers, parts and accessories of such articles",58234612.26,58234612.26,0.0,False
2018-06-01,2018,6,2,201806,X,exports,VNM,Vietnam,85,"Electrical machinery and equipment and parts thereof; sound recorders and reproducers; television image and sound recorders and reproducers, parts and accessories of such articles",20759021.59,20759021.59,0.0,False
2018-06-01,2018,6,2,201806,X,exports,W00,World,85,"Electrical machinery and equipment and parts thereof; sound recorders and reproducers; television image and sound recorders and reproducers, parts and accessories of such articles",583293416.81,583293416.81,0.0,False
2018-06-01,2018,6,2,201806,M,imports,CHN,China,85,"Electrical machinery and equipment and parts thereof; sound recorders and reproducers; television image and sound recorders and reproducers, parts and accessories of such articles",536979468.0,0.0,536979468.0,False
2018-06-01,2018,6,2,201806,M,imports,DEU,Germany,85,"Electrical machinery and equipment and parts thereof; sound recorders and reproducers; television image and sound recorders and reproducers, parts and accessories of such articles",51403066.0,0.0,51403066.0,False
2018-06-01,2018,6,2,201806,M,imports,JPN,Japan,85,"Electrical machinery and equipment and parts thereof; sound recorders and reproducers; television image and sound recorders and reproducers, parts and accessories of such articles",105513990.0,0.0,105513990.0,False
2018-06-01,2018,6,2,201806,M,imports,KOR,South Korea,85,"Electrical machinery and equipment and parts thereof; sound recorders and reproducers; television image and sound recorders and reproducers, parts and accessories of such articles",81041661.0,0.0,81041661.0,False
2018-06-01,2018,6,2,201806,M,imports,MYS,Malaysia,85,"Electrical machinery and equipment and parts thereof; sound recorders and reproducers; television image and sound recorders and reproducers, parts and accessories of such articles",56222608.0,0.0,56222608.0,False
2018-06-01,2018,6,2,201806,M,imports,PHL,Philippines,85,"Electrical machinery and equipment and parts thereof; sound recorders and reproducers; television image and sound recorders and reproducers, parts and accessories of such articles",22024679.0,0.0,22024679.0,False
2018-06-01,2018,6,2,201806,M,imports,SGP,Singapore,85,"Electrical machinery and equipment and parts thereof; sound recorders and reproducers; television image and sound recorders and reproducers, parts and accessories of such articles",128172694.0,0.0,128172694.0,False
2018-06-01,2018,6,2,201806,M,imports,THA,Thailand,85,"Electrical machinery and equipment and parts thereof; sound recorders and reproducers; television image and sound recorders and reproducers, parts and accessories of such articles",45033319.0,0.0,45033319.0,False
2018-06-01,2018,6,2,201806,M,imports,USA,United States,85,"Electrical machinery and equipment and parts thereof; sound recorders and reproducers; television image and sound recorders and reproducers, parts and accessories of such articles",25759309.0,0.0,25759309.0,False
2018-06-01,2018,6,2,201806,M,imports,VNM,Vietnam,85,"Electrical machinery and equipment and parts thereof; sound recorders and reproducers; television image and sound recorders and reproducers, parts and accessories of such articles",52472629.0,0.0,52472629.0,False
2018-06-01,2018,6,2,201806,M,imports,W00,World,85,"Electrical machinery and equipment and parts thereof; sound recorders and reproducers; television image and sound recorders and reproducers, parts and accessories of such articles",1271629993.0,0.0,1271629993.0,False
2018-07-01,2018,7,3,201807,X,exports,CHN,China,85,"Electrical machinery and equipment and parts thereof; sound recorders and reproducers; television image and sound recorders and reproducers, parts and accessories of such articles",28143877.85,28143877.85,0.0,False
2018-07-01,2018,7,3,201807,X,exports,DEU,Germany,85,"Electrical machinery and equipment and parts thereof; sound recorders and reproducers; television image and sound recorders and reproducers, parts and accessories of such articles",18581147.86,18581147.86,0.0,False
2018-07-01,2018,7,3,201807,X,exports,JPN,Japan,85,"Electrical machinery and equipment and parts thereof; sound recorders and reproducers; television image and sound recorders and reproducers, parts and accessories of such articles",135789631.4,135789631.4,0.0,False
2018-07-01,2018,7,3,201807,X,exports,KOR,South Korea,85,"Electrical machinery and equipment and parts thereof; sound recorders and reproducers; television image and sound recorders and reproducers, parts and accessories of such articles",21160573.56,21160573.56,0.0,False
2018-07-01,2018,7,3,201807,X,exports,MYS,Malaysia,85,"Electrical machinery and equipment and parts thereof; sound recorders and reproducers; television image and sound recorders and reproducers, parts and accessories of such articles",34745479.62,34745479.62,0.0,False
2018-07-01,2018,7,3,201807,X,exports,PHL,Philippines,85,"Electrical machinery and equipment and parts thereof; sound recorders and reproducers; television image and sound recorders and reproducers, parts and accessories of such articles",15409041.92,15409041.92,0.0,False
2018-07-01,2018,7,3,201807,X,exports,SGP,Singapore,85,"Electrical machinery and equipment and parts thereof; sound recorders and reproducers; television image and sound recorders and reproducers, parts and accessories of such articles",171454988.61,171454988.61,0.0,False
2018-07-01,2018,7,3,201807,X,exports,THA,Thailand,85,"Electrical machinery and equipment and parts thereof; sound recorders and reproducers; television image and sound recorders and reproducers, parts and accessories of such articles",39163608.76,39163608.76,0.0,False
2018-07-01,2018,7,3,201807,X,exports,USA,United States,85,"Electrical machinery and equipment and parts thereof; sound recorders and reproducers; television image and sound recorders and reproducers, parts and accessories of such articles",77213071.05,77213071.05,0.0,False
2018-07-01,2018,7,3,201807,X,exports,VNM,Vietnam,85,"Electrical machinery and equipment and parts thereof; sound recorders and reproducers; television image and sound recorders and reproducers, parts and accessories of such articles",29698758.5,29698758.5,0.0,False
2018-07-01,2018,7,3,201807,X,exports,W00,World,85,"Electrical machinery and equipment and parts thereof; sound recorders and reproducers; television image and sound recorders and reproducers, parts and accessories of such articles",814068847.15,814068847.15,0.0,False
2018-07-01,2018,7,3,201807,M,imports,CHN,China,85,"Electrical machinery and equipment and parts thereof; sound recorders and reproducers; television image and sound recorders and reproducers, parts and accessories of such articles",835189503.0,0.0,835189503.0,False
2018-07-01,2018,7,3,201807,M,imports,DEU,Germany,85,"Electrical machinery and equipment and parts thereof; sound recorders and reproducers; television image and sound recorders and reproducers, parts and accessories of such articles",55981686.0,0.0,55981686.0,False
2018-07-01,2018,7,3,201807,M,imports,JPN,Japan,85,"Electrical machinery and equipment and parts thereof; sound recorders and reproducers; television image and sound recorders and reproducers, parts and accessories of such articles",181354149.0,0.0,181354149.0,False
2018-07-01,2018,7,3,201807,M,imports,KOR,South Korea,85,"Electrical machinery and equipment and parts thereof; sound recorders and reproducers; television image and sound recorders and reproducers, parts and accessories of such articles",72757199.0,0.0,72757199.0,False
2018-07-01,2018,7,3,201807,M,imports,MYS,Malaysia,85,"Electrical machinery and equipment and parts thereof; sound recorders and reproducers; television image and sound recorders and reproducers, parts and accessories of such articles",138780174.0,0.0,138780174.0,False
2018-07-01,2018,7,3,201807,M,imports,PHL,Philippines,85,"Electrical machinery and equipment and parts thereof; sound recorders and reproducers; television image and sound recorders and reproducers, parts and accessories of such articles",30957942.0,0.0,30957942.0,False
2018-07-01,2018,7,3,201807,M,imports,SGP,Singapore,85,"Electrical machinery and equipment and parts thereof; sound recorders and reproducers; television image and sound recorders and reproducers, parts and accessories of such articles",199165729.0,0.0,199165729.0,False
2018-07-01,2018,7,3,201807,M,imports,THA,Thailand,85,"Electrical machinery and equipment and parts thereof; sound recorders and reproducers; television image and sound recorders and reproducers, parts and accessories of such articles",73080949.0,0.0,73080949.0,False
2018-07-01,2018,7,3,201807,M,imports,USA,United States,85,"Electrical machinery and equipment and parts thereof; sound recorders and reproducers; television image and sound recorders and reproducers, parts and accessories of such articles",32108973.0,0.0,32108973.0,False
2018-07-01,2018,7,3,201807,M,imports,VNM,Vietnam,85,"Electrical machinery and equipment and parts thereof; sound recorders and reproducers; television image and sound recorders and reproducers, parts and accessories of such articles",85608254.0,0.0,85608254.0,False
2018-07-01,2018,7,3,201807,M,imports,W00,World,85,"Electrical machinery and equipment and parts thereof; sound recorders and reproducers; television image and sound recorders and reproducers, parts and accessories of such articles",2026076465.0,0.0,2026076465.0,False
2018-08-01,2018,8,3,201808,X,exports,CHN,China,85,"Electrical machinery and equipment and parts thereof; sound recorders and reproducers; television image and sound recorders and reproducers, parts and accessories of such articles",26272412.39,26272412.39,0.0,False
2018-08-01,2018,8,3,201808,X,exports,DEU,Germany,85,"Electrical machinery and equipment and parts thereof; sound recorders and reproducers; television image and sound recorders and reproducers, parts and accessories of such articles",16620441.54,16620441.54,0.0,False
2018-08-01,2018,8,3,201808,X,exports,JPN,Japan,85,"Electrical machinery and equipment and parts thereof; sound recorders and reproducers; television image and sound recorders and reproducers, parts and accessories of such articles",129699784.92,129699784.92,0.0,False
2018-08-01,2018,8,3,201808,X,exports,KOR,South Korea,85,"Electrical machinery and equipment and parts thereof; sound recorders and reproducers; television image and sound recorders and reproducers, parts and accessories of such articles",22628832.42,22628832.42,0.0,False
2018-08-01,2018,8,3,201808,X,exports,MYS,Malaysia,85,"Electrical machinery and equipment and parts thereof; sound recorders and reproducers; television image and sound recorders and reproducers, parts and accessories of such articles",37700340.13,37700340.13,0.0,False
2018-08-01,2018,8,3,201808,X,exports,PHL,Philippines,85,"Electrical machinery and equipment and parts thereof; sound recorders and reproducers; television image and sound recorders and reproducers, parts and accessories of such articles",13630569.86,13630569.86,0.0,False
2018-08-01,2018,8,3,201808,X,exports,SGP,Singapore,85,"Electrical machinery and equipment and parts thereof; sound recorders and reproducers; television image and sound recorders and reproducers, parts and accessories of such articles",189195662.85,189195662.85,0.0,False
2018-08-01,2018,8,3,201808,X,exports,THA,Thailand,85,"Electrical machinery and equipment and parts thereof; sound recorders and reproducers; television image and sound recorders and reproducers, parts and accessories of such articles",42723533.47,42723533.47,0.0,False
2018-08-01,2018,8,3,201808,X,exports,USA,United States,85,"Electrical machinery and equipment and parts thereof; sound recorders and reproducers; television image and sound recorders and reproducers, parts and accessories of such articles",79302599.43,79302599.43,0.0,False
2018-08-01,2018,8,3,201808,X,exports,VNM,Vietnam,85,"Electrical machinery and equipment and parts thereof; sound recorders and reproducers; television image and sound recorders and reproducers, parts and accessories of such articles",40018709.71,40018709.71,0.0,False
2018-08-01,2018,8,3,201808,X,exports,W00,World,85,"Electrical machinery and equipment and parts thereof; sound recorders and reproducers; television image and sound recorders and reproducers, parts and accessories of such articles",855376980.72,855376980.72,0.0,False
2018-08-01,2018,8,3,201808,M,imports,CHN,China,85,"Electrical machinery and equipment and parts thereof; sound recorders and reproducers; television image and sound recorders and reproducers, parts and accessories of such articles",868930331.0,0.0,868930331.0,False
2018-08-01,2018,8,3,201808,M,imports,DEU,Germany,85,"Electrical machinery and equipment and parts thereof; sound recorders and reproducers; television image and sound recorders and reproducers, parts and accessories of such articles",98271975.0,0.0,98271975.0,False
2018-08-01,2018,8,3,201808,M,imports,JPN,Japan,85,"Electrical machinery and equipment and parts thereof; sound recorders and reproducers; television image and sound recorders and reproducers, parts and accessories of such articles",153271565.0,0.0,153271565.0,False
2018-08-01,2018,8,3,201808,M,imports,KOR,South Korea,85,"Electrical machinery and equipment and parts thereof; sound recorders and reproducers; television image and sound recorders and reproducers, parts and accessories of such articles",98977749.0,0.0,98977749.0,False
2018-08-01,2018,8,3,201808,M,imports,MYS,Malaysia,85,"Electrical machinery and equipment and parts thereof; sound recorders and reproducers; television image and sound recorders and reproducers, parts and accessories of such articles",82840827.0,0.0,82840827.0,False
2018-08-01,2018,8,3,201808,M,imports,PHL,Philippines,85,"Electrical machinery and equipment and parts thereof; sound recorders and reproducers; television image and sound recorders and reproducers, parts and accessories of such articles",22550484.0,0.0,22550484.0,False
2018-08-01,2018,8,3,201808,M,imports,SGP,Singapore,85,"Electrical machinery and equipment and parts thereof; sound recorders and reproducers; television image and sound recorders and reproducers, parts and accessories of such articles",162408599.0,0.0,162408599.0,False
2018-08-01,2018,8,3,201808,M,imports,THA,Thailand,85,"Electrical machinery and equipment and parts thereof; sound recorders and reproducers; television image and sound recorders and reproducers, parts and accessories of such articles",66895136.0,0.0,66895136.0,False
2018-08-01,2018,8,3,201808,M,imports,USA,United States,85,"Electrical machinery and equipment and parts thereof; sound recorders and reproducers; television image and sound recorders and reproducers, parts and accessories of such articles",27299790.0,0.0,27299790.0,False
2018-08-01,2018,8,3,201808,M,imports,VNM,Vietnam,85,"Electrical machinery and equipment and parts thereof; sound recorders and reproducers; television image and sound recorders and reproducers, parts and accessories of such articles",88446108.0,0.0,88446108.0,False
2018-08-01,2018,8,3,201808,M,imports,W00,World,85,"Electrical machinery and equipment and parts thereof; sound recorders and reproducers; television image and sound recorders and reproducers, parts and accessories of such articles",1963250965.0,0.0,1963250965.0,False
2018-09-01,2018,9,3,201809,X,exports,CHN,China,85,"Electrical machinery and equipment and parts thereof; sound recorders and reproducers; television image and sound recorders and reproducers, parts and accessories of such articles",22393374.53,22393374.53,0.0,False
2018-09-01,2018,9,3,201809,X,exports,DEU,Germany,85,"Electrical machinery and equipment and parts thereof; sound recorders and reproducers; television image and sound recorders and reproducers, parts and accessories of such articles",15229091.88,15229091.88,0.0,False
2018-09-01,2018,9,3,201809,X,exports,JPN,Japan,85,"Electrical machinery and equipment and parts thereof; sound recorders and reproducers; television image and sound recorders and reproducers, parts and accessories of such articles",125814466.24,125814466.24,0.0,False
2018-09-01,2018,9,3,201809,X,exports,KOR,South Korea,85,"Electrical machinery and equipment and parts thereof; sound recorders and reproducers; television image and sound recorders and reproducers, parts and accessories of such articles",19301524.86,19301524.86,0.0,False
2018-09-01,2018,9,3,201809,X,exports,MYS,Malaysia,85,"Electrical machinery and equipment and parts thereof; sound recorders and reproducers; television image and sound recorders and reproducers, parts and accessories of such articles",29866981.61,29866981.61,0.0,False
2018-09-01,2018,9,3,201809,X,exports,PHL,Philippines,85,"Electrical machinery and equipment and parts thereof; sound recorders and reproducers; television image and sound recorders and reproducers, parts and accessories of such articles",14708132.52,14708132.52,0.0,False
2018-09-01,2018,9,3,201809,X,exports,SGP,Singapore,85,"Electrical machinery and equipment and parts thereof; sound recorders and reproducers; television image and sound recorders and reproducers, parts and accessories of such articles",155470472.46,155470472.46,0.0,False
2018-09-01,2018,9,3,201809,X,exports,THA,Thailand,85,"Electrical machinery and equipment and parts thereof; sound recorders and reproducers; television image and sound recorders and reproducers, parts and accessories of such articles",34488512.78,34488512.78,0.0,False
2018-09-01,2018,9,3,201809,X,exports,USA,United States,85,"Electrical machinery and equipment and parts thereof; sound recorders and reproducers; television image and sound recorders and reproducers, parts and accessories of such articles",73052137.31,73052137.31,0.0,False
2018-09-01,2018,9,3,201809,X,exports,VNM,Vietnam,85,"Electrical machinery and equipment and parts thereof; sound recorders and reproducers; television image and sound recorders and reproducers, parts and accessories of such articles",33124091.3,33124091.3,0.0,False
2018-09-01,2018,9,3,201809,X,exports,W00,World,85,"Electrical machinery and equipment and parts thereof; sound recorders and reproducers; television image and sound recorders and reproducers, parts and accessories of such articles",769341578.92,769341578.92,0.0,False
2018-09-01,2018,9,3,201809,M,imports,CHN,China,85,"Electrical machinery and equipment and parts thereof; sound recorders and reproducers; television image and sound recorders and reproducers, parts and accessories of such articles",838451774.0,0.0,838451774.0,False
2018-09-01,2018,9,3,201809,M,imports,DEU,Germany,85,"Electrical machinery and equipment and parts thereof; sound recorders and reproducers; television image and sound recorders and reproducers, parts and accessories of such articles",38192195.0,0.0,38192195.0,False
2018-09-01,2018,9,3,201809,M,imports,JPN,Japan,85,"Electrical machinery and equipment and parts thereof; sound recorders and reproducers; television image and sound recorders and reproducers, parts and accessories of such articles",124387434.0,0.0,124387434.0,False
2018-09-01,2018,9,3,201809,M,imports,KOR,South Korea,85,"Electrical machinery and equipment and parts thereof; sound recorders and reproducers; television image and sound recorders and reproducers, parts and accessories of such articles",93787744.0,0.0,93787744.0,False
2018-09-01,2018,9,3,201809,M,imports,MYS,Malaysia,85,"Electrical machinery and equipment and parts thereof; sound recorders and reproducers; television image and sound recorders and reproducers, parts and accessories of such articles",41068577.0,0.0,41068577.0,False
2018-09-01,2018,9,3,201809,M,imports,PHL,Philippines,85,"Electrical machinery and equipment and parts thereof; sound recorders and reproducers; television image and sound recorders and reproducers, parts and accessories of such articles",20809204.0,0.0,20809204.0,False
2018-09-01,2018,9,3,201809,M,imports,SGP,Singapore,85,"Electrical machinery and equipment and parts thereof; sound recorders and reproducers; television image and sound recorders and reproducers, parts and accessories of such articles",125541273.0,0.0,125541273.0,False
2018-09-01,2018,9,3,201809,M,imports,THA,Thailand,85,"Electrical machinery and equipment and parts thereof; sound recorders and reproducers; television image and sound recorders and reproducers, parts and accessories of such articles",67594677.0,0.0,67594677.0,False
2018-09-01,2018,9,3,201809,M,imports,USA,United States,85,"Electrical machinery and equipment and parts thereof; sound recorders and reproducers; television image and sound recorders and reproducers, parts and accessories of such articles",31601064.0,0.0,31601064.0,False
2018-09-01,2018,9,3,201809,M,imports,VNM,Vietnam,85,"Electrical machinery and equipment and parts thereof; sound recorders and reproducers; television image and sound recorders and reproducers, parts and accessories of such articles",69904140.0,0.0,69904140.0,False
2018-09-01,2018,9,3,201809,M,imports,W00,World,85,"Electrical machinery and equipment and parts thereof; sound recorders and reproducers; television image and sound recorders and reproducers, parts and accessories of such articles",1696561876.0,0.0,1696561876.0,False
2018-10-01,2018,10,4,201810,X,exports,CHN,China,85,"Electrical machinery and equipment and parts thereof; sound recorders and reproducers; television image and sound recorders and reproducers, parts and accessories of such articles",25479153.31,25479153.31,0.0,False
2018-10-01,2018,10,4,201810,X,exports,DEU,Germany,85,"Electrical machinery and equipment and parts thereof; sound recorders and reproducers; television image and sound recorders and reproducers, parts and accessories of such articles",13859482.34,13859482.34,0.0,False
2018-10-01,2018,10,4,201810,X,exports,JPN,Japan,85,"Electrical machinery and equipment and parts thereof; sound recorders and reproducers; television image and sound recorders and reproducers, parts and accessories of such articles",136669396.67,136669396.67,0.0,False
2018-10-01,2018,10,4,201810,X,exports,KOR,South Korea,85,"Electrical machinery and equipment and parts thereof; sound recorders and reproducers; television image and sound recorders and reproducers, parts and accessories of such articles",18002455.54,18002455.54,0.0,False
2018-10-01,2018,10,4,201810,X,exports,MYS,Malaysia,85,"Electrical machinery and equipment and parts thereof; sound recorders and reproducers; television image and sound recorders and reproducers, parts and accessories of such articles",37183808.09,37183808.09,0.0,False
2018-10-01,2018,10,4,201810,X,exports,PHL,Philippines,85,"Electrical machinery and equipment and parts thereof; sound recorders and reproducers; television image and sound recorders and reproducers, parts and accessories of such articles",20685167.12,20685167.12,0.0,False
2018-10-01,2018,10,4,201810,X,exports,SGP,Singapore,85,"Electrical machinery and equipment and parts thereof; sound recorders and reproducers; television image and sound recorders and reproducers, parts and accessories of such articles",166868483.61,166868483.61,0.0,False
2018-10-01,2018,10,4,201810,X,exports,THA,Thailand,85,"Electrical machinery and equipment and parts thereof; sound recorders and reproducers; television image and sound recorders and reproducers, parts and accessories of such articles",35783099.46,35783099.46,0.0,False
2018-10-01,2018,10,4,201810,X,exports,USA,United States,85,"Electrical machinery and equipment and parts thereof; sound recorders and reproducers; television image and sound recorders and reproducers, parts and accessories of such articles",65568777.36,65568777.36,0.0,False
2018-10-01,2018,10,4,201810,X,exports,VNM,Vietnam,85,"Electrical machinery and equipment and parts thereof; sound recorders and reproducers; television image and sound recorders and reproducers, parts and accessories of such articles",34675253.74,34675253.74,0.0,False
2018-10-01,2018,10,4,201810,X,exports,W00,World,85,"Electrical machinery and equipment and parts thereof; sound recorders and reproducers; television image and sound recorders and reproducers, parts and accessories of such articles",787888111.41,787888111.41,0.0,False
2018-10-01,2018,10,4,201810,M,imports,CHN,China,85,"Electrical machinery and equipment and parts thereof; sound recorders and reproducers; television image and sound recorders and reproducers, parts and accessories of such articles",970273630.0,0.0,970273630.0,False
2018-10-01,2018,10,4,201810,M,imports,DEU,Germany,85,"Electrical machinery and equipment and parts thereof; sound recorders and reproducers; television image and sound recorders and reproducers, parts and accessories of such articles",46491427.0,0.0,46491427.0,False
2018-10-01,2018,10,4,201810,M,imports,JPN,Japan,85,"Electrical machinery and equipment and parts thereof; sound recorders and reproducers; television image and sound recorders and reproducers, parts and accessories of such articles",172044169.0,0.0,172044169.0,False
2018-10-01,2018,10,4,201810,M,imports,KOR,South Korea,85,"Electrical machinery and equipment and parts thereof; sound recorders and reproducers; television image and sound recorders and reproducers, parts and accessories of such articles",92261023.0,0.0,92261023.0,False
2018-10-01,2018,10,4,201810,M,imports,MYS,Malaysia,85,"Electrical machinery and equipment and parts thereof; sound recorders and reproducers; television image and sound recorders and reproducers, parts and accessories of such articles",60120132.0,0.0,60120132.0,False
2018-10-01,2018,10,4,201810,M,imports,PHL,Philippines,85,"Electrical machinery and equipment and parts thereof; sound recorders and reproducers; television image and sound recorders and reproducers, parts and accessories of such articles",23623652.0,0.0,23623652.0,False
2018-10-01,2018,10,4,201810,M,imports,SGP,Singapore,85,"Electrical machinery and equipment and parts thereof; sound recorders and reproducers; television image and sound recorders and reproducers, parts and accessories of such articles",118180032.0,0.0,118180032.0,False
2018-10-01,2018,10,4,201810,M,imports,THA,Thailand,85,"Electrical machinery and equipment and parts thereof; sound recorders and reproducers; television image and sound recorders and reproducers, parts and accessories of such articles",71627258.0,0.0,71627258.0,False
2018-10-01,2018,10,4,201810,M,imports,USA,United States,85,"Electrical machinery and equipment and parts thereof; sound recorders and reproducers; television image and sound recorders and reproducers, parts and accessories of such articles",33845604.0,0.0,33845604.0,False
2018-10-01,2018,10,4,201810,M,imports,VNM,Vietnam,85,"Electrical machinery and equipment and parts thereof; sound recorders and reproducers; television image and sound recorders and reproducers, parts and accessories of such articles",82682282.0,0.0,82682282.0,False
2018-10-01,2018,10,4,201810,M,imports,W00,World,85,"Electrical machinery and equipment and parts thereof; sound recorders and reproducers; television image and sound recorders and reproducers, parts and accessories of such articles",2003652423.0,0.0,2003652423.0,False
2018-11-01,2018,11,4,201811,X,exports,CHN,China,85,"Electrical machinery and equipment and parts thereof; sound recorders and reproducers; television image and sound recorders and reproducers, parts and accessories of such articles",20634520.87,20634520.87,0.0,False
2018-11-01,2018,11,4,201811,X,exports,DEU,Germany,85,"Electrical machinery and equipment and parts thereof; sound recorders and reproducers; television image and sound recorders and reproducers, parts and accessories of such articles",10031737.01,10031737.01,0.0,False
2018-11-01,2018,11,4,201811,X,exports,JPN,Japan,85,"Electrical machinery and equipment and parts thereof; sound recorders and reproducers; television image and sound recorders and reproducers, parts and accessories of such articles",135259638.49,135259638.49,0.0,False
2018-11-01,2018,11,4,201811,X,exports,KOR,South Korea,85,"Electrical machinery and equipment and parts thereof; sound recorders and reproducers; television image and sound recorders and reproducers, parts and accessories of such articles",22113697.76,22113697.76,0.0,False
2018-11-01,2018,11,4,201811,X,exports,MYS,Malaysia,85,"Electrical machinery and equipment and parts thereof; sound recorders and reproducers; television image and sound recorders and reproducers, parts and accessories of such articles",37690390.18,37690390.18,0.0,False
2018-11-01,2018,11,4,201811,X,exports,PHL,Philippines,85,"Electrical machinery and equipment and parts thereof; sound recorders and reproducers; television image and sound recorders and reproducers, parts and accessories of such articles",18465088.97,18465088.97,0.0,False
2018-11-01,2018,11,4,201811,X,exports,SGP,Singapore,85,"Electrical machinery and equipment and parts thereof; sound recorders and reproducers; television image and sound recorders and reproducers, parts and accessories of such articles",148198951.05,148198951.05,0.0,False
2018-11-01,2018,11,4,201811,X,exports,THA,Thailand,85,"Electrical machinery and equipment and parts thereof; sound recorders and reproducers; television image and sound recorders and reproducers, parts and accessories of such articles",36009528.11,36009528.11,0.0,False
2018-11-01,2018,11,4,201811,X,exports,USA,United States,85,"Electrical machinery and equipment and parts thereof; sound recorders and reproducers; television image and sound recorders and reproducers, parts and accessories of such articles",64124435.4,64124435.4,0.0,False
2018-11-01,2018,11,4,201811,X,exports,VNM,Vietnam,85,"Electrical machinery and equipment and parts thereof; sound recorders and reproducers; television image and sound recorders and reproducers, parts and accessories of such articles",45207677.04,45207677.04,0.0,False
2018-11-01,2018,11,4,201811,X,exports,W00,World,85,"Electrical machinery and equipment and parts thereof; sound recorders and reproducers; television image and sound recorders and reproducers, parts and accessories of such articles",739383646.74,739383646.74,0.0,False
2018-11-01,2018,11,4,201811,M,imports,CHN,China,85,"Electrical machinery and equipment and parts thereof; sound recorders and reproducers; television image and sound recorders and reproducers, parts and accessories of such articles",906563803.0,0.0,906563803.0,False
2018-11-01,2018,11,4,201811,M,imports,DEU,Germany,85,"Electrical machinery and equipment and parts thereof; sound recorders and reproducers; television image and sound recorders and reproducers, parts and accessories of such articles",29397699.0,0.0,29397699.0,False
2018-11-01,2018,11,4,201811,M,imports,JPN,Japan,85,"Electrical machinery and equipment and parts thereof; sound recorders and reproducers; television image and sound recorders and reproducers, parts and accessories of such articles",132807969.0,0.0,132807969.0,False
2018-11-01,2018,11,4,201811,M,imports,KOR,South Korea,85,"Electrical machinery and equipment and parts thereof; sound recorders and reproducers; television image and sound recorders and reproducers, parts and accessories of such articles",94662189.0,0.0,94662189.0,False
2018-11-01,2018,11,4,201811,M,imports,MYS,Malaysia,85,"Electrical machinery and equipment and parts thereof; sound recorders and reproducers; television image and sound recorders and reproducers, parts and accessories of such articles",48416635.0,0.0,48416635.0,False
2018-11-01,2018,11,4,201811,M,imports,PHL,Philippines,85,"Electrical machinery and equipment and parts thereof; sound recorders and reproducers; television image and sound recorders and reproducers, parts and accessories of such articles",21589890.0,0.0,21589890.0,False
2018-11-01,2018,11,4,201811,M,imports,SGP,Singapore,85,"Electrical machinery and equipment and parts thereof; sound recorders and reproducers; television image and sound recorders and reproducers, parts and accessories of such articles",110961179.0,0.0,110961179.0,False
2018-11-01,2018,11,4,201811,M,imports,THA,Thailand,85,"Electrical machinery and equipment and parts thereof; sound recorders and reproducers; television image and sound recorders and reproducers, parts and accessories of such articles",65347734.0,0.0,65347734.0,False
2018-11-01,2018,11,4,201811,M,imports,USA,United States,85,"Electrical machinery and equipment and parts thereof; sound recorders and reproducers; television image and sound recorders and reproducers, parts and accessories of such articles",34012118.0,0.0,34012118.0,False
2018-11-01,2018,11,4,201811,M,imports,VNM,Vietnam,85,"Electrical machinery and equipment and parts thereof; sound recorders and reproducers; television image and sound recorders and reproducers, parts and accessories of such articles",67919654.0,0.0,67919654.0,False
2018-11-01,2018,11,4,201811,M,imports,W00,World,85,"Electrical machinery and equipment and parts thereof; sound recorders and reproducers; television image and sound recorders and reproducers, parts and accessories of such articles",1803658905.0,0.0,1803658905.0,False
2018-12-01,2018,12,4,201812,X,exports,CHN,China,85,"Electrical machinery and equipment and parts thereof; sound recorders and reproducers; television image and sound recorders and reproducers, parts and accessories of such articles",22879560.94,22879560.94,0.0,False
2018-12-01,2018,12,4,201812,X,exports,DEU,Germany,85,"Electrical machinery and equipment and parts thereof; sound recorders and reproducers; television image and sound recorders and reproducers, parts and accessories of such articles",9431824.26,9431824.26,0.0,False
2018-12-01,2018,12,4,201812,X,exports,JPN,Japan,85,"Electrical machinery and equipment and parts thereof; sound recorders and reproducers; television image and sound recorders and reproducers, parts and accessories of such articles",122109323.28,122109323.28,0.0,False
2018-12-01,2018,12,4,201812,X,exports,KOR,South Korea,85,"Electrical machinery and equipment and parts thereof; sound recorders and reproducers; television image and sound recorders and reproducers, parts and accessories of such articles",22978589.01,22978589.01,0.0,False
2018-12-01,2018,12,4,201812,X,exports,MYS,Malaysia,85,"Electrical machinery and equipment and parts thereof; sound recorders and reproducers; television image and sound recorders and reproducers, parts and accessories of such articles",34032737.81,34032737.81,0.0,False
2018-12-01,2018,12,4,201812,X,exports,PHL,Philippines,85,"Electrical machinery and equipment and parts thereof; sound recorders and reproducers; television image and sound recorders and reproducers, parts and accessories of such articles",10618017.99,10618017.99,0.0,False
2018-12-01,2018,12,4,201812,X,exports,SGP,Singapore,85,"Electrical machinery and equipment and parts thereof; sound recorders and reproducers; television image and sound recorders and reproducers, parts and accessories of such articles",192195820.61,192195820.61,0.0,False
2018-12-01,2018,12,4,201812,X,exports,THA,Thailand,85,"Electrical machinery and equipment and parts thereof; sound recorders and reproducers; television image and sound recorders and reproducers, parts and accessories of such articles",27540797.26,27540797.26,0.0,False
2018-12-01,2018,12,4,201812,X,exports,USA,United States,85,"Electrical machinery and equipment and parts thereof; sound recorders and reproducers; television image and sound recorders and reproducers, parts and accessories of such articles",66562542.4,66562542.4,0.0,False
2018-12-01,2018,12,4,201812,X,exports,VNM,Vietnam,85,"Electrical machinery and equipment and parts thereof; sound recorders and reproducers; television image and sound recorders and reproducers, parts and accessories of such articles",36313813.71,36313813.71,0.0,False
2018-12-01,2018,12,4,201812,X,exports,W00,World,85,"Electrical machinery and equipment and parts thereof; sound recorders and reproducers; television image and sound recorders and reproducers, parts and accessories of such articles",739417073.29,739417073.29,0.0,False
2018-12-01,2018,12,4,201812,M,imports,CHN,China,85,"Electrical machinery and equipment and parts thereof; sound recorders and reproducers; television image and sound recorders and reproducers, parts and accessories of such articles",966109509.0,0.0,966109509.0,False
2018-12-01,2018,12,4,201812,M,imports,DEU,Germany,85,"Electrical machinery and equipment and parts thereof; sound recorders and reproducers; television image and sound recorders and reproducers, parts and accessories of such articles",26958241.0,0.0,26958241.0,False
2018-12-01,2018,12,4,201812,M,imports,JPN,Japan,85,"Electrical machinery and equipment and parts thereof; sound recorders and reproducers; television image and sound recorders and reproducers, parts and accessories of such articles",106101945.0,0.0,106101945.0,False
2018-12-01,2018,12,4,201812,M,imports,KOR,South Korea,85,"Electrical machinery and equipment and parts thereof; sound recorders and reproducers; television image and sound recorders and reproducers, parts and accessories of such articles",87620692.0,0.0,87620692.0,False
2018-12-01,2018,12,4,201812,M,imports,MYS,Malaysia,85,"Electrical machinery and equipment and parts thereof; sound recorders and reproducers; television image and sound recorders and reproducers, parts and accessories of such articles",41117284.0,0.0,41117284.0,False
2018-12-01,2018,12,4,201812,M,imports,PHL,Philippines,85,"Electrical machinery and equipment and parts thereof; sound recorders and reproducers; television image and sound recorders and reproducers, parts and accessories of such articles",16219344.0,0.0,16219344.0,False
2018-12-01,2018,12,4,201812,M,imports,SGP,Singapore,85,"Electrical machinery and equipment and parts thereof; sound recorders and reproducers; television image and sound recorders and reproducers, parts and accessories of such articles",125376668.0,0.0,125376668.0,False
2018-12-01,2018,12,4,201812,M,imports,THA,Thailand,85,"Electrical machinery and equipment and parts thereof; sound recorders and reproducers; television image and sound recorders and reproducers, parts and accessories of such articles",50640012.0,0.0,50640012.0,False
2018-12-01,2018,12,4,201812,M,imports,USA,United States,85,"Electrical machinery and equipment and parts thereof; sound recorders and reproducers; television image and sound recorders and reproducers, parts and accessories of such articles",36389877.0,0.0,36389877.0,False
2018-12-01,2018,12,4,201812,M,imports,VNM,Vietnam,85,"Electrical machinery and equipment and parts thereof; sound recorders and reproducers; television image and sound recorders and reproducers, parts and accessories of such articles",52934660.0,0.0,52934660.0,False
2018-12-01,2018,12,4,201812,M,imports,W00,World,85,"Electrical machinery and equipment and parts thereof; sound recorders and reproducers; television image and sound recorders and reproducers, parts and accessories of such articles",1787512097.0,0.0,1787512097.0,False
2019-01-01,2019,1,1,201901,X,exports,CHN,China,85,"Electrical machinery and equipment and parts thereof; sound recorders and reproducers; television image and sound recorders and reproducers, parts and accessories of such articles",24039256.655,24039256.655,0.0,False
2019-01-01,2019,1,1,201901,X,exports,DEU,Germany,85,"Electrical machinery and equipment and parts thereof; sound recorders and reproducers; television image and sound recorders and reproducers, parts and accessories of such articles",14219206.68,14219206.68,0.0,False
2019-01-01,2019,1,1,201901,X,exports,JPN,Japan,85,"Electrical machinery and equipment and parts thereof; sound recorders and reproducers; television image and sound recorders and reproducers, parts and accessories of such articles",141750421.449,141750421.449,0.0,False
2019-01-01,2019,1,1,201901,X,exports,KOR,South Korea,85,"Electrical machinery and equipment and parts thereof; sound recorders and reproducers; television image and sound recorders and reproducers, parts and accessories of such articles",27529355.094,27529355.094,0.0,False
2019-01-01,2019,1,1,201901,X,exports,MYS,Malaysia,85,"Electrical machinery and equipment and parts thereof; sound recorders and reproducers; television image and sound recorders and reproducers, parts and accessories of such articles",34205838.411,34205838.411,0.0,False
2019-01-01,2019,1,1,201901,X,exports,PHL,Philippines,85,"Electrical machinery and equipment and parts thereof; sound recorders and reproducers; television image and sound recorders and reproducers, parts and accessories of such articles",13664031.653,13664031.653,0.0,False
2019-01-01,2019,1,1,201901,X,exports,SGP,Singapore,85,"Electrical machinery and equipment and parts thereof; sound recorders and reproducers; television image and sound recorders and reproducers, parts and accessories of such articles",139494970.978,139494970.978,0.0,False
2019-01-01,2019,1,1,201901,X,exports,THA,Thailand,85,"Electrical machinery and equipment and parts thereof; sound recorders and reproducers; television image and sound recorders and reproducers, parts and accessories of such articles",40747260.393,40747260.393,0.0,False
2019-01-01,2019,1,1,201901,X,exports,USA,United States,85,"Electrical machinery and equipment and parts thereof; sound recorders and reproducers; television image and sound recorders and reproducers, parts and accessories of such articles",71927065.735,71927065.735,0.0,False
2019-01-01,2019,1,1,201901,X,exports,VNM,Vietnam,85,"Electrical machinery and equipment and parts thereof; sound recorders and reproducers; television image and sound recorders and reproducers, parts and accessories of such articles",33796033.772,33796033.772,0.0,False
2019-01-01,2019,1,1,201901,X,exports,W00,World,85,"Electrical machinery and equipment and parts thereof; sound recorders and reproducers; television image and sound recorders and reproducers, parts and accessories of such articles",768519238.264,768519238.264,0.0,False
2019-01-01,2019,1,1,201901,M,imports,CHN,China,85,"Electrical machinery and equipment and parts thereof; sound recorders and reproducers; television image and sound recorders and reproducers, parts and accessories of such articles",779907457.0,0.0,779907457.0,False
2019-01-01,2019,1,1,201901,M,imports,DEU,Germany,85,"Electrical machinery and equipment and parts thereof; sound recorders and reproducers; television image and sound recorders and reproducers, parts and accessories of such articles",38533814.0,0.0,38533814.0,False
2019-01-01,2019,1,1,201901,M,imports,JPN,Japan,85,"Electrical machinery and equipment and parts thereof; sound recorders and reproducers; television image and sound recorders and reproducers, parts and accessories of such articles",130999956.0,0.0,130999956.0,False
2019-01-01,2019,1,1,201901,M,imports,KOR,South Korea,85,"Electrical machinery and equipment and parts thereof; sound recorders and reproducers; television image and sound recorders and reproducers, parts and accessories of such articles",101511789.0,0.0,101511789.0,False
2019-01-01,2019,1,1,201901,M,imports,MYS,Malaysia,85,"Electrical machinery and equipment and parts thereof; sound recorders and reproducers; television image and sound recorders and reproducers, parts and accessories of such articles",53005377.0,0.0,53005377.0,False
2019-01-01,2019,1,1,201901,M,imports,PHL,Philippines,85,"Electrical machinery and equipment and parts thereof; sound recorders and reproducers; television image and sound recorders and reproducers, parts and accessories of such articles",16374192.0,0.0,16374192.0,False
2019-01-01,2019,1,1,201901,M,imports,SGP,Singapore,85,"Electrical machinery and equipment and parts thereof; sound recorders and reproducers; television image and sound recorders and reproducers, parts and accessories of such articles",119311728.0,0.0,119311728.0,False
2019-01-01,2019,1,1,201901,M,imports,THA,Thailand,85,"Electrical machinery and equipment and parts thereof; sound recorders and reproducers; television image and sound recorders and reproducers, parts and accessories of such articles",66630781.0,0.0,66630781.0,False
2019-01-01,2019,1,1,201901,M,imports,USA,United States,85,"Electrical machinery and equipment and parts thereof; sound recorders and reproducers; television image and sound recorders and reproducers, parts and accessories of such articles",34622165.0,0.0,34622165.0,False
2019-01-01,2019,1,1,201901,M,imports,VNM,Vietnam,85,"Electrical machinery and equipment and parts thereof; sound recorders and reproducers; television image and sound recorders and reproducers, parts and accessories of such articles",81647988.0,0.0,81647988.0,False
2019-01-01,2019,1,1,201901,M,imports,W00,World,85,"Electrical machinery and equipment and parts thereof; sound recorders and reproducers; television image and sound recorders and reproducers, parts and accessories of such articles",1724037463.0,0.0,1724037463.0,False
2019-02-01,2019,2,1,201902,X,exports,CHN,China,85,"Electrical machinery and equipment and parts thereof; sound recorders and reproducers; television image and sound recorders and reproducers, parts and accessories of such articles",23901118.702,23901118.702,0.0,False
2019-02-01,2019,2,1,201902,X,exports,DEU,Germany,85,"Electrical machinery and equipment and parts thereof; sound recorders and reproducers; television image and sound recorders and reproducers, parts and accessories of such articles",10990716.792,10990716.792,0.0,False
2019-02-01,2019,2,1,201902,X,exports,JPN,Japan,85,"Electrical machinery and equipment and parts thereof; sound recorders and reproducers; television image and sound recorders and reproducers, parts and accessories of such articles",130477875.507,130477875.507,0.0,False
2019-02-01,2019,2,1,201902,X,exports,KOR,South Korea,85,"Electrical machinery and equipment and parts thereof; sound recorders and reproducers; television image and sound recorders and reproducers, parts and accessories of such articles",27962821.767,27962821.767,0.0,False
2019-02-01,2019,2,1,201902,X,exports,MYS,Malaysia,85,"Electrical machinery and equipment and parts thereof; sound recorders and reproducers; television image and sound recorders and reproducers, parts and accessories of such articles",33598002.422,33598002.422,0.0,False
2019-02-01,2019,2,1,201902,X,exports,PHL,Philippines,85,"Electrical machinery and equipment and parts thereof; sound recorders and reproducers; television image and sound recorders and reproducers, parts and accessories of such articles",9661889.576,9661889.576,0.0,False
2019-02-01,2019,2,1,201902,X,exports,SGP,Singapore,85,"Electrical machinery and equipment and parts thereof; sound recorders and reproducers; television image and sound recorders and reproducers, parts and accessories of such articles",119191541.716,119191541.716,0.0,False
2019-02-01,2019,2,1,201902,X,exports,THA,Thailand,85,"Electrical machinery and equipment and parts thereof; sound recorders and reproducers; television image and sound recorders and reproducers, parts and accessories of such articles",38281231.427,38281231.427,0.0,False
2019-02-01,2019,2,1,201902,X,exports,USA,United States,85,"Electrical machinery and equipment and parts thereof; sound recorders and reproducers; television image and sound recorders and reproducers, parts and accessories of such articles",65741524.78,65741524.78,0.0,False
2019-02-01,2019,2,1,201902,X,exports,VNM,Vietnam,85,"Electrical machinery and equipment and parts thereof; sound recorders and reproducers; television image and sound recorders and reproducers, parts and accessories of such articles",26991220.171,26991220.171,0.0,False
2019-02-01,2019,2,1,201902,X,exports,W00,World,85,"Electrical machinery and equipment and parts thereof; sound recorders and reproducers; television image and sound recorders and reproducers, parts and accessories of such articles",732765667.504,732765667.504,0.0,False
2019-02-01,2019,2,1,201902,M,imports,CHN,China,85,"Electrical machinery and equipment and parts thereof; sound recorders and reproducers; television image and sound recorders and reproducers, parts and accessories of such articles",608037474.0,0.0,608037474.0,False
2019-02-01,2019,2,1,201902,M,imports,DEU,Germany,85,"Electrical machinery and equipment and parts thereof; sound recorders and reproducers; television image and sound recorders and reproducers, parts and accessories of such articles",25816986.0,0.0,25816986.0,False
2019-02-01,2019,2,1,201902,M,imports,JPN,Japan,85,"Electrical machinery and equipment and parts thereof; sound recorders and reproducers; television image and sound recorders and reproducers, parts and accessories of such articles",132474740.0,0.0,132474740.0,False
2019-02-01,2019,2,1,201902,M,imports,KOR,South Korea,85,"Electrical machinery and equipment and parts thereof; sound recorders and reproducers; television image and sound recorders and reproducers, parts and accessories of such articles",93757044.0,0.0,93757044.0,False
2019-02-01,2019,2,1,201902,M,imports,MYS,Malaysia,85,"Electrical machinery and equipment and parts thereof; sound recorders and reproducers; television image and sound recorders and reproducers, parts and accessories of such articles",35196971.0,0.0,35196971.0,False
2019-02-01,2019,2,1,201902,M,imports,PHL,Philippines,85,"Electrical machinery and equipment and parts thereof; sound recorders and reproducers; television image and sound recorders and reproducers, parts and accessories of such articles",13855740.0,0.0,13855740.0,False
2019-02-01,2019,2,1,201902,M,imports,SGP,Singapore,85,"Electrical machinery and equipment and parts thereof; sound recorders and reproducers; television image and sound recorders and reproducers, parts and accessories of such articles",130177755.0,0.0,130177755.0,False
2019-02-01,2019,2,1,201902,M,imports,THA,Thailand,85,"Electrical machinery and equipment and parts thereof; sound recorders and reproducers; television image and sound recorders and reproducers, parts and accessories of such articles",48983139.0,0.0,48983139.0,False
2019-02-01,2019,2,1,201902,M,imports,USA,United States,85,"Electrical machinery and equipment and parts thereof; sound recorders and reproducers; television image and sound recorders and reproducers, parts and accessories of such articles",24329279.0,0.0,24329279.0,False
2019-02-01,2019,2,1,201902,M,imports,VNM,Vietnam,85,"Electrical machinery and equipment and parts thereof; sound recorders and reproducers; television image and sound recorders and reproducers, parts and accessories of such articles",64678953.0,0.0,64678953.0,False
2019-02-01,2019,2,1,201902,M,imports,W00,World,85,"Electrical machinery and equipment and parts thereof; sound recorders and reproducers; television image and sound recorders and reproducers, parts and accessories of such articles",1369614706.0,0.0,1369614706.0,False
2019-03-01,2019,3,1,201903,X,exports,CHN,China,85,"Electrical machinery and equipment and parts thereof; sound recorders and reproducers; television image and sound recorders and reproducers, parts and accessories of such articles",24552260.976,24552260.976,0.0,False
2019-03-01,2019,3,1,201903,X,exports,DEU,Germany,85,"Electrical machinery and equipment and parts thereof; sound recorders and reproducers; television image and sound recorders and reproducers, parts and accessories of such articles",12678442.928,12678442.928,0.0,False
2019-03-01,2019,3,1,201903,X,exports,JPN,Japan,85,"Electrical machinery and equipment and parts thereof; sound recorders and reproducers; television image and sound recorders and reproducers, parts and accessories of such articles",134186035.647,134186035.647,0.0,False
2019-03-01,2019,3,1,201903,X,exports,KOR,South Korea,85,"Electrical machinery and equipment and parts thereof; sound recorders and reproducers; television image and sound recorders and reproducers, parts and accessories of such articles",38529348.381,38529348.381,0.0,False
2019-03-01,2019,3,1,201903,X,exports,MYS,Malaysia,85,"Electrical machinery and equipment and parts thereof; sound recorders and reproducers; television image and sound recorders and reproducers, parts and accessories of such articles",18299716.759,18299716.759,0.0,False
2019-03-01,2019,3,1,201903,X,exports,PHL,Philippines,85,"Electrical machinery and equipment and parts thereof; sound recorders and reproducers; television image and sound recorders and reproducers, parts and accessories of such articles",14634278.802,14634278.802,0.0,False
2019-03-01,2019,3,1,201903,X,exports,SGP,Singapore,85,"Electrical machinery and equipment and parts thereof; sound recorders and reproducers; television image and sound recorders and reproducers, parts and accessories of such articles",142661719.254,142661719.254,0.0,False
2019-03-01,2019,3,1,201903,X,exports,THA,Thailand,85,"Electrical machinery and equipment and parts thereof; sound recorders and reproducers; television image and sound recorders and reproducers, parts and accessories of such articles",38767522.716,38767522.716,0.0,False
2019-03-01,2019,3,1,201903,X,exports,USA,United States,85,"Electrical machinery and equipment and parts thereof; sound recorders and reproducers; television image and sound recorders and reproducers, parts and accessories of such articles",84840575.001,84840575.001,0.0,False
2019-03-01,2019,3,1,201903,X,exports,VNM,Vietnam,85,"Electrical machinery and equipment and parts thereof; sound recorders and reproducers; television image and sound recorders and reproducers, parts and accessories of such articles",30754046.916,30754046.916,0.0,False
2019-03-01,2019,3,1,201903,X,exports,W00,World,85,"Electrical machinery and equipment and parts thereof; sound recorders and reproducers; television image and sound recorders and reproducers, parts and accessories of such articles",789121875.865,789121875.865,0.0,False
2019-03-01,2019,3,1,201903,M,imports,CHN,China,85,"Electrical machinery and equipment and parts thereof; sound recorders and reproducers; television image and sound recorders and reproducers, parts and accessories of such articles",692852935.0,0.0,692852935.0,False
2019-03-01,2019,3,1,201903,M,imports,DEU,Germany,85,"Electrical machinery and equipment and parts thereof; sound recorders and reproducers; television image and sound recorders and reproducers, parts and accessories of such articles",27663411.0,0.0,27663411.0,False
2019-03-01,2019,3,1,201903,M,imports,JPN,Japan,85,"Electrical machinery and equipment and parts thereof; sound recorders and reproducers; television image and sound recorders and reproducers, parts and accessories of such articles",127281004.0,0.0,127281004.0,False
2019-03-01,2019,3,1,201903,M,imports,KOR,South Korea,85,"Electrical machinery and equipment and parts thereof; sound recorders and reproducers; television image and sound recorders and reproducers, parts and accessories of such articles",88001998.0,0.0,88001998.0,False
2019-03-01,2019,3,1,201903,M,imports,MYS,Malaysia,85,"Electrical machinery and equipment and parts thereof; sound recorders and reproducers; television image and sound recorders and reproducers, parts and accessories of such articles",37437661.0,0.0,37437661.0,False
2019-03-01,2019,3,1,201903,M,imports,PHL,Philippines,85,"Electrical machinery and equipment and parts thereof; sound recorders and reproducers; television image and sound recorders and reproducers, parts and accessories of such articles",10687586.0,0.0,10687586.0,False
2019-03-01,2019,3,1,201903,M,imports,SGP,Singapore,85,"Electrical machinery and equipment and parts thereof; sound recorders and reproducers; television image and sound recorders and reproducers, parts and accessories of such articles",170450988.0,0.0,170450988.0,False
2019-03-01,2019,3,1,201903,M,imports,THA,Thailand,85,"Electrical machinery and equipment and parts thereof; sound recorders and reproducers; television image and sound recorders and reproducers, parts and accessories of such articles",56200619.0,0.0,56200619.0,False
2019-03-01,2019,3,1,201903,M,imports,USA,United States,85,"Electrical machinery and equipment and parts thereof; sound recorders and reproducers; television image and sound recorders and reproducers, parts and accessories of such articles",30137885.0,0.0,30137885.0,False
2019-03-01,2019,3,1,201903,M,imports,VNM,Vietnam,85,"Electrical machinery and equipment and parts thereof; sound recorders and reproducers; television image and sound recorders and reproducers, parts and accessories of such articles",80163275.0,0.0,80163275.0,False
2019-03-01,2019,3,1,201903,M,imports,W00,World,85,"Electrical machinery and equipment and parts thereof; sound recorders and reproducers; television image and sound recorders and reproducers, parts and accessories of such articles",1602140649.0,0.0,1602140649.0,False
2019-04-01,2019,4,2,201904,X,exports,CHN,China,85,"Electrical machinery and equipment and parts thereof; sound recorders and reproducers; television image and sound recorders and reproducers, parts and accessories of such articles",22234258.309,22234258.309,0.0,False
2019-04-01,2019,4,2,201904,X,exports,DEU,Germany,85,"Electrical machinery and equipment and parts thereof; sound recorders and reproducers; television image and sound recorders and reproducers, parts and accessories of such articles",9330866.206,9330866.206,0.0,False
2019-04-01,2019,4,2,201904,X,exports,JPN,Japan,85,"Electrical machinery and equipment and parts thereof; sound recorders and reproducers; television image and sound recorders and reproducers, parts and accessories of such articles",127534969.179,127534969.179,0.0,False
2019-04-01,2019,4,2,201904,X,exports,KOR,South Korea,85,"Electrical machinery and equipment and parts thereof; sound recorders and reproducers; television image and sound recorders and reproducers, parts and accessories of such articles",28195832.021,28195832.021,0.0,False
2019-04-01,2019,4,2,201904,X,exports,MYS,Malaysia,85,"Electrical machinery and equipment and parts thereof; sound recorders and reproducers; television image and sound recorders and reproducers, parts and accessories of such articles",34672352.618,34672352.618,0.0,False
2019-04-01,2019,4,2,201904,X,exports,PHL,Philippines,85,"Electrical machinery and equipment and parts thereof; sound recorders and reproducers; television image and sound recorders and reproducers, parts and accessories of such articles",15219686.683,15219686.683,0.0,False
2019-04-01,2019,4,2,201904,X,exports,SGP,Singapore,85,"Electrical machinery and equipment and parts thereof; sound recorders and reproducers; television image and sound recorders and reproducers, parts and accessories of such articles",125793078.18,125793078.18,0.0,False
2019-04-01,2019,4,2,201904,X,exports,THA,Thailand,85,"Electrical machinery and equipment and parts thereof; sound recorders and reproducers; television image and sound recorders and reproducers, parts and accessories of such articles",36010756.487,36010756.487,0.0,False
2019-04-01,2019,4,2,201904,X,exports,USA,United States,85,"Electrical machinery and equipment and parts thereof; sound recorders and reproducers; television image and sound recorders and reproducers, parts and accessories of such articles",76826211.285,76826211.285,0.0,False
2019-04-01,2019,4,2,201904,X,exports,VNM,Vietnam,85,"Electrical machinery and equipment and parts thereof; sound recorders and reproducers; television image and sound recorders and reproducers, parts and accessories of such articles",23850773.473,23850773.473,0.0,False
2019-04-01,2019,4,2,201904,X,exports,W00,World,85,"Electrical machinery and equipment and parts thereof; sound recorders and reproducers; television image and sound recorders and reproducers, parts and accessories of such articles",686519414.727,686519414.727,0.0,False
2019-04-01,2019,4,2,201904,M,imports,CHN,China,85,"Electrical machinery and equipment and parts thereof; sound recorders and reproducers; television image and sound recorders and reproducers, parts and accessories of such articles",862074864.0,0.0,862074864.0,False
2019-04-01,2019,4,2,201904,M,imports,DEU,Germany,85,"Electrical machinery and equipment and parts thereof; sound recorders and reproducers; television image and sound recorders and reproducers, parts and accessories of such articles",35582927.0,0.0,35582927.0,False
2019-04-01,2019,4,2,201904,M,imports,JPN,Japan,85,"Electrical machinery and equipment and parts thereof; sound recorders and reproducers; television image and sound recorders and reproducers, parts and accessories of such articles",130857235.0,0.0,130857235.0,False
2019-04-01,2019,4,2,201904,M,imports,KOR,South Korea,85,"Electrical machinery and equipment and parts thereof; sound recorders and reproducers; television image and sound recorders and reproducers, parts and accessories of such articles",102280931.0,0.0,102280931.0,False
2019-04-01,2019,4,2,201904,M,imports,MYS,Malaysia,85,"Electrical machinery and equipment and parts thereof; sound recorders and reproducers; television image and sound recorders and reproducers, parts and accessories of such articles",52236934.0,0.0,52236934.0,False
2019-04-01,2019,4,2,201904,M,imports,PHL,Philippines,85,"Electrical machinery and equipment and parts thereof; sound recorders and reproducers; television image and sound recorders and reproducers, parts and accessories of such articles",13456227.0,0.0,13456227.0,False
2019-04-01,2019,4,2,201904,M,imports,SGP,Singapore,85,"Electrical machinery and equipment and parts thereof; sound recorders and reproducers; television image and sound recorders and reproducers, parts and accessories of such articles",171474206.0,0.0,171474206.0,False
2019-04-01,2019,4,2,201904,M,imports,THA,Thailand,85,"Electrical machinery and equipment and parts thereof; sound recorders and reproducers; television image and sound recorders and reproducers, parts and accessories of such articles",55244137.0,0.0,55244137.0,False
2019-04-01,2019,4,2,201904,M,imports,USA,United States,85,"Electrical machinery and equipment and parts thereof; sound recorders and reproducers; television image and sound recorders and reproducers, parts and accessories of such articles",36246074.0,0.0,36246074.0,False
2019-04-01,2019,4,2,201904,M,imports,VNM,Vietnam,85,"Electrical machinery and equipment and parts thereof; sound recorders and reproducers; television image and sound recorders and reproducers, parts and accessories of such articles",76936531.0,0.0,76936531.0,False
2019-04-01,2019,4,2,201904,M,imports,W00,World,85,"Electrical machinery and equipment and parts thereof; sound recorders and reproducers; television image and sound recorders and reproducers, parts and accessories of such articles",1826018879.0,0.0,1826018879.0,False
2019-05-01,2019,5,2,201905,X,exports,CHN,China,85,"Electrical machinery and equipment and parts thereof; sound recorders and reproducers; television image and sound recorders and reproducers, parts and accessories of such articles",26304890.059,26304890.059,0.0,False
2019-05-01,2019,5,2,201905,X,exports,DEU,Germany,85,"Electrical machinery and equipment and parts thereof; sound recorders and reproducers; television image and sound recorders and reproducers, parts and accessories of such articles",10352364.426,10352364.426,0.0,False
2019-05-01,2019,5,2,201905,X,exports,JPN,Japan,85,"Electrical machinery and equipment and parts thereof; sound recorders and reproducers; television image and sound recorders and reproducers, parts and accessories of such articles",153762222.839,153762222.839,0.0,False
2019-05-01,2019,5,2,201905,X,exports,KOR,South Korea,85,"Electrical machinery and equipment and parts thereof; sound recorders and reproducers; television image and sound recorders and reproducers, parts and accessories of such articles",29396721.338,29396721.338,0.0,False
2019-05-01,2019,5,2,201905,X,exports,MYS,Malaysia,85,"Electrical machinery and equipment and parts thereof; sound recorders and reproducers; television image and sound recorders and reproducers, parts and accessories of such articles",41106372.735,41106372.735,0.0,False
2019-05-01,2019,5,2,201905,X,exports,PHL,Philippines,85,"Electrical machinery and equipment and parts thereof; sound recorders and reproducers; television image and sound recorders and reproducers, parts and accessories of such articles",21959586.549,21959586.549,0.0,False
2019-05-01,2019,5,2,201905,X,exports,SGP,Singapore,85,"Electrical machinery and equipment and parts thereof; sound recorders and reproducers; television image and sound recorders and reproducers, parts and accessories of such articles",128612205.517,128612205.517,0.0,False
2019-05-01,2019,5,2,201905,X,exports,THA,Thailand,85,"Electrical machinery and equipment and parts thereof; sound recorders and reproducers; television image and sound recorders and reproducers, parts and accessories of such articles",42861473.61,42861473.61,0.0,False
2019-05-01,2019,5,2,201905,X,exports,USA,United States,85,"Electrical machinery and equipment and parts thereof; sound recorders and reproducers; television image and sound recorders and reproducers, parts and accessories of such articles",93715124.614,93715124.614,0.0,False
2019-05-01,2019,5,2,201905,X,exports,VNM,Vietnam,85,"Electrical machinery and equipment and parts thereof; sound recorders and reproducers; television image and sound recorders and reproducers, parts and accessories of such articles",35264096.259,35264096.259,0.0,False
2019-05-01,2019,5,2,201905,X,exports,W00,World,85,"Electrical machinery and equipment and parts thereof; sound recorders and reproducers; television image and sound recorders and reproducers, parts and accessories of such articles",788100530.86,788100530.86,0.0,False
2019-05-01,2019,5,2,201905,M,imports,CHN,China,85,"Electrical machinery and equipment and parts thereof; sound recorders and reproducers; television image and sound recorders and reproducers, parts and accessories of such articles",758054578.0,0.0,758054578.0,False
2019-05-01,2019,5,2,201905,M,imports,DEU,Germany,85,"Electrical machinery and equipment and parts thereof; sound recorders and reproducers; television image and sound recorders and reproducers, parts and accessories of such articles",29384808.0,0.0,29384808.0,False
2019-05-01,2019,5,2,201905,M,imports,JPN,Japan,85,"Electrical machinery and equipment and parts thereof; sound recorders and reproducers; television image and sound recorders and reproducers, parts and accessories of such articles",116773610.0,0.0,116773610.0,False
2019-05-01,2019,5,2,201905,M,imports,KOR,South Korea,85,"Electrical machinery and equipment and parts thereof; sound recorders and reproducers; television image and sound recorders and reproducers, parts and accessories of such articles",111478358.0,0.0,111478358.0,False
2019-05-01,2019,5,2,201905,M,imports,MYS,Malaysia,85,"Electrical machinery and equipment and parts thereof; sound recorders and reproducers; television image and sound recorders and reproducers, parts and accessories of such articles",40862011.0,0.0,40862011.0,False
2019-05-01,2019,5,2,201905,M,imports,PHL,Philippines,85,"Electrical machinery and equipment and parts thereof; sound recorders and reproducers; television image and sound recorders and reproducers, parts and accessories of such articles",10815847.0,0.0,10815847.0,False
2019-05-01,2019,5,2,201905,M,imports,SGP,Singapore,85,"Electrical machinery and equipment and parts thereof; sound recorders and reproducers; television image and sound recorders and reproducers, parts and accessories of such articles",162548396.0,0.0,162548396.0,False
2019-05-01,2019,5,2,201905,M,imports,THA,Thailand,85,"Electrical machinery and equipment and parts thereof; sound recorders and reproducers; television image and sound recorders and reproducers, parts and accessories of such articles",61330138.0,0.0,61330138.0,False
2019-05-01,2019,5,2,201905,M,imports,USA,United States,85,"Electrical machinery and equipment and parts thereof; sound recorders and reproducers; television image and sound recorders and reproducers, parts and accessories of such articles",28120795.0,0.0,28120795.0,False
2019-05-01,2019,5,2,201905,M,imports,VNM,Vietnam,85,"Electrical machinery and equipment and parts thereof; sound recorders and reproducers; television image and sound recorders and reproducers, parts and accessories of such articles",70688667.0,0.0,70688667.0,False
2019-05-01,2019,5,2,201905,M,imports,W00,World,85,"Electrical machinery and equipment and parts thereof; sound recorders and reproducers; television image and sound recorders and reproducers, parts and accessories of such articles",1656790854.0,0.0,1656790854.0,False
2019-06-01,2019,6,2,201906,X,exports,CHN,China,85,"Electrical machinery and equipment and parts thereof; sound recorders and reproducers; television image and sound recorders and reproducers, parts and accessories of such articles",18330414.476,18330414.476,0.0,False
2019-06-01,2019,6,2,201906,X,exports,DEU,Germany,85,"Electrical machinery and equipment and parts thereof; sound recorders and reproducers; television image and sound recorders and reproducers, parts and accessories of such articles",9031850.715,9031850.715,0.0,False
2019-06-01,2019,6,2,201906,X,exports,JPN,Japan,85,"Electrical machinery and equipment and parts thereof; sound recorders and reproducers; television image and sound recorders and reproducers, parts and accessories of such articles",99310264.191,99310264.191,0.0,False
2019-06-01,2019,6,2,201906,X,exports,KOR,South Korea,85,"Electrical machinery and equipment and parts thereof; sound recorders and reproducers; television image and sound recorders and reproducers, parts and accessories of such articles",19526429.946,19526429.946,0.0,False
2019-06-01,2019,6,2,201906,X,exports,MYS,Malaysia,85,"Electrical machinery and equipment and parts thereof; sound recorders and reproducers; television image and sound recorders and reproducers, parts and accessories of such articles",32020754.088,32020754.088,0.0,False
2019-06-01,2019,6,2,201906,X,exports,PHL,Philippines,85,"Electrical machinery and equipment and parts thereof; sound recorders and reproducers; television image and sound recorders and reproducers, parts and accessories of such articles",19411693.902,19411693.902,0.0,False
2019-06-01,2019,6,2,201906,X,exports,SGP,Singapore,85,"Electrical machinery and equipment and parts thereof; sound recorders and reproducers; television image and sound recorders and reproducers, parts and accessories of such articles",108168298.236,108168298.236,0.0,False
2019-06-01,2019,6,2,201906,X,exports,THA,Thailand,85,"Electrical machinery and equipment and parts thereof; sound recorders and reproducers; television image and sound recorders and reproducers, parts and accessories of such articles",25831978.851,25831978.851,0.0,False
2019-06-01,2019,6,2,201906,X,exports,USA,United States,85,"Electrical machinery and equipment and parts thereof; sound recorders and reproducers; television image and sound recorders and reproducers, parts and accessories of such articles",61981682.916,61981682.916,0.0,False
2019-06-01,2019,6,2,201906,X,exports,VNM,Vietnam,85,"Electrical machinery and equipment and parts thereof; sound recorders and reproducers; television image and sound recorders and reproducers, parts and accessories of such articles",22093197.922,22093197.922,0.0,False
2019-06-01,2019,6,2,201906,X,exports,W00,World,85,"Electrical machinery and equipment and parts thereof; sound recorders and reproducers; television image and sound recorders and reproducers, parts and accessories of such articles",625627477.208,625627477.208,0.0,False
2019-06-01,2019,6,2,201906,M,imports,CHN,China,85,"Electrical machinery and equipment and parts thereof; sound recorders and reproducers; television image and sound recorders and reproducers, parts and accessories of such articles",520359547.0,0.0,520359547.0,False
2019-06-01,2019,6,2,201906,M,imports,DEU,Germany,85,"Electrical machinery and equipment and parts thereof; sound recorders and reproducers; television image and sound recorders and reproducers, parts and accessories of such articles",18371870.0,0.0,18371870.0,False
2019-06-01,2019,6,2,201906,M,imports,JPN,Japan,85,"Electrical machinery and equipment and parts thereof; sound recorders and reproducers; television image and sound recorders and reproducers, parts and accessories of such articles",104120885.0,0.0,104120885.0,False
2019-06-01,2019,6,2,201906,M,imports,KOR,South Korea,85,"Electrical machinery and equipment and parts thereof; sound recorders and reproducers; television image and sound recorders and reproducers, parts and accessories of such articles",64865143.0,0.0,64865143.0,False
2019-06-01,2019,6,2,201906,M,imports,MYS,Malaysia,85,"Electrical machinery and equipment and parts thereof; sound recorders and reproducers; television image and sound recorders and reproducers, parts and accessories of such articles",27362413.0,0.0,27362413.0,False
2019-06-01,2019,6,2,201906,M,imports,PHL,Philippines,85,"Electrical machinery and equipment and parts thereof; sound recorders and reproducers; television image and sound recorders and reproducers, parts and accessories of such articles",8668861.0,0.0,8668861.0,False
2019-06-01,2019,6,2,201906,M,imports,SGP,Singapore,85,"Electrical machinery and equipment and parts thereof; sound recorders and reproducers; television image and sound recorders and reproducers, parts and accessories of such articles",140086899.0,0.0,140086899.0,False
2019-06-01,2019,6,2,201906,M,imports,THA,Thailand,85,"Electrical machinery and equipment and parts thereof; sound recorders and reproducers; television image and sound recorders and reproducers, parts and accessories of such articles",47941299.0,0.0,47941299.0,False
2019-06-01,2019,6,2,201906,M,imports,USA,United States,85,"Electrical machinery and equipment and parts thereof; sound recorders and reproducers; television image and sound recorders and reproducers, parts and accessories of such articles",28317401.0,0.0,28317401.0,False
2019-06-01,2019,6,2,201906,M,imports,VNM,Vietnam,85,"Electrical machinery and equipment and parts thereof; sound recorders and reproducers; television image and sound recorders and reproducers, parts and accessories of such articles",48221293.0,0.0,48221293.0,False
2019-06-01,2019,6,2,201906,M,imports,W00,World,85,"Electrical machinery and equipment and parts thereof; sound recorders and reproducers; television image and sound recorders and reproducers, parts and accessories of such articles",1201474979.0,0.0,1201474979.0,False
2019-07-01,2019,7,3,201907,X,exports,CHN,China,85,"Electrical machinery and equipment and parts thereof; sound recorders and reproducers; television image and sound recorders and reproducers, parts and accessories of such articles",23135657.708,23135657.708,0.0,False
2019-07-01,2019,7,3,201907,X,exports,DEU,Germany,85,"Electrical machinery and equipment and parts thereof; sound recorders and reproducers; television image and sound recorders and reproducers, parts and accessories of such articles",11742409.315,11742409.315,0.0,False
2019-07-01,2019,7,3,201907,X,exports,JPN,Japan,85,"Electrical machinery and equipment and parts thereof; sound recorders and reproducers; television image and sound recorders and reproducers, parts and accessories of such articles",130291671.223,130291671.223,0.0,False
2019-07-01,2019,7,3,201907,X,exports,KOR,South Korea,85,"Electrical machinery and equipment and parts thereof; sound recorders and reproducers; television image and sound recorders and reproducers, parts and accessories of such articles",23544840.647,23544840.647,0.0,False
2019-07-01,2019,7,3,201907,X,exports,MYS,Malaysia,85,"Electrical machinery and equipment and parts thereof; sound recorders and reproducers; television image and sound recorders and reproducers, parts and accessories of such articles",69032171.705,69032171.705,0.0,False
2019-07-01,2019,7,3,201907,X,exports,PHL,Philippines,85,"Electrical machinery and equipment and parts thereof; sound recorders and reproducers; television image and sound recorders and reproducers, parts and accessories of such articles",29086681.599,29086681.599,0.0,False
2019-07-01,2019,7,3,201907,X,exports,SGP,Singapore,85,"Electrical machinery and equipment and parts thereof; sound recorders and reproducers; television image and sound recorders and reproducers, parts and accessories of such articles",133669303.534,133669303.534,0.0,False
2019-07-01,2019,7,3,201907,X,exports,THA,Thailand,85,"Electrical machinery and equipment and parts thereof; sound recorders and reproducers; television image and sound recorders and reproducers, parts and accessories of such articles",34566463.004,34566463.004,0.0,False
2019-07-01,2019,7,3,201907,X,exports,USA,United States,85,"Electrical machinery and equipment and parts thereof; sound recorders and reproducers; television image and sound recorders and reproducers, parts and accessories of such articles",100412562.461,100412562.461,0.0,False
2019-07-01,2019,7,3,201907,X,exports,VNM,Vietnam,85,"Electrical machinery and equipment and parts thereof; sound recorders and reproducers; television image and sound recorders and reproducers, parts and accessories of such articles",39554715.597,39554715.597,0.0,False
2019-07-01,2019,7,3,201907,X,exports,W00,World,85,"Electrical machinery and equipment and parts thereof; sound recorders and reproducers; television image and sound recorders and reproducers, parts and accessories of such articles",849277839.595,849277839.595,0.0,False
2019-07-01,2019,7,3,201907,M,imports,CHN,China,85,"Electrical machinery and equipment and parts thereof; sound recorders and reproducers; television image and sound recorders and reproducers, parts and accessories of such articles",770831400.0,0.0,770831400.0,False
2019-07-01,2019,7,3,201907,M,imports,DEU,Germany,85,"Electrical machinery and equipment and parts thereof; sound recorders and reproducers; television image and sound recorders and reproducers, parts and accessories of such articles",30889197.0,0.0,30889197.0,False
2019-07-01,2019,7,3,201907,M,imports,JPN,Japan,85,"Electrical machinery and equipment and parts thereof; sound recorders and reproducers; television image and sound recorders and reproducers, parts and accessories of such articles",136957634.0,0.0,136957634.0,False
2019-07-01,2019,7,3,201907,M,imports,KOR,South Korea,85,"Electrical machinery and equipment and parts thereof; sound recorders and reproducers; television image and sound recorders and reproducers, parts and accessories of such articles",71399920.0,0.0,71399920.0,False
2019-07-01,2019,7,3,201907,M,imports,MYS,Malaysia,85,"Electrical machinery and equipment and parts thereof; sound recorders and reproducers; television image and sound recorders and reproducers, parts and accessories of such articles",81498868.0,0.0,81498868.0,False
2019-07-01,2019,7,3,201907,M,imports,PHL,Philippines,85,"Electrical machinery and equipment and parts thereof; sound recorders and reproducers; television image and sound recorders and reproducers, parts and accessories of such articles",9220794.0,0.0,9220794.0,False
2019-07-01,2019,7,3,201907,M,imports,SGP,Singapore,85,"Electrical machinery and equipment and parts thereof; sound recorders and reproducers; television image and sound recorders and reproducers, parts and accessories of such articles",204177641.0,0.0,204177641.0,False
2019-07-01,2019,7,3,201907,M,imports,THA,Thailand,85,"Electrical machinery and equipment and parts thereof; sound recorders and reproducers; television image and sound recorders and reproducers, parts and accessories of such articles",57296854.0,0.0,57296854.0,False
2019-07-01,2019,7,3,201907,M,imports,USA,United States,85,"Electrical machinery and equipment and parts thereof; sound recorders and reproducers; television image and sound recorders and reproducers, parts and accessories of such articles",47634441.0,0.0,47634441.0,False
2019-07-01,2019,7,3,201907,M,imports,VNM,Vietnam,85,"Electrical machinery and equipment and parts thereof; sound recorders and reproducers; television image and sound recorders and reproducers, parts and accessories of such articles",80896733.0,0.0,80896733.0,False
2019-07-01,2019,7,3,201907,M,imports,W00,World,85,"Electrical machinery and equipment and parts thereof; sound recorders and reproducers; television image and sound recorders and reproducers, parts and accessories of such articles",1837183633.0,0.0,1837183633.0,False
2019-08-01,2019,8,3,201908,X,exports,CHN,China,85,"Electrical machinery and equipment and parts thereof; sound recorders and reproducers; television image and sound recorders and reproducers, parts and accessories of such articles",24185187.645,24185187.645,0.0,False
2019-08-01,2019,8,3,201908,X,exports,DEU,Germany,85,"Electrical machinery and equipment and parts thereof; sound recorders and reproducers; television image and sound recorders and reproducers, parts and accessories of such articles",11493217.354,11493217.354,0.0,False
2019-08-01,2019,8,3,201908,X,exports,JPN,Japan,85,"Electrical machinery and equipment and parts thereof; sound recorders and reproducers; television image and sound recorders and reproducers, parts and accessories of such articles",117888858.287,117888858.287,0.0,False
2019-08-01,2019,8,3,201908,X,exports,KOR,South Korea,85,"Electrical machinery and equipment and parts thereof; sound recorders and reproducers; television image and sound recorders and reproducers, parts and accessories of such articles",24806409.161,24806409.161,0.0,False
2019-08-01,2019,8,3,201908,X,exports,MYS,Malaysia,85,"Electrical machinery and equipment and parts thereof; sound recorders and reproducers; television image and sound recorders and reproducers, parts and accessories of such articles",21012421.642,21012421.642,0.0,False
2019-08-01,2019,8,3,201908,X,exports,PHL,Philippines,85,"Electrical machinery and equipment and parts thereof; sound recorders and reproducers; television image and sound recorders and reproducers, parts and accessories of such articles",17202196.568,17202196.568,0.0,False
2019-08-01,2019,8,3,201908,X,exports,SGP,Singapore,85,"Electrical machinery and equipment and parts thereof; sound recorders and reproducers; television image and sound recorders and reproducers, parts and accessories of such articles",125992397.209,125992397.209,0.0,False
2019-08-01,2019,8,3,201908,X,exports,THA,Thailand,85,"Electrical machinery and equipment and parts thereof; sound recorders and reproducers; television image and sound recorders and reproducers, parts and accessories of such articles",38962499.945,38962499.945,0.0,False
2019-08-01,2019,8,3,201908,X,exports,USA,United States,85,"Electrical machinery and equipment and parts thereof; sound recorders and reproducers; television image and sound recorders and reproducers, parts and accessories of such articles",96922503.191,96922503.191,0.0,False
2019-08-01,2019,8,3,201908,X,exports,VNM,Vietnam,85,"Electrical machinery and equipment and parts thereof; sound recorders and reproducers; television image and sound recorders and reproducers, parts and accessories of such articles",34442663.638,34442663.638,0.0,False
2019-08-01,2019,8,3,201908,X,exports,W00,World,85,"Electrical machinery and equipment and parts thereof; sound recorders and reproducers; television image and sound recorders and reproducers, parts and accessories of such articles",780545023.384,780545023.384,0.0,False
2019-08-01,2019,8,3,201908,M,imports,CHN,China,85,"Electrical machinery and equipment and parts thereof; sound recorders and reproducers; television image and sound recorders and reproducers, parts and accessories of such articles",790054493.0,0.0,790054493.0,False
2019-08-01,2019,8,3,201908,M,imports,DEU,Germany,85,"Electrical machinery and equipment and parts thereof; sound recorders and reproducers; television image and sound recorders and reproducers, parts and accessories of such articles",22160738.0,0.0,22160738.0,False
2019-08-01,2019,8,3,201908,M,imports,JPN,Japan,85,"Electrical machinery and equipment and parts thereof; sound recorders and reproducers; television image and sound recorders and reproducers, parts and accessories of such articles",132062669.0,0.0,132062669.0,False
2019-08-01,2019,8,3,201908,M,imports,KOR,South Korea,85,"Electrical machinery and equipment and parts thereof; sound recorders and reproducers; television image and sound recorders and reproducers, parts and accessories of such articles",83557016.0,0.0,83557016.0,False
2019-08-01,2019,8,3,201908,M,imports,MYS,Malaysia,85,"Electrical machinery and equipment and parts thereof; sound recorders and reproducers; television image and sound recorders and reproducers, parts and accessories of such articles",49169678.0,0.0,49169678.0,False
2019-08-01,2019,8,3,201908,M,imports,PHL,Philippines,85,"Electrical machinery and equipment and parts thereof; sound recorders and reproducers; television image and sound recorders and reproducers, parts and accessories of such articles",11246968.0,0.0,11246968.0,False
2019-08-01,2019,8,3,201908,M,imports,SGP,Singapore,85,"Electrical machinery and equipment and parts thereof; sound recorders and reproducers; television image and sound recorders and reproducers, parts and accessories of such articles",188499945.0,0.0,188499945.0,False
2019-08-01,2019,8,3,201908,M,imports,THA,Thailand,85,"Electrical machinery and equipment and parts thereof; sound recorders and reproducers; television image and sound recorders and reproducers, parts and accessories of such articles",53053918.0,0.0,53053918.0,False
2019-08-01,2019,8,3,201908,M,imports,USA,United States,85,"Electrical machinery and equipment and parts thereof; sound recorders and reproducers; television image and sound recorders and reproducers, parts and accessories of such articles",29187747.0,0.0,29187747.0,False
2019-08-01,2019,8,3,201908,M,imports,VNM,Vietnam,85,"Electrical machinery and equipment and parts thereof; sound recorders and reproducers; television image and sound recorders and reproducers, parts and accessories of such articles",65660836.0,0.0,65660836.0,False
2019-08-01,2019,8,3,201908,M,imports,W00,World,85,"Electrical machinery and equipment and parts thereof; sound recorders and reproducers; television image and sound recorders and reproducers, parts and accessories of such articles",1671819829.0,0.0,1671819829.0,False
2019-09-01,2019,9,3,201909,X,exports,CHN,China,85,"Electrical machinery and equipment and parts thereof; sound recorders and reproducers; television image and sound recorders and reproducers, parts and accessories of such articles",22527596.216,22527596.216,0.0,False
2019-09-01,2019,9,3,201909,X,exports,DEU,Germany,85,"Electrical machinery and equipment and parts thereof; sound recorders and reproducers; television image and sound recorders and reproducers, parts and accessories of such articles",9723225.38,9723225.38,0.0,False
2019-09-01,2019,9,3,201909,X,exports,JPN,Japan,85,"Electrical machinery and equipment and parts thereof; sound recorders and reproducers; television image and sound recorders and reproducers, parts and accessories of such articles",110080907.683,110080907.683,0.0,False
2019-09-01,2019,9,3,201909,X,exports,KOR,South Korea,85,"Electrical machinery and equipment and parts thereof; sound recorders and reproducers; television image and sound recorders and reproducers, parts and accessories of such articles",22904693.936,22904693.936,0.0,False
2019-09-01,2019,9,3,201909,X,exports,MYS,Malaysia,85,"Electrical machinery and equipment and parts thereof; sound recorders and reproducers; television image and sound recorders and reproducers, parts and accessories of such articles",16479204.164,16479204.164,0.0,False
2019-09-01,2019,9,3,201909,X,exports,PHL,Philippines,85,"Electrical machinery and equipment and parts thereof; sound recorders and reproducers; television image and sound recorders and reproducers, parts and accessories of such articles",28896995.055,28896995.055,0.0,False
2019-09-01,2019,9,3,201909,X,exports,SGP,Singapore,85,"Electrical machinery and equipment and parts thereof; sound recorders and reproducers; television image and sound recorders and reproducers, parts and accessories of such articles",147687232.078,147687232.078,0.0,False
2019-09-01,2019,9,3,201909,X,exports,THA,Thailand,85,"Electrical machinery and equipment and parts thereof; sound recorders and reproducers; television image and sound recorders and reproducers, parts and accessories of such articles",35466644.265,35466644.265,0.0,False
2019-09-01,2019,9,3,201909,X,exports,USA,United States,85,"Electrical machinery and equipment and parts thereof; sound recorders and reproducers; television image and sound recorders and reproducers, parts and accessories of such articles",93874235.73,93874235.73,0.0,False
2019-09-01,2019,9,3,201909,X,exports,VNM,Vietnam,85,"Electrical machinery and equipment and parts thereof; sound recorders and reproducers; television image and sound recorders and reproducers, parts and accessories of such articles",29999923.445,29999923.445,0.0,False
2019-09-01,2019,9,3,201909,X,exports,W00,World,85,"Electrical machinery and equipment and parts thereof; sound recorders and reproducers; television image and sound recorders and reproducers, parts and accessories of such articles",729312470.562,729312470.562,0.0,False
2019-09-01,2019,9,3,201909,M,imports,CHN,China,85,"Electrical machinery and equipment and parts thereof; sound recorders and reproducers; television image and sound recorders and reproducers, parts and accessories of such articles",826885562.0,0.0,826885562.0,False
2019-09-01,2019,9,3,201909,M,imports,DEU,Germany,85,"Electrical machinery and equipment and parts thereof; sound recorders and reproducers; television image and sound recorders and reproducers, parts and accessories of such articles",21928726.0,0.0,21928726.0,False
2019-09-01,2019,9,3,201909,M,imports,JPN,Japan,85,"Electrical machinery and equipment and parts thereof; sound recorders and reproducers; television image and sound recorders and reproducers, parts and accessories of such articles",113593937.0,0.0,113593937.0,False
2019-09-01,2019,9,3,201909,M,imports,KOR,South Korea,85,"Electrical machinery and equipment and parts thereof; sound recorders and reproducers; television image and sound recorders and reproducers, parts and accessories of such articles",76621501.0,0.0,76621501.0,False
2019-09-01,2019,9,3,201909,M,imports,MYS,Malaysia,85,"Electrical machinery and equipment and parts thereof; sound recorders and reproducers; television image and sound recorders and reproducers, parts and accessories of such articles",41500155.0,0.0,41500155.0,False
2019-09-01,2019,9,3,201909,M,imports,PHL,Philippines,85,"Electrical machinery and equipment and parts thereof; sound recorders and reproducers; television image and sound recorders and reproducers, parts and accessories of such articles",11684264.0,0.0,11684264.0,False
2019-09-01,2019,9,3,201909,M,imports,SGP,Singapore,85,"Electrical machinery and equipment and parts thereof; sound recorders and reproducers; television image and sound recorders and reproducers, parts and accessories of such articles",156068294.0,0.0,156068294.0,False
2019-09-01,2019,9,3,201909,M,imports,THA,Thailand,85,"Electrical machinery and equipment and parts thereof; sound recorders and reproducers; television image and sound recorders and reproducers, parts and accessories of such articles",65643228.0,0.0,65643228.0,False
2019-09-01,2019,9,3,201909,M,imports,USA,United States,85,"Electrical machinery and equipment and parts thereof; sound recorders and reproducers; television image and sound recorders and reproducers, parts and accessories of such articles",39679228.0,0.0,39679228.0,False
2019-09-01,2019,9,3,201909,M,imports,VNM,Vietnam,85,"Electrical machinery and equipment and parts thereof; sound recorders and reproducers; television image and sound recorders and reproducers, parts and accessories of such articles",83534472.0,0.0,83534472.0,False
2019-09-01,2019,9,3,201909,M,imports,W00,World,85,"Electrical machinery and equipment and parts thereof; sound recorders and reproducers; television image and sound recorders and reproducers, parts and accessories of such articles",1692276319.0,0.0,1692276319.0,False
2019-10-01,2019,10,4,201910,X,exports,CHN,China,85,"Electrical machinery and equipment and parts thereof; sound recorders and reproducers; television image and sound recorders and reproducers, parts and accessories of such articles",26063820.601,26063820.601,0.0,False
2019-10-01,2019,10,4,201910,X,exports,DEU,Germany,85,"Electrical machinery and equipment and parts thereof; sound recorders and reproducers; television image and sound recorders and reproducers, parts and accessories of such articles",11338264.616,11338264.616,0.0,False
2019-10-01,2019,10,4,201910,X,exports,JPN,Japan,85,"Electrical machinery and equipment and parts thereof; sound recorders and reproducers; television image and sound recorders and reproducers, parts and accessories of such articles",114412835.582,114412835.582,0.0,False
2019-10-01,2019,10,4,201910,X,exports,KOR,South Korea,85,"Electrical machinery and equipment and parts thereof; sound recorders and reproducers; television image and sound recorders and reproducers, parts and accessories of such articles",30187889.606,30187889.606,0.0,False
2019-10-01,2019,10,4,201910,X,exports,MYS,Malaysia,85,"Electrical machinery and equipment and parts thereof; sound recorders and reproducers; television image and sound recorders and reproducers, parts and accessories of such articles",31497766.197,31497766.197,0.0,False
2019-10-01,2019,10,4,201910,X,exports,PHL,Philippines,85,"Electrical machinery and equipment and parts thereof; sound recorders and reproducers; television image and sound recorders and reproducers, parts and accessories of such articles",32496193.965,32496193.965,0.0,False
2019-10-01,2019,10,4,201910,X,exports,SGP,Singapore,85,"Electrical machinery and equipment and parts thereof; sound recorders and reproducers; television image and sound recorders and reproducers, parts and accessories of such articles",146077926.393,146077926.393,0.0,False
2019-10-01,2019,10,4,201910,X,exports,THA,Thailand,85,"Electrical machinery and equipment and parts thereof; sound recorders and reproducers; television image and sound recorders and reproducers, parts and accessories of such articles",38237902.522,38237902.522,0.0,False
2019-10-01,2019,10,4,201910,X,exports,USA,United States,85,"Electrical machinery and equipment and parts thereof; sound recorders and reproducers; television image and sound recorders and reproducers, parts and accessories of such articles",110073159.135,110073159.135,0.0,False
2019-10-01,2019,10,4,201910,X,exports,VNM,Vietnam,85,"Electrical machinery and equipment and parts thereof; sound recorders and reproducers; television image and sound recorders and reproducers, parts and accessories of such articles",43868098.604,43868098.604,0.0,False
2019-10-01,2019,10,4,201910,X,exports,W00,World,85,"Electrical machinery and equipment and parts thereof; sound recorders and reproducers; television image and sound recorders and reproducers, parts and accessories of such articles",798519769.603,798519769.603,0.0,False
2019-10-01,2019,10,4,201910,M,imports,CHN,China,85,"Electrical machinery and equipment and parts thereof; sound recorders and reproducers; television image and sound recorders and reproducers, parts and accessories of such articles",881983961.0,0.0,881983961.0,False
2019-10-01,2019,10,4,201910,M,imports,DEU,Germany,85,"Electrical machinery and equipment and parts thereof; sound recorders and reproducers; television image and sound recorders and reproducers, parts and accessories of such articles",22447931.0,0.0,22447931.0,False
2019-10-01,2019,10,4,201910,M,imports,JPN,Japan,85,"Electrical machinery and equipment and parts thereof; sound recorders and reproducers; television image and sound recorders and reproducers, parts and accessories of such articles",130328080.0,0.0,130328080.0,False
2019-10-01,2019,10,4,201910,M,imports,KOR,South Korea,85,"Electrical machinery and equipment and parts thereof; sound recorders and reproducers; television image and sound recorders and reproducers, parts and accessories of such articles",83424773.0,0.0,83424773.0,False
2019-10-01,2019,10,4,201910,M,imports,MYS,Malaysia,85,"Electrical machinery and equipment and parts thereof; sound recorders and reproducers; television image and sound recorders and reproducers, parts and accessories of such articles",48264286.0,0.0,48264286.0,False
2019-10-01,2019,10,4,201910,M,imports,PHL,Philippines,85,"Electrical machinery and equipment and parts thereof; sound recorders and reproducers; television image and sound recorders and reproducers, parts and accessories of such articles",12983310.0,0.0,12983310.0,False
2019-10-01,2019,10,4,201910,M,imports,SGP,Singapore,85,"Electrical machinery and equipment and parts thereof; sound recorders and reproducers; television image and sound recorders and reproducers, parts and accessories of such articles",174941690.0,0.0,174941690.0,False
2019-10-01,2019,10,4,201910,M,imports,THA,Thailand,85,"Electrical machinery and equipment and parts thereof; sound recorders and reproducers; television image and sound recorders and reproducers, parts and accessories of such articles",61166165.0,0.0,61166165.0,False
2019-10-01,2019,10,4,201910,M,imports,USA,United States,85,"Electrical machinery and equipment and parts thereof; sound recorders and reproducers; television image and sound recorders and reproducers, parts and accessories of such articles",32684815.0,0.0,32684815.0,False
2019-10-01,2019,10,4,201910,M,imports,VNM,Vietnam,85,"Electrical machinery and equipment and parts thereof; sound recorders and reproducers; television image and sound recorders and reproducers, parts and accessories of such articles",73822830.0,0.0,73822830.0,False
2019-10-01,2019,10,4,201910,M,imports,W00,World,85,"Electrical machinery and equipment and parts thereof; sound recorders and reproducers; television image and sound recorders and reproducers, parts and accessories of such articles",1804733947.0,0.0,1804733947.0,False
2019-11-01,2019,11,4,201911,X,exports,CHN,China,85,"Electrical machinery and equipment and parts thereof; sound recorders and reproducers; television image and sound recorders and reproducers, parts and accessories of such articles",24868819.45,24868819.45,0.0,False
2019-11-01,2019,11,4,201911,X,exports,DEU,Germany,85,"Electrical machinery and equipment and parts thereof; sound recorders and reproducers; television image and sound recorders and reproducers, parts and accessories of such articles",10009935.827,10009935.827,0.0,False
2019-11-01,2019,11,4,201911,X,exports,JPN,Japan,85,"Electrical machinery and equipment and parts thereof; sound recorders and reproducers; television image and sound recorders and reproducers, parts and accessories of such articles",106131781.164,106131781.164,0.0,False
2019-11-01,2019,11,4,201911,X,exports,KOR,South Korea,85,"Electrical machinery and equipment and parts thereof; sound recorders and reproducers; television image and sound recorders and reproducers, parts and accessories of such articles",22224896.355,22224896.355,0.0,False
2019-11-01,2019,11,4,201911,X,exports,MYS,Malaysia,85,"Electrical machinery and equipment and parts thereof; sound recorders and reproducers; television image and sound recorders and reproducers, parts and accessories of such articles",40524404.517,40524404.517,0.0,False
2019-11-01,2019,11,4,201911,X,exports,PHL,Philippines,85,"Electrical machinery and equipment and parts thereof; sound recorders and reproducers; television image and sound recorders and reproducers, parts and accessories of such articles",32146765.958,32146765.958,0.0,False
2019-11-01,2019,11,4,201911,X,exports,SGP,Singapore,85,"Electrical machinery and equipment and parts thereof; sound recorders and reproducers; television image and sound recorders and reproducers, parts and accessories of such articles",144536365.583,144536365.583,0.0,False
2019-11-01,2019,11,4,201911,X,exports,THA,Thailand,85,"Electrical machinery and equipment and parts thereof; sound recorders and reproducers; television image and sound recorders and reproducers, parts and accessories of such articles",34505110.829,34505110.829,0.0,False
2019-11-01,2019,11,4,201911,X,exports,USA,United States,85,"Electrical machinery and equipment and parts thereof; sound recorders and reproducers; television image and sound recorders and reproducers, parts and accessories of such articles",118832009.73,118832009.73,0.0,False
2019-11-01,2019,11,4,201911,X,exports,VNM,Vietnam,85,"Electrical machinery and equipment and parts thereof; sound recorders and reproducers; television image and sound recorders and reproducers, parts and accessories of such articles",53116594.241,53116594.241,0.0,False
2019-11-01,2019,11,4,201911,X,exports,W00,World,85,"Electrical machinery and equipment and parts thereof; sound recorders and reproducers; television image and sound recorders and reproducers, parts and accessories of such articles",771183822.282,771183822.282,0.0,False
2019-11-01,2019,11,4,201911,M,imports,CHN,China,85,"Electrical machinery and equipment and parts thereof; sound recorders and reproducers; television image and sound recorders and reproducers, parts and accessories of such articles",908258068.0,0.0,908258068.0,False
2019-11-01,2019,11,4,201911,M,imports,DEU,Germany,85,"Electrical machinery and equipment and parts thereof; sound recorders and reproducers; television image and sound recorders and reproducers, parts and accessories of such articles",34223438.0,0.0,34223438.0,False
2019-11-01,2019,11,4,201911,M,imports,JPN,Japan,85,"Electrical machinery and equipment and parts thereof; sound recorders and reproducers; television image and sound recorders and reproducers, parts and accessories of such articles",122670534.0,0.0,122670534.0,False
2019-11-01,2019,11,4,201911,M,imports,KOR,South Korea,85,"Electrical machinery and equipment and parts thereof; sound recorders and reproducers; television image and sound recorders and reproducers, parts and accessories of such articles",71841972.0,0.0,71841972.0,False
2019-11-01,2019,11,4,201911,M,imports,MYS,Malaysia,85,"Electrical machinery and equipment and parts thereof; sound recorders and reproducers; television image and sound recorders and reproducers, parts and accessories of such articles",43478066.0,0.0,43478066.0,False
2019-11-01,2019,11,4,201911,M,imports,PHL,Philippines,85,"Electrical machinery and equipment and parts thereof; sound recorders and reproducers; television image and sound recorders and reproducers, parts and accessories of such articles",11448945.0,0.0,11448945.0,False
2019-11-01,2019,11,4,201911,M,imports,SGP,Singapore,85,"Electrical machinery and equipment and parts thereof; sound recorders and reproducers; television image and sound recorders and reproducers, parts and accessories of such articles",214675786.0,0.0,214675786.0,False
2019-11-01,2019,11,4,201911,M,imports,THA,Thailand,85,"Electrical machinery and equipment and parts thereof; sound recorders and reproducers; television image and sound recorders and reproducers, parts and accessories of such articles",59249655.0,0.0,59249655.0,False
2019-11-01,2019,11,4,201911,M,imports,USA,United States,85,"Electrical machinery and equipment and parts thereof; sound recorders and reproducers; television image and sound recorders and reproducers, parts and accessories of such articles",28899048.0,0.0,28899048.0,False
2019-11-01,2019,11,4,201911,M,imports,VNM,Vietnam,85,"Electrical machinery and equipment and parts thereof; sound recorders and reproducers; television image and sound recorders and reproducers, parts and accessories of such articles",62032561.0,0.0,62032561.0,False
2019-11-01,2019,11,4,201911,M,imports,W00,World,85,"Electrical machinery and equipment and parts thereof; sound recorders and reproducers; television image and sound recorders and reproducers, parts and accessories of such articles",1951530406.0,0.0,1951530406.0,False
2019-12-01,2019,12,4,201912,X,exports,CHN,China,85,"Electrical machinery and equipment and parts thereof; sound recorders and reproducers; television image and sound recorders and reproducers, parts and accessories of such articles",21639875.163,21639875.163,0.0,False
2019-12-01,2019,12,4,201912,X,exports,DEU,Germany,85,"Electrical machinery and equipment and parts thereof; sound recorders and reproducers; television image and sound recorders and reproducers, parts and accessories of such articles",11043758.379,11043758.379,0.0,False
2019-12-01,2019,12,4,201912,X,exports,JPN,Japan,85,"Electrical machinery and equipment and parts thereof; sound recorders and reproducers; television image and sound recorders and reproducers, parts and accessories of such articles",95648334.109,95648334.109,0.0,False
2019-12-01,2019,12,4,201912,X,exports,KOR,South Korea,85,"Electrical machinery and equipment and parts thereof; sound recorders and reproducers; television image and sound recorders and reproducers, parts and accessories of such articles",21088880.916,21088880.916,0.0,False
2019-12-01,2019,12,4,201912,X,exports,MYS,Malaysia,85,"Electrical machinery and equipment and parts thereof; sound recorders and reproducers; television image and sound recorders and reproducers, parts and accessories of such articles",24709207.921,24709207.921,0.0,False
2019-12-01,2019,12,4,201912,X,exports,PHL,Philippines,85,"Electrical machinery and equipment and parts thereof; sound recorders and reproducers; television image and sound recorders and reproducers, parts and accessories of such articles",17149982.066,17149982.066,0.0,False
2019-12-01,2019,12,4,201912,X,exports,SGP,Singapore,85,"Electrical machinery and equipment and parts thereof; sound recorders and reproducers; television image and sound recorders and reproducers, parts and accessories of such articles",117979344.648,117979344.648,0.0,False
2019-12-01,2019,12,4,201912,X,exports,THA,Thailand,85,"Electrical machinery and equipment and parts thereof; sound recorders and reproducers; television image and sound recorders and reproducers, parts and accessories of such articles",25368540.165,25368540.165,0.0,False
2019-12-01,2019,12,4,201912,X,exports,USA,United States,85,"Electrical machinery and equipment and parts thereof; sound recorders and reproducers; television image and sound recorders and reproducers, parts and accessories of such articles",135343179.467,135343179.467,0.0,False
2019-12-01,2019,12,4,201912,X,exports,VNM,Vietnam,85,"Electrical machinery and equipment and parts thereof; sound recorders and reproducers; television image and sound recorders and reproducers, parts and accessories of such articles",40238124.96,40238124.96,0.0,False
2019-12-01,2019,12,4,201912,X,exports,W00,World,85,"Electrical machinery and equipment and parts thereof; sound recorders and reproducers; television image and sound recorders and reproducers, parts and accessories of such articles",692672862.183,692672862.183,0.0,False
2019-12-01,2019,12,4,201912,M,imports,CHN,China,85,"Electrical machinery and equipment and parts thereof; sound recorders and reproducers; television image and sound recorders and reproducers, parts and accessories of such articles",823712116.0,0.0,823712116.0,False
2019-12-01,2019,12,4,201912,M,imports,DEU,Germany,85,"Electrical machinery and equipment and parts thereof; sound recorders and reproducers; television image and sound recorders and reproducers, parts and accessories of such articles",22700510.0,0.0,22700510.0,False
2019-12-01,2019,12,4,201912,M,imports,JPN,Japan,85,"Electrical machinery and equipment and parts thereof; sound recorders and reproducers; television image and sound recorders and reproducers, parts and accessories of such articles",100251400.0,0.0,100251400.0,False
2019-12-01,2019,12,4,201912,M,imports,KOR,South Korea,85,"Electrical machinery and equipment and parts thereof; sound recorders and reproducers; television image and sound recorders and reproducers, parts and accessories of such articles",55705208.0,0.0,55705208.0,False
2019-12-01,2019,12,4,201912,M,imports,MYS,Malaysia,85,"Electrical machinery and equipment and parts thereof; sound recorders and reproducers; television image and sound recorders and reproducers, parts and accessories of such articles",48706794.0,0.0,48706794.0,False
2019-12-01,2019,12,4,201912,M,imports,PHL,Philippines,85,"Electrical machinery and equipment and parts thereof; sound recorders and reproducers; television image and sound recorders and reproducers, parts and accessories of such articles",14132723.0,0.0,14132723.0,False
2019-12-01,2019,12,4,201912,M,imports,SGP,Singapore,85,"Electrical machinery and equipment and parts thereof; sound recorders and reproducers; television image and sound recorders and reproducers, parts and accessories of such articles",160539058.0,0.0,160539058.0,False
2019-12-01,2019,12,4,201912,M,imports,THA,Thailand,85,"Electrical machinery and equipment and parts thereof; sound recorders and reproducers; television image and sound recorders and reproducers, parts and accessories of such articles",49265245.0,0.0,49265245.0,False
2019-12-01,2019,12,4,201912,M,imports,USA,United States,85,"Electrical machinery and equipment and parts thereof; sound recorders and reproducers; television image and sound recorders and reproducers, parts and accessories of such articles",34874386.0,0.0,34874386.0,False
2019-12-01,2019,12,4,201912,M,imports,VNM,Vietnam,85,"Electrical machinery and equipment and parts thereof; sound recorders and reproducers; television image and sound recorders and reproducers, parts and accessories of such articles",46907349.0,0.0,46907349.0,False
2019-12-01,2019,12,4,201912,M,imports,W00,World,85,"Electrical machinery and equipment and parts thereof; sound recorders and reproducers; television image and sound recorders and reproducers, parts and accessories of such articles",1722920218.0,0.0,1722920218.0,False
2020-01-01,2020,1,1,202001,X,exports,CHN,China,85,"Electrical machinery and equipment and parts thereof; sound recorders and reproducers; television image and sound recorders and reproducers, parts and accessories of such articles",20099309.373,20099309.373,0.0,False
2020-01-01,2020,1,1,202001,X,exports,DEU,Germany,85,"Electrical machinery and equipment and parts thereof; sound recorders and reproducers; television image and sound recorders and reproducers, parts and accessories of such articles",11431248.346,11431248.346,0.0,False
2020-01-01,2020,1,1,202001,X,exports,JPN,Japan,85,"Electrical machinery and equipment and parts thereof; sound recorders and reproducers; television image and sound recorders and reproducers, parts and accessories of such articles",129130988.505,129130988.505,0.0,False
2020-01-01,2020,1,1,202001,X,exports,KOR,South Korea,85,"Electrical machinery and equipment and parts thereof; sound recorders and reproducers; television image and sound recorders and reproducers, parts and accessories of such articles",23317000.714,23317000.714,0.0,False
2020-01-01,2020,1,1,202001,X,exports,MYS,Malaysia,85,"Electrical machinery and equipment and parts thereof; sound recorders and reproducers; television image and sound recorders and reproducers, parts and accessories of such articles",28414566.911,28414566.911,0.0,False
2020-01-01,2020,1,1,202001,X,exports,PHL,Philippines,85,"Electrical machinery and equipment and parts thereof; sound recorders and reproducers; television image and sound recorders and reproducers, parts and accessories of such articles",21250116.299,21250116.299,0.0,False
2020-01-01,2020,1,1,202001,X,exports,SGP,Singapore,85,"Electrical machinery and equipment and parts thereof; sound recorders and reproducers; television image and sound recorders and reproducers, parts and accessories of such articles",131397126.565,131397126.565,0.0,False
2020-01-01,2020,1,1,202001,X,exports,THA,Thailand,85,"Electrical machinery and equipment and parts thereof; sound recorders and reproducers; television image and sound recorders and reproducers, parts and accessories of such articles",43146376.451,43146376.451,0.0,False
2020-01-01,2020,1,1,202001,X,exports,USA,United States,85,"Electrical machinery and equipment and parts thereof; sound recorders and reproducers; television image and sound recorders and reproducers, parts and accessories of such articles",148613068.118,148613068.118,0.0,False
2020-01-01,2020,1,1,202001,X,exports,VNM,Vietnam,85,"Electrical machinery and equipment and parts thereof; sound recorders and reproducers; television image and sound recorders and reproducers, parts and accessories of such articles",25152351.205,25152351.205,0.0,False
2020-01-01,2020,1,1,202001,X,exports,W00,World,85,"Electrical machinery and equipment and parts thereof; sound recorders and reproducers; television image and sound recorders and reproducers, parts and accessories of such articles",779270115.307,779270115.307,0.0,False
2020-01-01,2020,1,1,202001,M,imports,CHN,China,85,"Electrical machinery and equipment and parts thereof; sound recorders and reproducers; television image and sound recorders and reproducers, parts and accessories of such articles",808995314.0,0.0,808995314.0,False
2020-01-01,2020,1,1,202001,M,imports,DEU,Germany,85,"Electrical machinery and equipment and parts thereof; sound recorders and reproducers; television image and sound recorders and reproducers, parts and accessories of such articles",19540914.0,0.0,19540914.0,False
2020-01-01,2020,1,1,202001,M,imports,JPN,Japan,85,"Electrical machinery and equipment and parts thereof; sound recorders and reproducers; television image and sound recorders and reproducers, parts and accessories of such articles",106182790.0,0.0,106182790.0,False
2020-01-01,2020,1,1,202001,M,imports,KOR,South Korea,85,"Electrical machinery and equipment and parts thereof; sound recorders and reproducers; television image and sound recorders and reproducers, parts and accessories of such articles",77195890.0,0.0,77195890.0,False
2020-01-01,2020,1,1,202001,M,imports,MYS,Malaysia,85,"Electrical machinery and equipment and parts thereof; sound recorders and reproducers; television image and sound recorders and reproducers, parts and accessories of such articles",63991381.0,0.0,63991381.0,False
2020-01-01,2020,1,1,202001,M,imports,PHL,Philippines,85,"Electrical machinery and equipment and parts thereof; sound recorders and reproducers; television image and sound recorders and reproducers, parts and accessories of such articles",10805571.0,0.0,10805571.0,False
2020-01-01,2020,1,1,202001,M,imports,SGP,Singapore,85,"Electrical machinery and equipment and parts thereof; sound recorders and reproducers; television image and sound recorders and reproducers, parts and accessories of such articles",178589834.0,0.0,178589834.0,False
2020-01-01,2020,1,1,202001,M,imports,THA,Thailand,85,"Electrical machinery and equipment and parts thereof; sound recorders and reproducers; television image and sound recorders and reproducers, parts and accessories of such articles",53602261.0,0.0,53602261.0,False
2020-01-01,2020,1,1,202001,M,imports,USA,United States,85,"Electrical machinery and equipment and parts thereof; sound recorders and reproducers; television image and sound recorders and reproducers, parts and accessories of such articles",35935961.0,0.0,35935961.0,False
2020-01-01,2020,1,1,202001,M,imports,VNM,Vietnam,85,"Electrical machinery and equipment and parts thereof; sound recorders and reproducers; television image and sound recorders and reproducers, parts and accessories of such articles",85490445.0,0.0,85490445.0,False
2020-01-01,2020,1,1,202001,M,imports,W00,World,85,"Electrical machinery and equipment and parts thereof; sound recorders and reproducers; television image and sound recorders and reproducers, parts and accessories of such articles",1727001517.0,0.0,1727001517.0,False
2020-02-01,2020,2,1,202002,X,exports,CHN,China,85,"Electrical machinery and equipment and parts thereof; sound recorders and reproducers; television image and sound recorders and reproducers, parts and accessories of such articles",20784127.663,20784127.663,0.0,False
2020-02-01,2020,2,1,202002,X,exports,DEU,Germany,85,"Electrical machinery and equipment and parts thereof; sound recorders and reproducers; television image and sound recorders and reproducers, parts and accessories of such articles",10740006.849,10740006.849,0.0,False
2020-02-01,2020,2,1,202002,X,exports,JPN,Japan,85,"Electrical machinery and equipment and parts thereof; sound recorders and reproducers; television image and sound recorders and reproducers, parts and accessories of such articles",121477528.523,121477528.523,0.0,False
2020-02-01,2020,2,1,202002,X,exports,KOR,South Korea,85,"Electrical machinery and equipment and parts thereof; sound recorders and reproducers; television image and sound recorders and reproducers, parts and accessories of such articles",26284743.586,26284743.586,0.0,False
2020-02-01,2020,2,1,202002,X,exports,MYS,Malaysia,85,"Electrical machinery and equipment and parts thereof; sound recorders and reproducers; television image and sound recorders and reproducers, parts and accessories of such articles",21365834.159,21365834.159,0.0,False
2020-02-01,2020,2,1,202002,X,exports,PHL,Philippines,85,"Electrical machinery and equipment and parts thereof; sound recorders and reproducers; television image and sound recorders and reproducers, parts and accessories of such articles",21441168.575,21441168.575,0.0,False
2020-02-01,2020,2,1,202002,X,exports,SGP,Singapore,85,"Electrical machinery and equipment and parts thereof; sound recorders and reproducers; television image and sound recorders and reproducers, parts and accessories of such articles",124481409.112,124481409.112,0.0,False
2020-02-01,2020,2,1,202002,X,exports,THA,Thailand,85,"Electrical machinery and equipment and parts thereof; sound recorders and reproducers; television image and sound recorders and reproducers, parts and accessories of such articles",40856521.395,40856521.395,0.0,False
2020-02-01,2020,2,1,202002,X,exports,USA,United States,85,"Electrical machinery and equipment and parts thereof; sound recorders and reproducers; television image and sound recorders and reproducers, parts and accessories of such articles",161825304.801,161825304.801,0.0,False
2020-02-01,2020,2,1,202002,X,exports,VNM,Vietnam,85,"Electrical machinery and equipment and parts thereof; sound recorders and reproducers; television image and sound recorders and reproducers, parts and accessories of such articles",23644110.343,23644110.343,0.0,False
2020-02-01,2020,2,1,202002,X,exports,W00,World,85,"Electrical machinery and equipment and parts thereof; sound recorders and reproducers; television image and sound recorders and reproducers, parts and accessories of such articles",763207998.033,763207998.033,0.0,False
2020-02-01,2020,2,1,202002,M,imports,CHN,China,85,"Electrical machinery and equipment and parts thereof; sound recorders and reproducers; television image and sound recorders and reproducers, parts and accessories of such articles",443568788.0,0.0,443568788.0,False
2020-02-01,2020,2,1,202002,M,imports,DEU,Germany,85,"Electrical machinery and equipment and parts thereof; sound recorders and reproducers; television image and sound recorders and reproducers, parts and accessories of such articles",23221981.0,0.0,23221981.0,False
2020-02-01,2020,2,1,202002,M,imports,JPN,Japan,85,"Electrical machinery and equipment and parts thereof; sound recorders and reproducers; television image and sound recorders and reproducers, parts and accessories of such articles",123941911.0,0.0,123941911.0,False
2020-02-01,2020,2,1,202002,M,imports,KOR,South Korea,85,"Electrical machinery and equipment and parts thereof; sound recorders and reproducers; television image and sound recorders and reproducers, parts and accessories of such articles",78675823.0,0.0,78675823.0,False
2020-02-01,2020,2,1,202002,M,imports,MYS,Malaysia,85,"Electrical machinery and equipment and parts thereof; sound recorders and reproducers; television image and sound recorders and reproducers, parts and accessories of such articles",38895925.0,0.0,38895925.0,False
2020-02-01,2020,2,1,202002,M,imports,PHL,Philippines,85,"Electrical machinery and equipment and parts thereof; sound recorders and reproducers; television image and sound recorders and reproducers, parts and accessories of such articles",10094336.0,0.0,10094336.0,False
2020-02-01,2020,2,1,202002,M,imports,SGP,Singapore,85,"Electrical machinery and equipment and parts thereof; sound recorders and reproducers; television image and sound recorders and reproducers, parts and accessories of such articles",136838752.0,0.0,136838752.0,False
2020-02-01,2020,2,1,202002,M,imports,THA,Thailand,85,"Electrical machinery and equipment and parts thereof; sound recorders and reproducers; television image and sound recorders and reproducers, parts and accessories of such articles",50530215.0,0.0,50530215.0,False
2020-02-01,2020,2,1,202002,M,imports,USA,United States,85,"Electrical machinery and equipment and parts thereof; sound recorders and reproducers; television image and sound recorders and reproducers, parts and accessories of such articles",21264961.0,0.0,21264961.0,False
2020-02-01,2020,2,1,202002,M,imports,VNM,Vietnam,85,"Electrical machinery and equipment and parts thereof; sound recorders and reproducers; television image and sound recorders and reproducers, parts and accessories of such articles",67628562.0,0.0,67628562.0,False
2020-02-01,2020,2,1,202002,M,imports,W00,World,85,"Electrical machinery and equipment and parts thereof; sound recorders and reproducers; television image and sound recorders and reproducers, parts and accessories of such articles",1187837847.0,0.0,1187837847.0,False
2020-03-01,2020,3,1,202003,X,exports,CHN,China,85,"Electrical machinery and equipment and parts thereof; sound recorders and reproducers; television image and sound recorders and reproducers, parts and accessories of such articles",21477655.807,21477655.807,0.0,False
2020-03-01,2020,3,1,202003,X,exports,DEU,Germany,85,"Electrical machinery and equipment and parts thereof; sound recorders and reproducers; television image and sound recorders and reproducers, parts and accessories of such articles",11747236.49,11747236.49,0.0,False
2020-03-01,2020,3,1,202003,X,exports,JPN,Japan,85,"Electrical machinery and equipment and parts thereof; sound recorders and reproducers; television image and sound recorders and reproducers, parts and accessories of such articles",116303399.632,116303399.632,0.0,False
2020-03-01,2020,3,1,202003,X,exports,KOR,South Korea,85,"Electrical machinery and equipment and parts thereof; sound recorders and reproducers; television image and sound recorders and reproducers, parts and accessories of such articles",27882947.24,27882947.24,0.0,False
2020-03-01,2020,3,1,202003,X,exports,MYS,Malaysia,85,"Electrical machinery and equipment and parts thereof; sound recorders and reproducers; television image and sound recorders and reproducers, parts and accessories of such articles",24665424.301,24665424.301,0.0,False
2020-03-01,2020,3,1,202003,X,exports,PHL,Philippines,85,"Electrical machinery and equipment and parts thereof; sound recorders and reproducers; television image and sound recorders and reproducers, parts and accessories of such articles",23242091.088,23242091.088,0.0,False
2020-03-01,2020,3,1,202003,X,exports,SGP,Singapore,85,"Electrical machinery and equipment and parts thereof; sound recorders and reproducers; television image and sound recorders and reproducers, parts and accessories of such articles",118028780.3,118028780.3,0.0,False
2020-03-01,2020,3,1,202003,X,exports,THA,Thailand,85,"Electrical machinery and equipment and parts thereof; sound recorders and reproducers; television image and sound recorders and reproducers, parts and accessories of such articles",44643074.192,44643074.192,0.0,False
2020-03-01,2020,3,1,202003,X,exports,USA,United States,85,"Electrical machinery and equipment and parts thereof; sound recorders and reproducers; television image and sound recorders and reproducers, parts and accessories of such articles",142496677.466,142496677.466,0.0,False
2020-03-01,2020,3,1,202003,X,exports,VNM,Vietnam,85,"Electrical machinery and equipment and parts thereof; sound recorders and reproducers; television image and sound recorders and reproducers, parts and accessories of such articles",30059044.013,30059044.013,0.0,False
2020-03-01,2020,3,1,202003,X,exports,W00,World,85,"Electrical machinery and equipment and parts thereof; sound recorders and reproducers; television image and sound recorders and reproducers, parts and accessories of such articles",721437955.003,721437955.003,0.0,False
2020-03-01,2020,3,1,202003,M,imports,CHN,China,85,"Electrical machinery and equipment and parts thereof; sound recorders and reproducers; television image and sound recorders and reproducers, parts and accessories of such articles",698398170.0,0.0,698398170.0,False
2020-03-01,2020,3,1,202003,M,imports,DEU,Germany,85,"Electrical machinery and equipment and parts thereof; sound recorders and reproducers; television image and sound recorders and reproducers, parts and accessories of such articles",15025258.0,0.0,15025258.0,False
2020-03-01,2020,3,1,202003,M,imports,JPN,Japan,85,"Electrical machinery and equipment and parts thereof; sound recorders and reproducers; television image and sound recorders and reproducers, parts and accessories of such articles",108592559.0,0.0,108592559.0,False
2020-03-01,2020,3,1,202003,M,imports,KOR,South Korea,85,"Electrical machinery and equipment and parts thereof; sound recorders and reproducers; television image and sound recorders and reproducers, parts and accessories of such articles",72008396.0,0.0,72008396.0,False
2020-03-01,2020,3,1,202003,M,imports,MYS,Malaysia,85,"Electrical machinery and equipment and parts thereof; sound recorders and reproducers; television image and sound recorders and reproducers, parts and accessories of such articles",45790278.0,0.0,45790278.0,False
2020-03-01,2020,3,1,202003,M,imports,PHL,Philippines,85,"Electrical machinery and equipment and parts thereof; sound recorders and reproducers; television image and sound recorders and reproducers, parts and accessories of such articles",11354514.0,0.0,11354514.0,False
2020-03-01,2020,3,1,202003,M,imports,SGP,Singapore,85,"Electrical machinery and equipment and parts thereof; sound recorders and reproducers; television image and sound recorders and reproducers, parts and accessories of such articles",163577078.0,0.0,163577078.0,False
2020-03-01,2020,3,1,202003,M,imports,THA,Thailand,85,"Electrical machinery and equipment and parts thereof; sound recorders and reproducers; television image and sound recorders and reproducers, parts and accessories of such articles",55128342.0,0.0,55128342.0,False
2020-03-01,2020,3,1,202003,M,imports,USA,United States,85,"Electrical machinery and equipment and parts thereof; sound recorders and reproducers; television image and sound recorders and reproducers, parts and accessories of such articles",40498459.0,0.0,40498459.0,False
2020-03-01,2020,3,1,202003,M,imports,VNM,Vietnam,85,"Electrical machinery and equipment and parts thereof; sound recorders and reproducers; television image and sound recorders and reproducers, parts and accessories of such articles",70270142.0,0.0,70270142.0,False
2020-03-01,2020,3,1,202003,M,imports,W00,World,85,"Electrical machinery and equipment and parts thereof; sound recorders and reproducers; television image and sound recorders and reproducers, parts and accessories of such articles",1610718699.0,0.0,1610718699.0,False
2020-04-01,2020,4,2,202004,X,exports,CHN,China,85,"Electrical machinery and equipment and parts thereof; sound recorders and reproducers; television image and sound recorders and reproducers, parts and accessories of such articles",23909350.625,23909350.625,0.0,False
2020-04-01,2020,4,2,202004,X,exports,DEU,Germany,85,"Electrical machinery and equipment and parts thereof; sound recorders and reproducers; television image and sound recorders and reproducers, parts and accessories of such articles",11837307.047,11837307.047,0.0,False
2020-04-01,2020,4,2,202004,X,exports,JPN,Japan,85,"Electrical machinery and equipment and parts thereof; sound recorders and reproducers; television image and sound recorders and reproducers, parts and accessories of such articles",96505893.055,96505893.055,0.0,False
2020-04-01,2020,4,2,202004,X,exports,KOR,South Korea,85,"Electrical machinery and equipment and parts thereof; sound recorders and reproducers; television image and sound recorders and reproducers, parts and accessories of such articles",19849591.492,19849591.492,0.0,False
2020-04-01,2020,4,2,202004,X,exports,MYS,Malaysia,85,"Electrical machinery and equipment and parts thereof; sound recorders and reproducers; television image and sound recorders and reproducers, parts and accessories of such articles",12745626.488,12745626.488,0.0,False
2020-04-01,2020,4,2,202004,X,exports,PHL,Philippines,85,"Electrical machinery and equipment and parts thereof; sound recorders and reproducers; television image and sound recorders and reproducers, parts and accessories of such articles",7337219.524,7337219.524,0.0,False
2020-04-01,2020,4,2,202004,X,exports,SGP,Singapore,85,"Electrical machinery and equipment and parts thereof; sound recorders and reproducers; television image and sound recorders and reproducers, parts and accessories of such articles",105090426.572,105090426.572,0.0,False
2020-04-01,2020,4,2,202004,X,exports,THA,Thailand,85,"Electrical machinery and equipment and parts thereof; sound recorders and reproducers; television image and sound recorders and reproducers, parts and accessories of such articles",21478265.534,21478265.534,0.0,False
2020-04-01,2020,4,2,202004,X,exports,USA,United States,85,"Electrical machinery and equipment and parts thereof; sound recorders and reproducers; television image and sound recorders and reproducers, parts and accessories of such articles",126073689.334,126073689.334,0.0,False
2020-04-01,2020,4,2,202004,X,exports,VNM,Vietnam,85,"Electrical machinery and equipment and parts thereof; sound recorders and reproducers; television image and sound recorders and reproducers, parts and accessories of such articles",18249668.236,18249668.236,0.0,False
2020-04-01,2020,4,2,202004,X,exports,W00,World,85,"Electrical machinery and equipment and parts thereof; sound recorders and reproducers; television image and sound recorders and reproducers, parts and accessories of such articles",591647848.597,591647848.597,0.0,False
2020-04-01,2020,4,2,202004,M,imports,CHN,China,85,"Electrical machinery and equipment and parts thereof; sound recorders and reproducers; television image and sound recorders and reproducers, parts and accessories of such articles",809068818.0,0.0,809068818.0,False
2020-04-01,2020,4,2,202004,M,imports,DEU,Germany,85,"Electrical machinery and equipment and parts thereof; sound recorders and reproducers; television image and sound recorders and reproducers, parts and accessories of such articles",13501700.0,0.0,13501700.0,False
2020-04-01,2020,4,2,202004,M,imports,JPN,Japan,85,"Electrical machinery and equipment and parts thereof; sound recorders and reproducers; television image and sound recorders and reproducers, parts and accessories of such articles",112759628.0,0.0,112759628.0,False
2020-04-01,2020,4,2,202004,M,imports,KOR,South Korea,85,"Electrical machinery and equipment and parts thereof; sound recorders and reproducers; television image and sound recorders and reproducers, parts and accessories of such articles",62392133.0,0.0,62392133.0,False
2020-04-01,2020,4,2,202004,M,imports,MYS,Malaysia,85,"Electrical machinery and equipment and parts thereof; sound recorders and reproducers; television image and sound recorders and reproducers, parts and accessories of such articles",39309442.0,0.0,39309442.0,False
2020-04-01,2020,4,2,202004,M,imports,PHL,Philippines,85,"Electrical machinery and equipment and parts thereof; sound recorders and reproducers; television image and sound recorders and reproducers, parts and accessories of such articles",7874820.0,0.0,7874820.0,False
2020-04-01,2020,4,2,202004,M,imports,SGP,Singapore,85,"Electrical machinery and equipment and parts thereof; sound recorders and reproducers; television image and sound recorders and reproducers, parts and accessories of such articles",159911911.0,0.0,159911911.0,False
2020-04-01,2020,4,2,202004,M,imports,THA,Thailand,85,"Electrical machinery and equipment and parts thereof; sound recorders and reproducers; television image and sound recorders and reproducers, parts and accessories of such articles",40604295.0,0.0,40604295.0,False
2020-04-01,2020,4,2,202004,M,imports,USA,United States,85,"Electrical machinery and equipment and parts thereof; sound recorders and reproducers; television image and sound recorders and reproducers, parts and accessories of such articles",23415645.0,0.0,23415645.0,False
2020-04-01,2020,4,2,202004,M,imports,VNM,Vietnam,85,"Electrical machinery and equipment and parts thereof; sound recorders and reproducers; television image and sound recorders and reproducers, parts and accessories of such articles",52179221.0,0.0,52179221.0,False
2020-04-01,2020,4,2,202004,M,imports,W00,World,85,"Electrical machinery and equipment and parts thereof; sound recorders and reproducers; television image and sound recorders and reproducers, parts and accessories of such articles",1667298806.0,0.0,1667298806.0,False
2020-05-01,2020,5,2,202005,X,exports,CHN,China,85,"Electrical machinery and equipment and parts thereof; sound recorders and reproducers; television image and sound recorders and reproducers, parts and accessories of such articles",19813766.05,19813766.05,0.0,False
2020-05-01,2020,5,2,202005,X,exports,DEU,Germany,85,"Electrical machinery and equipment and parts thereof; sound recorders and reproducers; television image and sound recorders and reproducers, parts and accessories of such articles",6583086.898,6583086.898,0.0,False
2020-05-01,2020,5,2,202005,X,exports,JPN,Japan,85,"Electrical machinery and equipment and parts thereof; sound recorders and reproducers; television image and sound recorders and reproducers, parts and accessories of such articles",59679946.317,59679946.317,0.0,False
2020-05-01,2020,5,2,202005,X,exports,KOR,South Korea,85,"Electrical machinery and equipment and parts thereof; sound recorders and reproducers; television image and sound recorders and reproducers, parts and accessories of such articles",14607718.406,14607718.406,0.0,False
2020-05-01,2020,5,2,202005,X,exports,MYS,Malaysia,85,"Electrical machinery and equipment and parts thereof; sound recorders and reproducers; television image and sound recorders and reproducers, parts and accessories of such articles",11049538.094,11049538.094,0.0,False
2020-05-01,2020,5,2,202005,X,exports,PHL,Philippines,85,"Electrical machinery and equipment and parts thereof; sound recorders and reproducers; television image and sound recorders and reproducers, parts and accessories of such articles",3487802.381,3487802.381,0.0,False
2020-05-01,2020,5,2,202005,X,exports,SGP,Singapore,85,"Electrical machinery and equipment and parts thereof; sound recorders and reproducers; television image and sound recorders and reproducers, parts and accessories of such articles",82410560.21,82410560.21,0.0,False
2020-05-01,2020,5,2,202005,X,exports,THA,Thailand,85,"Electrical machinery and equipment and parts thereof; sound recorders and reproducers; television image and sound recorders and reproducers, parts and accessories of such articles",19754417.903,19754417.903,0.0,False
2020-05-01,2020,5,2,202005,X,exports,USA,United States,85,"Electrical machinery and equipment and parts thereof; sound recorders and reproducers; television image and sound recorders and reproducers, parts and accessories of such articles",106810702.24,106810702.24,0.0,False
2020-05-01,2020,5,2,202005,X,exports,VNM,Vietnam,85,"Electrical machinery and equipment and parts thereof; sound recorders and reproducers; television image and sound recorders and reproducers, parts and accessories of such articles",20013753.838,20013753.838,0.0,False
2020-05-01,2020,5,2,202005,X,exports,W00,World,85,"Electrical machinery and equipment and parts thereof; sound recorders and reproducers; television image and sound recorders and reproducers, parts and accessories of such articles",500853190.729,500853190.729,0.0,False
2020-05-01,2020,5,2,202005,M,imports,CHN,China,85,"Electrical machinery and equipment and parts thereof; sound recorders and reproducers; television image and sound recorders and reproducers, parts and accessories of such articles",514445745.0,0.0,514445745.0,False
2020-05-01,2020,5,2,202005,M,imports,DEU,Germany,85,"Electrical machinery and equipment and parts thereof; sound recorders and reproducers; television image and sound recorders and reproducers, parts and accessories of such articles",13121372.0,0.0,13121372.0,False
2020-05-01,2020,5,2,202005,M,imports,JPN,Japan,85,"Electrical machinery and equipment and parts thereof; sound recorders and reproducers; television image and sound recorders and reproducers, parts and accessories of such articles",52091693.0,0.0,52091693.0,False
2020-05-01,2020,5,2,202005,M,imports,KOR,South Korea,85,"Electrical machinery and equipment and parts thereof; sound recorders and reproducers; television image and sound recorders and reproducers, parts and accessories of such articles",50930065.0,0.0,50930065.0,False
2020-05-01,2020,5,2,202005,M,imports,MYS,Malaysia,85,"Electrical machinery and equipment and parts thereof; sound recorders and reproducers; television image and sound recorders and reproducers, parts and accessories of such articles",53529099.0,0.0,53529099.0,False
2020-05-01,2020,5,2,202005,M,imports,PHL,Philippines,85,"Electrical machinery and equipment and parts thereof; sound recorders and reproducers; television image and sound recorders and reproducers, parts and accessories of such articles",4036020.0,0.0,4036020.0,False
2020-05-01,2020,5,2,202005,M,imports,SGP,Singapore,85,"Electrical machinery and equipment and parts thereof; sound recorders and reproducers; television image and sound recorders and reproducers, parts and accessories of such articles",163483956.0,0.0,163483956.0,False
2020-05-01,2020,5,2,202005,M,imports,THA,Thailand,85,"Electrical machinery and equipment and parts thereof; sound recorders and reproducers; television image and sound recorders and reproducers, parts and accessories of such articles",21477445.0,0.0,21477445.0,False
2020-05-01,2020,5,2,202005,M,imports,USA,United States,85,"Electrical machinery and equipment and parts thereof; sound recorders and reproducers; television image and sound recorders and reproducers, parts and accessories of such articles",22458659.0,0.0,22458659.0,False
2020-05-01,2020,5,2,202005,M,imports,VNM,Vietnam,85,"Electrical machinery and equipment and parts thereof; sound recorders and reproducers; television image and sound recorders and reproducers, parts and accessories of such articles",34495175.0,0.0,34495175.0,False
2020-05-01,2020,5,2,202005,M,imports,W00,World,85,"Electrical machinery and equipment and parts thereof; sound recorders and reproducers; television image and sound recorders and reproducers, parts and accessories of such articles",1141391619.0,0.0,1141391619.0,False
2020-06-01,2020,6,2,202006,X,exports,CHN,China,85,"Electrical machinery and equipment and parts thereof; sound recorders and reproducers; television image and sound recorders and reproducers, parts and accessories of such articles",32046112.707,32046112.707,0.0,False
2020-06-01,2020,6,2,202006,X,exports,DEU,Germany,85,"Electrical machinery and equipment and parts thereof; sound recorders and reproducers; television image and sound recorders and reproducers, parts and accessories of such articles",9028979.019,9028979.019,0.0,False
2020-06-01,2020,6,2,202006,X,exports,JPN,Japan,85,"Electrical machinery and equipment and parts thereof; sound recorders and reproducers; television image and sound recorders and reproducers, parts and accessories of such articles",91314061.436,91314061.436,0.0,False
2020-06-01,2020,6,2,202006,X,exports,KOR,South Korea,85,"Electrical machinery and equipment and parts thereof; sound recorders and reproducers; television image and sound recorders and reproducers, parts and accessories of such articles",19184219.488,19184219.488,0.0,False
2020-06-01,2020,6,2,202006,X,exports,MYS,Malaysia,85,"Electrical machinery and equipment and parts thereof; sound recorders and reproducers; television image and sound recorders and reproducers, parts and accessories of such articles",39586516.033,39586516.033,0.0,False
2020-06-01,2020,6,2,202006,X,exports,PHL,Philippines,85,"Electrical machinery and equipment and parts thereof; sound recorders and reproducers; television image and sound recorders and reproducers, parts and accessories of such articles",11061128.326,11061128.326,0.0,False
2020-06-01,2020,6,2,202006,X,exports,SGP,Singapore,85,"Electrical machinery and equipment and parts thereof; sound recorders and reproducers; television image and sound recorders and reproducers, parts and accessories of such articles",121970260.616,121970260.616,0.0,False
2020-06-01,2020,6,2,202006,X,exports,THA,Thailand,85,"Electrical machinery and equipment and parts thereof; sound recorders and reproducers; television image and sound recorders and reproducers, parts and accessories of such articles",22251036.688,22251036.688,0.0,False
2020-06-01,2020,6,2,202006,X,exports,USA,United States,85,"Electrical machinery and equipment and parts thereof; sound recorders and reproducers; television image and sound recorders and reproducers, parts and accessories of such articles",135047699.466,135047699.466,0.0,False
2020-06-01,2020,6,2,202006,X,exports,VNM,Vietnam,85,"Electrical machinery and equipment and parts thereof; sound recorders and reproducers; television image and sound recorders and reproducers, parts and accessories of such articles",25932673.819,25932673.819,0.0,False
2020-06-01,2020,6,2,202006,X,exports,W00,World,85,"Electrical machinery and equipment and parts thereof; sound recorders and reproducers; television image and sound recorders and reproducers, parts and accessories of such articles",698705000.449,698705000.449,0.0,False
2020-06-01,2020,6,2,202006,M,imports,CHN,China,85,"Electrical machinery and equipment and parts thereof; sound recorders and reproducers; television image and sound recorders and reproducers, parts and accessories of such articles",638252136.0,0.0,638252136.0,False
2020-06-01,2020,6,2,202006,M,imports,DEU,Germany,85,"Electrical machinery and equipment and parts thereof; sound recorders and reproducers; television image and sound recorders and reproducers, parts and accessories of such articles",16246491.0,0.0,16246491.0,False
2020-06-01,2020,6,2,202006,M,imports,JPN,Japan,85,"Electrical machinery and equipment and parts thereof; sound recorders and reproducers; television image and sound recorders and reproducers, parts and accessories of such articles",74765617.0,0.0,74765617.0,False
2020-06-01,2020,6,2,202006,M,imports,KOR,South Korea,85,"Electrical machinery and equipment and parts thereof; sound recorders and reproducers; television image and sound recorders and reproducers, parts and accessories of such articles",59590672.0,0.0,59590672.0,False
2020-06-01,2020,6,2,202006,M,imports,MYS,Malaysia,85,"Electrical machinery and equipment and parts thereof; sound recorders and reproducers; television image and sound recorders and reproducers, parts and accessories of such articles",43245219.0,0.0,43245219.0,False
2020-06-01,2020,6,2,202006,M,imports,PHL,Philippines,85,"Electrical machinery and equipment and parts thereof; sound recorders and reproducers; television image and sound recorders and reproducers, parts and accessories of such articles",7884604.0,0.0,7884604.0,False
2020-06-01,2020,6,2,202006,M,imports,SGP,Singapore,85,"Electrical machinery and equipment and parts thereof; sound recorders and reproducers; television image and sound recorders and reproducers, parts and accessories of such articles",143851686.0,0.0,143851686.0,False
2020-06-01,2020,6,2,202006,M,imports,THA,Thailand,85,"Electrical machinery and equipment and parts thereof; sound recorders and reproducers; television image and sound recorders and reproducers, parts and accessories of such articles",23454395.0,0.0,23454395.0,False
2020-06-01,2020,6,2,202006,M,imports,USA,United States,85,"Electrical machinery and equipment and parts thereof; sound recorders and reproducers; television image and sound recorders and reproducers, parts and accessories of such articles",31012714.0,0.0,31012714.0,False
2020-06-01,2020,6,2,202006,M,imports,VNM,Vietnam,85,"Electrical machinery and equipment and parts thereof; sound recorders and reproducers; television image and sound recorders and reproducers, parts and accessories of such articles",50960997.0,0.0,50960997.0,False
2020-06-01,2020,6,2,202006,M,imports,W00,World,85,"Electrical machinery and equipment and parts thereof; sound recorders and reproducers; television image and sound recorders and reproducers, parts and accessories of such articles",1400480732.0,0.0,1400480732.0,False
2020-07-01,2020,7,3,202007,X,exports,CHN,China,85,"Electrical machinery and equipment and parts thereof; sound recorders and reproducers; television image and sound recorders and reproducers, parts and accessories of such articles",31129377.601,31129377.601,0.0,False
2020-07-01,2020,7,3,202007,X,exports,DEU,Germany,85,"Electrical machinery and equipment and parts thereof; sound recorders and reproducers; television image and sound recorders and reproducers, parts and accessories of such articles",9657631.738,9657631.738,0.0,False
2020-07-01,2020,7,3,202007,X,exports,JPN,Japan,85,"Electrical machinery and equipment and parts thereof; sound recorders and reproducers; television image and sound recorders and reproducers, parts and accessories of such articles",109786610.972,109786610.972,0.0,False
2020-07-01,2020,7,3,202007,X,exports,KOR,South Korea,85,"Electrical machinery and equipment and parts thereof; sound recorders and reproducers; television image and sound recorders and reproducers, parts and accessories of such articles",19791318.314,19791318.314,0.0,False
2020-07-01,2020,7,3,202007,X,exports,MYS,Malaysia,85,"Electrical machinery and equipment and parts thereof; sound recorders and reproducers; television image and sound recorders and reproducers, parts and accessories of such articles",40671846.714,40671846.714,0.0,False
2020-07-01,2020,7,3,202007,X,exports,PHL,Philippines,85,"Electrical machinery and equipment and parts thereof; sound recorders and reproducers; television image and sound recorders and reproducers, parts and accessories of such articles",18511948.777,18511948.777,0.0,False
2020-07-01,2020,7,3,202007,X,exports,SGP,Singapore,85,"Electrical machinery and equipment and parts thereof; sound recorders and reproducers; television image and sound recorders and reproducers, parts and accessories of such articles",126751314.322,126751314.322,0.0,False
2020-07-01,2020,7,3,202007,X,exports,THA,Thailand,85,"Electrical machinery and equipment and parts thereof; sound recorders and reproducers; television image and sound recorders and reproducers, parts and accessories of such articles",25985703.487,25985703.487,0.0,False
2020-07-01,2020,7,3,202007,X,exports,USA,United States,85,"Electrical machinery and equipment and parts thereof; sound recorders and reproducers; television image and sound recorders and reproducers, parts and accessories of such articles",168055040.862,168055040.862,0.0,False
2020-07-01,2020,7,3,202007,X,exports,VNM,Vietnam,85,"Electrical machinery and equipment and parts thereof; sound recorders and reproducers; television image and sound recorders and reproducers, parts and accessories of such articles",34320625.442,34320625.442,0.0,False
2020-07-01,2020,7,3,202007,X,exports,W00,World,85,"Electrical machinery and equipment and parts thereof; sound recorders and reproducers; television image and sound recorders and reproducers, parts and accessories of such articles",794802538.013,794802538.013,0.0,False
2020-07-01,2020,7,3,202007,M,imports,CHN,China,85,"Electrical machinery and equipment and parts thereof; sound recorders and reproducers; television image and sound recorders and reproducers, parts and accessories of such articles",852902835.0,0.0,852902835.0,False
2020-07-01,2020,7,3,202007,M,imports,DEU,Germany,85,"Electrical machinery and equipment and parts thereof; sound recorders and reproducers; television image and sound recorders and reproducers, parts and accessories of such articles",22099947.0,0.0,22099947.0,False
2020-07-01,2020,7,3,202007,M,imports,JPN,Japan,85,"Electrical machinery and equipment and parts thereof; sound recorders and reproducers; television image and sound recorders and reproducers, parts and accessories of such articles",56231250.0,0.0,56231250.0,False
2020-07-01,2020,7,3,202007,M,imports,KOR,South Korea,85,"Electrical machinery and equipment and parts thereof; sound recorders and reproducers; television image and sound recorders and reproducers, parts and accessories of such articles",103136928.0,0.0,103136928.0,False
2020-07-01,2020,7,3,202007,M,imports,MYS,Malaysia,85,"Electrical machinery and equipment and parts thereof; sound recorders and reproducers; television image and sound recorders and reproducers, parts and accessories of such articles",53943670.0,0.0,53943670.0,False
2020-07-01,2020,7,3,202007,M,imports,PHL,Philippines,85,"Electrical machinery and equipment and parts thereof; sound recorders and reproducers; television image and sound recorders and reproducers, parts and accessories of such articles",6416641.0,0.0,6416641.0,False
2020-07-01,2020,7,3,202007,M,imports,SGP,Singapore,85,"Electrical machinery and equipment and parts thereof; sound recorders and reproducers; television image and sound recorders and reproducers, parts and accessories of such articles",110266117.0,0.0,110266117.0,False
2020-07-01,2020,7,3,202007,M,imports,THA,Thailand,85,"Electrical machinery and equipment and parts thereof; sound recorders and reproducers; television image and sound recorders and reproducers, parts and accessories of such articles",18760795.0,0.0,18760795.0,False
2020-07-01,2020,7,3,202007,M,imports,USA,United States,85,"Electrical machinery and equipment and parts thereof; sound recorders and reproducers; television image and sound recorders and reproducers, parts and accessories of such articles",22859984.0,0.0,22859984.0,False
2020-07-01,2020,7,3,202007,M,imports,VNM,Vietnam,85,"Electrical machinery and equipment and parts thereof; sound recorders and reproducers; television image and sound recorders and reproducers, parts and accessories of such articles",62788549.0,0.0,62788549.0,False
2020-07-01,2020,7,3,202007,M,imports,W00,World,85,"Electrical machinery and equipment and parts thereof; sound recorders and reproducers; television image and sound recorders and reproducers, parts and accessories of such articles",1621211665.0,0.0,1621211665.0,False
2020-08-01,2020,8,3,202008,X,exports,CHN,China,85,"Electrical machinery and equipment and parts thereof; sound recorders and reproducers; television image and sound recorders and reproducers, parts and accessories of such articles",36981699.287,36981699.287,0.0,False
2020-08-01,2020,8,3,202008,X,exports,DEU,Germany,85,"Electrical machinery and equipment and parts thereof; sound recorders and reproducers; television image and sound recorders and reproducers, parts and accessories of such articles",11383346.776,11383346.776,0.0,False
2020-08-01,2020,8,3,202008,X,exports,JPN,Japan,85,"Electrical machinery and equipment and parts thereof; sound recorders and reproducers; television image and sound recorders and reproducers, parts and accessories of such articles",99803525.091,99803525.091,0.0,False
2020-08-01,2020,8,3,202008,X,exports,KOR,South Korea,85,"Electrical machinery and equipment and parts thereof; sound recorders and reproducers; television image and sound recorders and reproducers, parts and accessories of such articles",16261162.185,16261162.185,0.0,False
2020-08-01,2020,8,3,202008,X,exports,MYS,Malaysia,85,"Electrical machinery and equipment and parts thereof; sound recorders and reproducers; television image and sound recorders and reproducers, parts and accessories of such articles",36342516.101,36342516.101,0.0,False
2020-08-01,2020,8,3,202008,X,exports,PHL,Philippines,85,"Electrical machinery and equipment and parts thereof; sound recorders and reproducers; television image and sound recorders and reproducers, parts and accessories of such articles",14149645.442,14149645.442,0.0,False
2020-08-01,2020,8,3,202008,X,exports,SGP,Singapore,85,"Electrical machinery and equipment and parts thereof; sound recorders and reproducers; television image and sound recorders and reproducers, parts and accessories of such articles",127280401.135,127280401.135,0.0,False
2020-08-01,2020,8,3,202008,X,exports,THA,Thailand,85,"Electrical machinery and equipment and parts thereof; sound recorders and reproducers; television image and sound recorders and reproducers, parts and accessories of such articles",22349762.681,22349762.681,0.0,False
2020-08-01,2020,8,3,202008,X,exports,USA,United States,85,"Electrical machinery and equipment and parts thereof; sound recorders and reproducers; television image and sound recorders and reproducers, parts and accessories of such articles",180562090.379,180562090.379,0.0,False
2020-08-01,2020,8,3,202008,X,exports,VNM,Vietnam,85,"Electrical machinery and equipment and parts thereof; sound recorders and reproducers; television image and sound recorders and reproducers, parts and accessories of such articles",30752289.259,30752289.259,0.0,False
2020-08-01,2020,8,3,202008,X,exports,W00,World,85,"Electrical machinery and equipment and parts thereof; sound recorders and reproducers; television image and sound recorders and reproducers, parts and accessories of such articles",789976841.351,789976841.351,0.0,False
2020-08-01,2020,8,3,202008,M,imports,CHN,China,85,"Electrical machinery and equipment and parts thereof; sound recorders and reproducers; television image and sound recorders and reproducers, parts and accessories of such articles",899210676.0,0.0,899210676.0,False
2020-08-01,2020,8,3,202008,M,imports,DEU,Germany,85,"Electrical machinery and equipment and parts thereof; sound recorders and reproducers; television image and sound recorders and reproducers, parts and accessories of such articles",19507452.0,0.0,19507452.0,False
2020-08-01,2020,8,3,202008,M,imports,JPN,Japan,85,"Electrical machinery and equipment and parts thereof; sound recorders and reproducers; television image and sound recorders and reproducers, parts and accessories of such articles",52407808.0,0.0,52407808.0,False
2020-08-01,2020,8,3,202008,M,imports,KOR,South Korea,85,"Electrical machinery and equipment and parts thereof; sound recorders and reproducers; television image and sound recorders and reproducers, parts and accessories of such articles",70637316.0,0.0,70637316.0,False
2020-08-01,2020,8,3,202008,M,imports,MYS,Malaysia,85,"Electrical machinery and equipment and parts thereof; sound recorders and reproducers; television image and sound recorders and reproducers, parts and accessories of such articles",61808795.0,0.0,61808795.0,False
2020-08-01,2020,8,3,202008,M,imports,PHL,Philippines,85,"Electrical machinery and equipment and parts thereof; sound recorders and reproducers; television image and sound recorders and reproducers, parts and accessories of such articles",7017187.0,0.0,7017187.0,False
2020-08-01,2020,8,3,202008,M,imports,SGP,Singapore,85,"Electrical machinery and equipment and parts thereof; sound recorders and reproducers; television image and sound recorders and reproducers, parts and accessories of such articles",116789675.0,0.0,116789675.0,False
2020-08-01,2020,8,3,202008,M,imports,THA,Thailand,85,"Electrical machinery and equipment and parts thereof; sound recorders and reproducers; television image and sound recorders and reproducers, parts and accessories of such articles",25072660.0,0.0,25072660.0,False
2020-08-01,2020,8,3,202008,M,imports,USA,United States,85,"Electrical machinery and equipment and parts thereof; sound recorders and reproducers; television image and sound recorders and reproducers, parts and accessories of such articles",23282940.0,0.0,23282940.0,False
2020-08-01,2020,8,3,202008,M,imports,VNM,Vietnam,85,"Electrical machinery and equipment and parts thereof; sound recorders and reproducers; television image and sound recorders and reproducers, parts and accessories of such articles",63886775.0,0.0,63886775.0,False
2020-08-01,2020,8,3,202008,M,imports,W00,World,85,"Electrical machinery and equipment and parts thereof; sound recorders and reproducers; television image and sound recorders and reproducers, parts and accessories of such articles",1607813952.0,0.0,1607813952.0,False
2020-09-01,2020,9,3,202009,X,exports,CHN,China,85,"Electrical machinery and equipment and parts thereof; sound recorders and reproducers; television image and sound recorders and reproducers, parts and accessories of such articles",34119632.65,34119632.65,0.0,False
2020-09-01,2020,9,3,202009,X,exports,DEU,Germany,85,"Electrical machinery and equipment and parts thereof; sound recorders and reproducers; television image and sound recorders and reproducers, parts and accessories of such articles",12203427.141,12203427.141,0.0,False
2020-09-01,2020,9,3,202009,X,exports,JPN,Japan,85,"Electrical machinery and equipment and parts thereof; sound recorders and reproducers; television image and sound recorders and reproducers, parts and accessories of such articles",121214861.761,121214861.761,0.0,False
2020-09-01,2020,9,3,202009,X,exports,KOR,South Korea,85,"Electrical machinery and equipment and parts thereof; sound recorders and reproducers; television image and sound recorders and reproducers, parts and accessories of such articles",24647799.901,24647799.901,0.0,False
2020-09-01,2020,9,3,202009,X,exports,MYS,Malaysia,85,"Electrical machinery and equipment and parts thereof; sound recorders and reproducers; television image and sound recorders and reproducers, parts and accessories of such articles",35436485.182,35436485.182,0.0,False
2020-09-01,2020,9,3,202009,X,exports,PHL,Philippines,85,"Electrical machinery and equipment and parts thereof; sound recorders and reproducers; television image and sound recorders and reproducers, parts and accessories of such articles",15608104.224,15608104.224,0.0,False
2020-09-01,2020,9,3,202009,X,exports,SGP,Singapore,85,"Electrical machinery and equipment and parts thereof; sound recorders and reproducers; television image and sound recorders and reproducers, parts and accessories of such articles",150142466.424,150142466.424,0.0,False
2020-09-01,2020,9,3,202009,X,exports,THA,Thailand,85,"Electrical machinery and equipment and parts thereof; sound recorders and reproducers; television image and sound recorders and reproducers, parts and accessories of such articles",32275019.158,32275019.158,0.0,False
2020-09-01,2020,9,3,202009,X,exports,USA,United States,85,"Electrical machinery and equipment and parts thereof; sound recorders and reproducers; television image and sound recorders and reproducers, parts and accessories of such articles",168913678.887,168913678.887,0.0,False
2020-09-01,2020,9,3,202009,X,exports,VNM,Vietnam,85,"Electrical machinery and equipment and parts thereof; sound recorders and reproducers; television image and sound recorders and reproducers, parts and accessories of such articles",27306998.624,27306998.624,0.0,False
2020-09-01,2020,9,3,202009,X,exports,W00,World,85,"Electrical machinery and equipment and parts thereof; sound recorders and reproducers; television image and sound recorders and reproducers, parts and accessories of such articles",844591948.288,844591948.288,0.0,False
2020-09-01,2020,9,3,202009,M,imports,CHN,China,85,"Electrical machinery and equipment and parts thereof; sound recorders and reproducers; television image and sound recorders and reproducers, parts and accessories of such articles",951562930.0,0.0,951562930.0,False
2020-09-01,2020,9,3,202009,M,imports,DEU,Germany,85,"Electrical machinery and equipment and parts thereof; sound recorders and reproducers; television image and sound recorders and reproducers, parts and accessories of such articles",14175825.0,0.0,14175825.0,False
2020-09-01,2020,9,3,202009,M,imports,JPN,Japan,85,"Electrical machinery and equipment and parts thereof; sound recorders and reproducers; television image and sound recorders and reproducers, parts and accessories of such articles",75825857.0,0.0,75825857.0,False
2020-09-01,2020,9,3,202009,M,imports,KOR,South Korea,85,"Electrical machinery and equipment and parts thereof; sound recorders and reproducers; television image and sound recorders and reproducers, parts and accessories of such articles",95344246.0,0.0,95344246.0,False
2020-09-01,2020,9,3,202009,M,imports,MYS,Malaysia,85,"Electrical machinery and equipment and parts thereof; sound recorders and reproducers; television image and sound recorders and reproducers, parts and accessories of such articles",45353792.0,0.0,45353792.0,False
2020-09-01,2020,9,3,202009,M,imports,PHL,Philippines,85,"Electrical machinery and equipment and parts thereof; sound recorders and reproducers; television image and sound recorders and reproducers, parts and accessories of such articles",9727161.0,0.0,9727161.0,False
2020-09-01,2020,9,3,202009,M,imports,SGP,Singapore,85,"Electrical machinery and equipment and parts thereof; sound recorders and reproducers; television image and sound recorders and reproducers, parts and accessories of such articles",123043320.0,0.0,123043320.0,False
2020-09-01,2020,9,3,202009,M,imports,THA,Thailand,85,"Electrical machinery and equipment and parts thereof; sound recorders and reproducers; television image and sound recorders and reproducers, parts and accessories of such articles",31731725.0,0.0,31731725.0,False
2020-09-01,2020,9,3,202009,M,imports,USA,United States,85,"Electrical machinery and equipment and parts thereof; sound recorders and reproducers; television image and sound recorders and reproducers, parts and accessories of such articles",37649844.0,0.0,37649844.0,False
2020-09-01,2020,9,3,202009,M,imports,VNM,Vietnam,85,"Electrical machinery and equipment and parts thereof; sound recorders and reproducers; television image and sound recorders and reproducers, parts and accessories of such articles",62535833.0,0.0,62535833.0,False
2020-09-01,2020,9,3,202009,M,imports,W00,World,85,"Electrical machinery and equipment and parts thereof; sound recorders and reproducers; television image and sound recorders and reproducers, parts and accessories of such articles",1688928850.0,0.0,1688928850.0,False
2020-10-01,2020,10,4,202010,X,exports,CHN,China,85,"Electrical machinery and equipment and parts thereof; sound recorders and reproducers; television image and sound recorders and reproducers, parts and accessories of such articles",35748855.733,35748855.733,0.0,False
2020-10-01,2020,10,4,202010,X,exports,DEU,Germany,85,"Electrical machinery and equipment and parts thereof; sound recorders and reproducers; television image and sound recorders and reproducers, parts and accessories of such articles",15041016.706,15041016.706,0.0,False
2020-10-01,2020,10,4,202010,X,exports,JPN,Japan,85,"Electrical machinery and equipment and parts thereof; sound recorders and reproducers; television image and sound recorders and reproducers, parts and accessories of such articles",127491683.852,127491683.852,0.0,False
2020-10-01,2020,10,4,202010,X,exports,KOR,South Korea,85,"Electrical machinery and equipment and parts thereof; sound recorders and reproducers; television image and sound recorders and reproducers, parts and accessories of such articles",47075800.236,47075800.236,0.0,False
2020-10-01,2020,10,4,202010,X,exports,MYS,Malaysia,85,"Electrical machinery and equipment and parts thereof; sound recorders and reproducers; television image and sound recorders and reproducers, parts and accessories of such articles",43152670.261,43152670.261,0.0,False
2020-10-01,2020,10,4,202010,X,exports,PHL,Philippines,85,"Electrical machinery and equipment and parts thereof; sound recorders and reproducers; television image and sound recorders and reproducers, parts and accessories of such articles",21054017.877,21054017.877,0.0,False
2020-10-01,2020,10,4,202010,X,exports,SGP,Singapore,85,"Electrical machinery and equipment and parts thereof; sound recorders and reproducers; television image and sound recorders and reproducers, parts and accessories of such articles",142573225.315,142573225.315,0.0,False
2020-10-01,2020,10,4,202010,X,exports,THA,Thailand,85,"Electrical machinery and equipment and parts thereof; sound recorders and reproducers; television image and sound recorders and reproducers, parts and accessories of such articles",40015634.0,40015634.0,0.0,False
2020-10-01,2020,10,4,202010,X,exports,USA,United States,85,"Electrical machinery and equipment and parts thereof; sound recorders and reproducers; television image and sound recorders and reproducers, parts and accessories of such articles",165619370.464,165619370.464,0.0,False
2020-10-01,2020,10,4,202010,X,exports,VNM,Vietnam,85,"Electrical machinery and equipment and parts thereof; sound recorders and reproducers; television image and sound recorders and reproducers, parts and accessories of such articles",27278322.991,27278322.991,0.0,False
2020-10-01,2020,10,4,202010,X,exports,W00,World,85,"Electrical machinery and equipment and parts thereof; sound recorders and reproducers; television image and sound recorders and reproducers, parts and accessories of such articles",904282922.531,904282922.531,0.0,False
2020-10-01,2020,10,4,202010,M,imports,CHN,China,85,"Electrical machinery and equipment and parts thereof; sound recorders and reproducers; television image and sound recorders and reproducers, parts and accessories of such articles",652118602.0,0.0,652118602.0,False
2020-10-01,2020,10,4,202010,M,imports,DEU,Germany,85,"Electrical machinery and equipment and parts thereof; sound recorders and reproducers; television image and sound recorders and reproducers, parts and accessories of such articles",14249760.0,0.0,14249760.0,False
2020-10-01,2020,10,4,202010,M,imports,JPN,Japan,85,"Electrical machinery and equipment and parts thereof; sound recorders and reproducers; television image and sound recorders and reproducers, parts and accessories of such articles",79796816.0,0.0,79796816.0,False
2020-10-01,2020,10,4,202010,M,imports,KOR,South Korea,85,"Electrical machinery and equipment and parts thereof; sound recorders and reproducers; television image and sound recorders and reproducers, parts and accessories of such articles",73979570.0,0.0,73979570.0,False
2020-10-01,2020,10,4,202010,M,imports,MYS,Malaysia,85,"Electrical machinery and equipment and parts thereof; sound recorders and reproducers; television image and sound recorders and reproducers, parts and accessories of such articles",78596870.0,0.0,78596870.0,False
2020-10-01,2020,10,4,202010,M,imports,PHL,Philippines,85,"Electrical machinery and equipment and parts thereof; sound recorders and reproducers; television image and sound recorders and reproducers, parts and accessories of such articles",10109044.0,0.0,10109044.0,False
2020-10-01,2020,10,4,202010,M,imports,SGP,Singapore,85,"Electrical machinery and equipment and parts thereof; sound recorders and reproducers; television image and sound recorders and reproducers, parts and accessories of such articles",157649021.0,0.0,157649021.0,False
2020-10-01,2020,10,4,202010,M,imports,THA,Thailand,85,"Electrical machinery and equipment and parts thereof; sound recorders and reproducers; television image and sound recorders and reproducers, parts and accessories of such articles",35179255.0,0.0,35179255.0,False
2020-10-01,2020,10,4,202010,M,imports,USA,United States,85,"Electrical machinery and equipment and parts thereof; sound recorders and reproducers; television image and sound recorders and reproducers, parts and accessories of such articles",34833455.0,0.0,34833455.0,False
2020-10-01,2020,10,4,202010,M,imports,VNM,Vietnam,85,"Electrical machinery and equipment and parts thereof; sound recorders and reproducers; television image and sound recorders and reproducers, parts and accessories of such articles",68932991.0,0.0,68932991.0,False
2020-10-01,2020,10,4,202010,M,imports,W00,World,85,"Electrical machinery and equipment and parts thereof; sound recorders and reproducers; television image and sound recorders and reproducers, parts and accessories of such articles",1488018725.0,0.0,1488018725.0,False
2020-11-01,2020,11,4,202011,X,exports,CHN,China,85,"Electrical machinery and equipment and parts thereof; sound recorders and reproducers; television image and sound recorders and reproducers, parts and accessories of such articles",34827130.319,34827130.319,0.0,False
2020-11-01,2020,11,4,202011,X,exports,DEU,Germany,85,"Electrical machinery and equipment and parts thereof; sound recorders and reproducers; television image and sound recorders and reproducers, parts and accessories of such articles",15303051.916,15303051.916,0.0,False
2020-11-01,2020,11,4,202011,X,exports,JPN,Japan,85,"Electrical machinery and equipment and parts thereof; sound recorders and reproducers; television image and sound recorders and reproducers, parts and accessories of such articles",122213431.148,122213431.148,0.0,False
2020-11-01,2020,11,4,202011,X,exports,KOR,South Korea,85,"Electrical machinery and equipment and parts thereof; sound recorders and reproducers; television image and sound recorders and reproducers, parts and accessories of such articles",56582998.381,56582998.381,0.0,False
2020-11-01,2020,11,4,202011,X,exports,MYS,Malaysia,85,"Electrical machinery and equipment and parts thereof; sound recorders and reproducers; television image and sound recorders and reproducers, parts and accessories of such articles",32553196.144,32553196.144,0.0,False
2020-11-01,2020,11,4,202011,X,exports,PHL,Philippines,85,"Electrical machinery and equipment and parts thereof; sound recorders and reproducers; television image and sound recorders and reproducers, parts and accessories of such articles",22790470.813,22790470.813,0.0,False
2020-11-01,2020,11,4,202011,X,exports,SGP,Singapore,85,"Electrical machinery and equipment and parts thereof; sound recorders and reproducers; television image and sound recorders and reproducers, parts and accessories of such articles",147092837.191,147092837.191,0.0,False
2020-11-01,2020,11,4,202011,X,exports,THA,Thailand,85,"Electrical machinery and equipment and parts thereof; sound recorders and reproducers; television image and sound recorders and reproducers, parts and accessories of such articles",38588629.639,38588629.639,0.0,False
2020-11-01,2020,11,4,202011,X,exports,USA,United States,85,"Electrical machinery and equipment and parts thereof; sound recorders and reproducers; television image and sound recorders and reproducers, parts and accessories of such articles",144827413.978,144827413.978,0.0,False
2020-11-01,2020,11,4,202011,X,exports,VNM,Vietnam,85,"Electrical machinery and equipment and parts thereof; sound recorders and reproducers; television image and sound recorders and reproducers, parts and accessories of such articles",31747867.848,31747867.848,0.0,False
2020-11-01,2020,11,4,202011,X,exports,W00,World,85,"Electrical machinery and equipment and parts thereof; sound recorders and reproducers; television image and sound recorders and reproducers, parts and accessories of such articles",866893759.539,866893759.539,0.0,False
2020-11-01,2020,11,4,202011,M,imports,CHN,China,85,"Electrical machinery and equipment and parts thereof; sound recorders and reproducers; television image and sound recorders and reproducers, parts and accessories of such articles",1001253864.0,0.0,1001253864.0,False
2020-11-01,2020,11,4,202011,M,imports,DEU,Germany,85,"Electrical machinery and equipment and parts thereof; sound recorders and reproducers; television image and sound recorders and reproducers, parts and accessories of such articles",32991990.0,0.0,32991990.0,False
2020-11-01,2020,11,4,202011,M,imports,JPN,Japan,85,"Electrical machinery and equipment and parts thereof; sound recorders and reproducers; television image and sound recorders and reproducers, parts and accessories of such articles",90940455.0,0.0,90940455.0,False
2020-11-01,2020,11,4,202011,M,imports,KOR,South Korea,85,"Electrical machinery and equipment and parts thereof; sound recorders and reproducers; television image and sound recorders and reproducers, parts and accessories of such articles",74802736.0,0.0,74802736.0,False
2020-11-01,2020,11,4,202011,M,imports,MYS,Malaysia,85,"Electrical machinery and equipment and parts thereof; sound recorders and reproducers; television image and sound recorders and reproducers, parts and accessories of such articles",62590878.0,0.0,62590878.0,False
2020-11-01,2020,11,4,202011,M,imports,PHL,Philippines,85,"Electrical machinery and equipment and parts thereof; sound recorders and reproducers; television image and sound recorders and reproducers, parts and accessories of such articles",22661686.0,0.0,22661686.0,False
2020-11-01,2020,11,4,202011,M,imports,SGP,Singapore,85,"Electrical machinery and equipment and parts thereof; sound recorders and reproducers; television image and sound recorders and reproducers, parts and accessories of such articles",132673381.0,0.0,132673381.0,False
2020-11-01,2020,11,4,202011,M,imports,THA,Thailand,85,"Electrical machinery and equipment and parts thereof; sound recorders and reproducers; television image and sound recorders and reproducers, parts and accessories of such articles",44724068.0,0.0,44724068.0,False
2020-11-01,2020,11,4,202011,M,imports,USA,United States,85,"Electrical machinery and equipment and parts thereof; sound recorders and reproducers; television image and sound recorders and reproducers, parts and accessories of such articles",36936373.0,0.0,36936373.0,False
2020-11-01,2020,11,4,202011,M,imports,VNM,Vietnam,85,"Electrical machinery and equipment and parts thereof; sound recorders and reproducers; television image and sound recorders and reproducers, parts and accessories of such articles",67959439.0,0.0,67959439.0,False
2020-11-01,2020,11,4,202011,M,imports,W00,World,85,"Electrical machinery and equipment and parts thereof; sound recorders and reproducers; television image and sound recorders and reproducers, parts and accessories of such articles",1842428328.0,0.0,1842428328.0,False
2020-12-01,2020,12,4,202012,X,exports,CHN,China,85,"Electrical machinery and equipment and parts thereof; sound recorders and reproducers; television image and sound recorders and reproducers, parts and accessories of such articles",44829306.159,44829306.159,0.0,False
2020-12-01,2020,12,4,202012,X,exports,DEU,Germany,85,"Electrical machinery and equipment and parts thereof; sound recorders and reproducers; television image and sound recorders and reproducers, parts and accessories of such articles",16524756.851,16524756.851,0.0,False
2020-12-01,2020,12,4,202012,X,exports,JPN,Japan,85,"Electrical machinery and equipment and parts thereof; sound recorders and reproducers; television image and sound recorders and reproducers, parts and accessories of such articles",128759531.218,128759531.218,0.0,False
2020-12-01,2020,12,4,202012,X,exports,KOR,South Korea,85,"Electrical machinery and equipment and parts thereof; sound recorders and reproducers; television image and sound recorders and reproducers, parts and accessories of such articles",75359245.4,75359245.4,0.0,False
2020-12-01,2020,12,4,202012,X,exports,MYS,Malaysia,85,"Electrical machinery and equipment and parts thereof; sound recorders and reproducers; television image and sound recorders and reproducers, parts and accessories of such articles",32783308.245,32783308.245,0.0,False
2020-12-01,2020,12,4,202012,X,exports,PHL,Philippines,85,"Electrical machinery and equipment and parts thereof; sound recorders and reproducers; television image and sound recorders and reproducers, parts and accessories of such articles",17976146.494,17976146.494,0.0,False
2020-12-01,2020,12,4,202012,X,exports,SGP,Singapore,85,"Electrical machinery and equipment and parts thereof; sound recorders and reproducers; television image and sound recorders and reproducers, parts and accessories of such articles",152998410.779,152998410.779,0.0,False
2020-12-01,2020,12,4,202012,X,exports,THA,Thailand,85,"Electrical machinery and equipment and parts thereof; sound recorders and reproducers; television image and sound recorders and reproducers, parts and accessories of such articles",40127658.157,40127658.157,0.0,False
2020-12-01,2020,12,4,202012,X,exports,USA,United States,85,"Electrical machinery and equipment and parts thereof; sound recorders and reproducers; television image and sound recorders and reproducers, parts and accessories of such articles",159024540.478,159024540.478,0.0,False
2020-12-01,2020,12,4,202012,X,exports,VNM,Vietnam,85,"Electrical machinery and equipment and parts thereof; sound recorders and reproducers; television image and sound recorders and reproducers, parts and accessories of such articles",56800127.96,56800127.96,0.0,False
2020-12-01,2020,12,4,202012,X,exports,W00,World,85,"Electrical machinery and equipment and parts thereof; sound recorders and reproducers; television image and sound recorders and reproducers, parts and accessories of such articles",977010571.425,977010571.425,0.0,False
2020-12-01,2020,12,4,202012,M,imports,CHN,China,85,"Electrical machinery and equipment and parts thereof; sound recorders and reproducers; television image and sound recorders and reproducers, parts and accessories of such articles",1111398157.0,0.0,1111398157.0,False
2020-12-01,2020,12,4,202012,M,imports,DEU,Germany,85,"Electrical machinery and equipment and parts thereof; sound recorders and reproducers; television image and sound recorders and reproducers, parts and accessories of such articles",25872944.0,0.0,25872944.0,False
2020-12-01,2020,12,4,202012,M,imports,JPN,Japan,85,"Electrical machinery and equipment and parts thereof; sound recorders and reproducers; television image and sound recorders and reproducers, parts and accessories of such articles",91153380.0,0.0,91153380.0,False
2020-12-01,2020,12,4,202012,M,imports,KOR,South Korea,85,"Electrical machinery and equipment and parts thereof; sound recorders and reproducers; television image and sound recorders and reproducers, parts and accessories of such articles",82085468.0,0.0,82085468.0,False
2020-12-01,2020,12,4,202012,M,imports,MYS,Malaysia,85,"Electrical machinery and equipment and parts thereof; sound recorders and reproducers; television image and sound recorders and reproducers, parts and accessories of such articles",78863668.0,0.0,78863668.0,False
2020-12-01,2020,12,4,202012,M,imports,PHL,Philippines,85,"Electrical machinery and equipment and parts thereof; sound recorders and reproducers; television image and sound recorders and reproducers, parts and accessories of such articles",37809102.0,0.0,37809102.0,False
2020-12-01,2020,12,4,202012,M,imports,SGP,Singapore,85,"Electrical machinery and equipment and parts thereof; sound recorders and reproducers; television image and sound recorders and reproducers, parts and accessories of such articles",189831765.0,0.0,189831765.0,False
2020-12-01,2020,12,4,202012,M,imports,THA,Thailand,85,"Electrical machinery and equipment and parts thereof; sound recorders and reproducers; television image and sound recorders and reproducers, parts and accessories of such articles",53527390.0,0.0,53527390.0,False
2020-12-01,2020,12,4,202012,M,imports,USA,United States,85,"Electrical machinery and equipment and parts thereof; sound recorders and reproducers; television image and sound recorders and reproducers, parts and accessories of such articles",40196128.0,0.0,40196128.0,False
2020-12-01,2020,12,4,202012,M,imports,VNM,Vietnam,85,"Electrical machinery and equipment and parts thereof; sound recorders and reproducers; television image and sound recorders and reproducers, parts and accessories of such articles",75205672.0,0.0,75205672.0,False
2020-12-01,2020,12,4,202012,M,imports,W00,World,85,"Electrical machinery and equipment and parts thereof; sound recorders and reproducers; television image and sound recorders and reproducers, parts and accessories of such articles",2044786344.0,0.0,2044786344.0,False
2021-01-01,2021,1,1,202101,X,exports,CHN,China,85,"Electrical machinery and equipment and parts thereof; sound recorders and reproducers; television image and sound recorders and reproducers, parts and accessories of such articles",29044549.372,29044549.372,,False
2021-01-01,2021,1,1,202101,X,exports,DEU,Germany,85,"Electrical machinery and equipment and parts thereof; sound recorders and reproducers; television image and sound recorders and reproducers, parts and accessories of such articles",17553197.752,17553197.752,,False
2021-01-01,2021,1,1,202101,X,exports,JPN,Japan,85,"Electrical machinery and equipment and parts thereof; sound recorders and reproducers; television image and sound recorders and reproducers, parts and accessories of such articles",134800155.53,134800155.53,,False
2021-01-01,2021,1,1,202101,X,exports,KOR,South Korea,85,"Electrical machinery and equipment and parts thereof; sound recorders and reproducers; television image and sound recorders and reproducers, parts and accessories of such articles",63829783.213,63829783.213,,False
2021-01-01,2021,1,1,202101,X,exports,MYS,Malaysia,85,"Electrical machinery and equipment and parts thereof; sound recorders and reproducers; television image and sound recorders and reproducers, parts and accessories of such articles",24694226.167,24694226.167,,False
2021-01-01,2021,1,1,202101,X,exports,PHL,Philippines,85,"Electrical machinery and equipment and parts thereof; sound recorders and reproducers; television image and sound recorders and reproducers, parts and accessories of such articles",12340431.593,12340431.593,,False
2021-01-01,2021,1,1,202101,X,exports,SGP,Singapore,85,"Electrical machinery and equipment and parts thereof; sound recorders and reproducers; television image and sound recorders and reproducers, parts and accessories of such articles",152857826.311,152857826.311,,False
2021-01-01,2021,1,1,202101,X,exports,THA,Thailand,85,"Electrical machinery and equipment and parts thereof; sound recorders and reproducers; television image and sound recorders and reproducers, parts and accessories of such articles",33811588.536,33811588.536,,False
2021-01-01,2021,1,1,202101,X,exports,USA,United States,85,"Electrical machinery and equipment and parts thereof; sound recorders and reproducers; television image and sound recorders and reproducers, parts and accessories of such articles",150610850.318,150610850.318,,False
2021-01-01,2021,1,1,202101,X,exports,VNM,Vietnam,85,"Electrical machinery and equipment and parts thereof; sound recorders and reproducers; television image and sound recorders and reproducers, parts and accessories of such articles",32583338.001,32583338.001,,False
2021-01-01,2021,1,1,202101,X,exports,W00,World,85,"Electrical machinery and equipment and parts thereof; sound recorders and reproducers; television image and sound recorders and reproducers, parts and accessories of such articles",860261692.459,860261692.459,,False
2021-01-01,2021,1,1,202101,M,imports,CHN,China,85,"Electrical machinery and equipment and parts thereof; sound recorders and reproducers; television image and sound recorders and reproducers, parts and accessories of such articles",892035644.0,,892035644.0,False
2021-01-01,2021,1,1,202101,M,imports,DEU,Germany,85,"Electrical machinery and equipment and parts thereof; sound recorders and reproducers; television image and sound recorders and reproducers, parts and accessories of such articles",14745147.0,,14745147.0,False
2021-01-01,2021,1,1,202101,M,imports,JPN,Japan,85,"Electrical machinery and equipment and parts thereof; sound recorders and reproducers; television image and sound recorders and reproducers, parts and accessories of such articles",95247769.0,,95247769.0,False
2021-01-01,2021,1,1,202101,M,imports,KOR,South Korea,85,"Electrical machinery and equipment and parts thereof; sound recorders and reproducers; television image and sound recorders and reproducers, parts and accessories of such articles",90528625.0,,90528625.0,False
2021-01-01,2021,1,1,202101,M,imports,MYS,Malaysia,85,"Electrical machinery and equipment and parts thereof; sound recorders and reproducers; television image and sound recorders and reproducers, parts and accessories of such articles",41460660.0,,41460660.0,False
2021-01-01,2021,1,1,202101,M,imports,PHL,Philippines,85,"Electrical machinery and equipment and parts thereof; sound recorders and reproducers; television image and sound recorders and reproducers, parts and accessories of such articles",39101805.0,,39101805.0,False
2021-01-01,2021,1,1,202101,M,imports,SGP,Singapore,85,"Electrical machinery and equipment and parts thereof; sound recorders and reproducers; television image and sound recorders and reproducers, parts and accessories of such articles",148707896.0,,148707896.0,False
2021-01-01,2021,1,1,202101,M,imports,THA,Thailand,85,"Electrical machinery and equipment and parts thereof; sound recorders and reproducers; television image and sound recorders and reproducers, parts and accessories of such articles",46577934.0,,46577934.0,False
2021-01-01,2021,1,1,202101,M,imports,USA,United States,85,"Electrical machinery and equipment and parts thereof; sound recorders and reproducers; television image and sound recorders and reproducers, parts and accessories of such articles",20913345.0,,20913345.0,False
2021-01-01,2021,1,1,202101,M,imports,VNM,Vietnam,85,"Electrical machinery and equipment and parts thereof; sound recorders and reproducers; television image and sound recorders and reproducers, parts and accessories of such articles",94794677.0,,94794677.0,False
2021-01-01,2021,1,1,202101,M,imports,W00,World,85,"Electrical machinery and equipment and parts thereof; sound recorders and reproducers; television image and sound recorders and reproducers, parts and accessories of such articles",1722299649.0,,1722299649.0,False
2021-02-01,2021,2,1,202102,X,exports,CHN,China,85,"Electrical machinery and equipment and parts thereof; sound recorders and reproducers; television image and sound recorders and reproducers, parts and accessories of such articles",29697801.523,29697801.523,,False
2021-02-01,2021,2,1,202102,X,exports,DEU,Germany,85,"Electrical machinery and equipment and parts thereof; sound recorders and reproducers; television image and sound recorders and reproducers, parts and accessories of such articles",16074372.515,16074372.515,,False
2021-02-01,2021,2,1,202102,X,exports,JPN,Japan,85,"Electrical machinery and equipment and parts thereof; sound recorders and reproducers; television image and sound recorders and reproducers, parts and accessories of such articles",121232919.462,121232919.462,,False
2021-02-01,2021,2,1,202102,X,exports,KOR,South Korea,85,"Electrical machinery and equipment and parts thereof; sound recorders and reproducers; television image and sound recorders and reproducers, parts and accessories of such articles",50203332.0,50203332.0,,False
2021-02-01,2021,2,1,202102,X,exports,MYS,Malaysia,85,"Electrical machinery and equipment and parts thereof; sound recorders and reproducers; television image and sound recorders and reproducers, parts and accessories of such articles",21826553.964,21826553.964,,False
2021-02-01,2021,2,1,202102,X,exports,PHL,Philippines,85,"Electrical machinery and equipment and parts thereof; sound recorders and reproducers; television image and sound recorders and reproducers, parts and accessories of such articles",17203525.607,17203525.607,,False
2021-02-01,2021,2,1,202102,X,exports,SGP,Singapore,85,"Electrical machinery and equipment and parts thereof; sound recorders and reproducers; television image and sound recorders and reproducers, parts and accessories of such articles",140145294.542,140145294.542,,False
2021-02-01,2021,2,1,202102,X,exports,THA,Thailand,85,"Electrical machinery and equipment and parts thereof; sound recorders and reproducers; television image and sound recorders and reproducers, parts and accessories of such articles",29894398.521,29894398.521,,False
2021-02-01,2021,2,1,202102,X,exports,USA,United States,85,"Electrical machinery and equipment and parts thereof; sound recorders and reproducers; television image and sound recorders and reproducers, parts and accessories of such articles",153826778.601,153826778.601,,False
2021-02-01,2021,2,1,202102,X,exports,VNM,Vietnam,85,"Electrical machinery and equipment and parts thereof; sound recorders and reproducers; television image and sound recorders and reproducers, parts and accessories of such articles",21713337.728,21713337.728,,False
2021-02-01,2021,2,1,202102,X,exports,W00,World,85,"Electrical machinery and equipment and parts thereof; sound recorders and reproducers; television image and sound recorders and reproducers, parts and accessories of such articles",837595258.249,837595258.249,,False
2021-02-01,2021,2,1,202102,M,imports,CHN,China,85,"Electrical machinery and equipment and parts thereof; sound recorders and reproducers; television image and sound recorders and reproducers, parts and accessories of such articles",1142878913.0,,1142878913.0,False
2021-02-01,2021,2,1,202102,M,imports,DEU,Germany,85,"Electrical machinery and equipment and parts thereof; sound recorders and reproducers; television image and sound recorders and reproducers, parts and accessories of such articles",15638321.0,,15638321.0,False
2021-02-01,2021,2,1,202102,M,imports,JPN,Japan,85,"Electrical machinery and equipment and parts thereof; sound recorders and reproducers; television image and sound recorders and reproducers, parts and accessories of such articles",108610502.0,,108610502.0,False
2021-02-01,2021,2,1,202102,M,imports,KOR,South Korea,85,"Electrical machinery and equipment and parts thereof; sound recorders and reproducers; television image and sound recorders and reproducers, parts and accessories of such articles",78681988.0,,78681988.0,False
2021-02-01,2021,2,1,202102,M,imports,MYS,Malaysia,85,"Electrical machinery and equipment and parts thereof; sound recorders and reproducers; television image and sound recorders and reproducers, parts and accessories of such articles",39360876.0,,39360876.0,False
2021-02-01,2021,2,1,202102,M,imports,PHL,Philippines,85,"Electrical machinery and equipment and parts thereof; sound recorders and reproducers; television image and sound recorders and reproducers, parts and accessories of such articles",43062955.0,,43062955.0,False
2021-02-01,2021,2,1,202102,M,imports,SGP,Singapore,85,"Electrical machinery and equipment and parts thereof; sound recorders and reproducers; television image and sound recorders and reproducers, parts and accessories of such articles",96398587.0,,96398587.0,False
2021-02-01,2021,2,1,202102,M,imports,THA,Thailand,85,"Electrical machinery and equipment and parts thereof; sound recorders and reproducers; television image and sound recorders and reproducers, parts and accessories of such articles",59406919.0,,59406919.0,False
2021-02-01,2021,2,1,202102,M,imports,USA,United States,85,"Electrical machinery and equipment and parts thereof; sound recorders and reproducers; television image and sound recorders and reproducers, parts and accessories of such articles",26975301.0,,26975301.0,False
2021-02-01,2021,2,1,202102,M,imports,VNM,Vietnam,85,"Electrical machinery and equipment and parts thereof; sound recorders and reproducers; television image and sound recorders and reproducers, parts and accessories of such articles",79141718.0,,79141718.0,False
2021-02-01,2021,2,1,202102,M,imports,W00,World,85,"Electrical machinery and equipment and parts thereof; sound recorders and reproducers; television image and sound recorders and reproducers, parts and accessories of such articles",1895058605.0,,1895058605.0,False
2021-03-01,2021,3,1,202103,X,exports,CHN,China,85,"Electrical machinery and equipment and parts thereof; sound recorders and reproducers; television image and sound recorders and reproducers, parts and accessories of such articles",34260996.835,34260996.835,,False
2021-03-01,2021,3,1,202103,X,exports,DEU,Germany,85,"Electrical machinery and equipment and parts thereof; sound recorders and reproducers; television image and sound recorders and reproducers, parts and accessories of such articles",14446983.538,14446983.538,,False
2021-03-01,2021,3,1,202103,X,exports,JPN,Japan,85,"Electrical machinery and equipment and parts thereof; sound recorders and reproducers; television image and sound recorders and reproducers, parts and accessories of such articles",146840539.82,146840539.82,,False
2021-03-01,2021,3,1,202103,X,exports,KOR,South Korea,85,"Electrical machinery and equipment and parts thereof; sound recorders and reproducers; television image and sound recorders and reproducers, parts and accessories of such articles",61216889.948,61216889.948,,False
2021-03-01,2021,3,1,202103,X,exports,MYS,Malaysia,85,"Electrical machinery and equipment and parts thereof; sound recorders and reproducers; television image and sound recorders and reproducers, parts and accessories of such articles",29541232.304,29541232.304,,False
2021-03-01,2021,3,1,202103,X,exports,PHL,Philippines,85,"Electrical machinery and equipment and parts thereof; sound recorders and reproducers; television image and sound recorders and reproducers, parts and accessories of such articles",17217234.72,17217234.72,,False
2021-03-01,2021,3,1,202103,X,exports,SGP,Singapore,85,"Electrical machinery and equipment and parts thereof; sound recorders and reproducers; television image and sound recorders and reproducers, parts and accessories of such articles",179095231.31,179095231.31,,False
2021-03-01,2021,3,1,202103,X,exports,THA,Thailand,85,"Electrical machinery and equipment and parts thereof; sound recorders and reproducers; television image and sound recorders and reproducers, parts and accessories of such articles",34887390.235,34887390.235,,False
2021-03-01,2021,3,1,202103,X,exports,USA,United States,85,"Electrical machinery and equipment and parts thereof; sound recorders and reproducers; television image and sound recorders and reproducers, parts and accessories of such articles",167357868.18,167357868.18,,False
2021-03-01,2021,3,1,202103,X,exports,VNM,Vietnam,85,"Electrical machinery and equipment and parts thereof; sound recorders and reproducers; television image and sound recorders and reproducers, parts and accessories of such articles",25460514.838,25460514.838,,False
2021-03-01,2021,3,1,202103,X,exports,W00,World,85,"Electrical machinery and equipment and parts thereof; sound recorders and reproducers; television image and sound recorders and reproducers, parts and accessories of such articles",972807095.237,972807095.237,,False
2021-03-01,2021,3,1,202103,M,imports,CHN,China,85,"Electrical machinery and equipment and parts thereof; sound recorders and reproducers; television image and sound recorders and reproducers, parts and accessories of such articles",1011415621.0,,1011415621.0,False
2021-03-01,2021,3,1,202103,M,imports,DEU,Germany,85,"Electrical machinery and equipment and parts thereof; sound recorders and reproducers; television image and sound recorders and reproducers, parts and accessories of such articles",18037026.0,,18037026.0,False
2021-03-01,2021,3,1,202103,M,imports,JPN,Japan,85,"Electrical machinery and equipment and parts thereof; sound recorders and reproducers; television image and sound recorders and reproducers, parts and accessories of such articles",112246068.0,,112246068.0,False
2021-03-01,2021,3,1,202103,M,imports,KOR,South Korea,85,"Electrical machinery and equipment and parts thereof; sound recorders and reproducers; television image and sound recorders and reproducers, parts and accessories of such articles",96055320.0,,96055320.0,False
2021-03-01,2021,3,1,202103,M,imports,MYS,Malaysia,85,"Electrical machinery and equipment and parts thereof; sound recorders and reproducers; television image and sound recorders and reproducers, parts and accessories of such articles",46825330.0,,46825330.0,False
2021-03-01,2021,3,1,202103,M,imports,PHL,Philippines,85,"Electrical machinery and equipment and parts thereof; sound recorders and reproducers; television image and sound recorders and reproducers, parts and accessories of such articles",52356611.0,,52356611.0,False
2021-03-01,2021,3,1,202103,M,imports,SGP,Singapore,85,"Electrical machinery and equipment and parts thereof; sound recorders and reproducers; television image and sound recorders and reproducers, parts and accessories of such articles",175818323.0,,175818323.0,False
2021-03-01,2021,3,1,202103,M,imports,THA,Thailand,85,"Electrical machinery and equipment and parts thereof; sound recorders and reproducers; television image and sound recorders and reproducers, parts and accessories of such articles",62367475.0,,62367475.0,False
2021-03-01,2021,3,1,202103,M,imports,USA,United States,85,"Electrical machinery and equipment and parts thereof; sound recorders and reproducers; television image and sound recorders and reproducers, parts and accessories of such articles",16270903.0,,16270903.0,False
2021-03-01,2021,3,1,202103,M,imports,VNM,Vietnam,85,"Electrical machinery and equipment and parts thereof; sound recorders and reproducers; television image and sound recorders and reproducers, parts and accessories of such articles",102721183.0,,102721183.0,False
2021-03-01,2021,3,1,202103,M,imports,W00,World,85,"Electrical machinery and equipment and parts thereof; sound recorders and reproducers; television image and sound recorders and reproducers, parts and accessories of such articles",1944623780.0,,1944623780.0,False
2021-04-01,2021,4,2,202104,X,exports,CHN,China,85,"Electrical machinery and equipment and parts thereof; sound recorders and reproducers; television image and sound recorders and reproducers, parts and accessories of such articles",30167180.42,30167180.42,,False
2021-04-01,2021,4,2,202104,X,exports,DEU,Germany,85,"Electrical machinery and equipment and parts thereof; sound recorders and reproducers; television image and sound recorders and reproducers, parts and accessories of such articles",17609759.93,17609759.93,,False
2021-04-01,2021,4,2,202104,X,exports,JPN,Japan,85,"Electrical machinery and equipment and parts thereof; sound recorders and reproducers; television image and sound recorders and reproducers, parts and accessories of such articles",138978265.757,138978265.757,,False
2021-04-01,2021,4,2,202104,X,exports,KOR,South Korea,85,"Electrical machinery and equipment and parts thereof; sound recorders and reproducers; television image and sound recorders and reproducers, parts and accessories of such articles",67614876.859,67614876.859,,False
2021-04-01,2021,4,2,202104,X,exports,MYS,Malaysia,85,"Electrical machinery and equipment and parts thereof; sound recorders and reproducers; television image and sound recorders and reproducers, parts and accessories of such articles",27460898.94,27460898.94,,False
2021-04-01,2021,4,2,202104,X,exports,PHL,Philippines,85,"Electrical machinery and equipment and parts thereof; sound recorders and reproducers; television image and sound recorders and reproducers, parts and accessories of such articles",20311985.77,20311985.77,,False
2021-04-01,2021,4,2,202104,X,exports,SGP,Singapore,85,"Electrical machinery and equipment and parts thereof; sound recorders and reproducers; television image and sound recorders and reproducers, parts and accessories of such articles",185953509.69,185953509.69,,False
2021-04-01,2021,4,2,202104,X,exports,THA,Thailand,85,"Electrical machinery and equipment and parts thereof; sound recorders and reproducers; television image and sound recorders and reproducers, parts and accessories of such articles",39499536.193,39499536.193,,False
2021-04-01,2021,4,2,202104,X,exports,USA,United States,85,"Electrical machinery and equipment and parts thereof; sound recorders and reproducers; television image and sound recorders and reproducers, parts and accessories of such articles",162592838.075,162592838.075,,False
2021-04-01,2021,4,2,202104,X,exports,VNM,Vietnam,85,"Electrical machinery and equipment and parts thereof; sound recorders and reproducers; television image and sound recorders and reproducers, parts and accessories of such articles",28687816.577,28687816.577,,False
2021-04-01,2021,4,2,202104,X,exports,W00,World,85,"Electrical machinery and equipment and parts thereof; sound recorders and reproducers; television image and sound recorders and reproducers, parts and accessories of such articles",1002607775.381,1002607775.381,,False
2021-04-01,2021,4,2,202104,M,imports,CHN,China,85,"Electrical machinery and equipment and parts thereof; sound recorders and reproducers; television image and sound recorders and reproducers, parts and accessories of such articles",1118992444.0,,1118992444.0,False
2021-04-01,2021,4,2,202104,M,imports,DEU,Germany,85,"Electrical machinery and equipment and parts thereof; sound recorders and reproducers; television image and sound recorders and reproducers, parts and accessories of such articles",23006214.0,,23006214.0,False
2021-04-01,2021,4,2,202104,M,imports,JPN,Japan,85,"Electrical machinery and equipment and parts thereof; sound recorders and reproducers; television image and sound recorders and reproducers, parts and accessories of such articles",108298711.0,,108298711.0,False
2021-04-01,2021,4,2,202104,M,imports,KOR,South Korea,85,"Electrical machinery and equipment and parts thereof; sound recorders and reproducers; television image and sound recorders and reproducers, parts and accessories of such articles",112776718.0,,112776718.0,False
2021-04-01,2021,4,2,202104,M,imports,MYS,Malaysia,85,"Electrical machinery and equipment and parts thereof; sound recorders and reproducers; television image and sound recorders and reproducers, parts and accessories of such articles",43890390.0,,43890390.0,False
2021-04-01,2021,4,2,202104,M,imports,PHL,Philippines,85,"Electrical machinery and equipment and parts thereof; sound recorders and reproducers; television image and sound recorders and reproducers, parts and accessories of such articles",54210833.0,,54210833.0,False
2021-04-01,2021,4,2,202104,M,imports,SGP,Singapore,85,"Electrical machinery and equipment and parts thereof; sound recorders and reproducers; television image and sound recorders and reproducers, parts and accessories of such articles",168946551.0,,168946551.0,False
2021-04-01,2021,4,2,202104,M,imports,THA,Thailand,85,"Electrical machinery and equipment and parts thereof; sound recorders and reproducers; television image and sound recorders and reproducers, parts and accessories of such articles",61946113.0,,61946113.0,False
2021-04-01,2021,4,2,202104,M,imports,USA,United States,85,"Electrical machinery and equipment and parts thereof; sound recorders and reproducers; television image and sound recorders and reproducers, parts and accessories of such articles",24866094.0,,24866094.0,False
2021-04-01,2021,4,2,202104,M,imports,VNM,Vietnam,85,"Electrical machinery and equipment and parts thereof; sound recorders and reproducers; television image and sound recorders and reproducers, parts and accessories of such articles",80875417.0,,80875417.0,False
2021-04-01,2021,4,2,202104,M,imports,W00,World,85,"Electrical machinery and equipment and parts thereof; sound recorders and reproducers; television image and sound recorders and reproducers, parts and accessories of such articles",2077816469.0,,2077816469.0,False
2021-05-01,2021,5,2,202105,X,exports,CHN,China,85,"Electrical machinery and equipment and parts thereof; sound recorders and reproducers; television image and sound recorders and reproducers, parts and accessories of such articles",29317491.345,29317491.345,,False
2021-05-01,2021,5,2,202105,X,exports,DEU,Germany,85,"Electrical machinery and equipment and parts thereof; sound recorders and reproducers; television image and sound recorders and reproducers, parts and accessories of such articles",13377612.656,13377612.656,,False
2021-05-01,2021,5,2,202105,X,exports,JPN,Japan,85,"Electrical machinery and equipment and parts thereof; sound recorders and reproducers; television image and sound recorders and reproducers, parts and accessories of such articles",114387899.469,114387899.469,,False
2021-05-01,2021,5,2,202105,X,exports,KOR,South Korea,85,"Electrical machinery and equipment and parts thereof; sound recorders and reproducers; television image and sound recorders and reproducers, parts and accessories of such articles",65407528.974,65407528.974,,False
2021-05-01,2021,5,2,202105,X,exports,MYS,Malaysia,85,"Electrical machinery and equipment and parts thereof; sound recorders and reproducers; television image and sound recorders and reproducers, parts and accessories of such articles",27689859.922,27689859.922,,False
2021-05-01,2021,5,2,202105,X,exports,PHL,Philippines,85,"Electrical machinery and equipment and parts thereof; sound recorders and reproducers; television image and sound recorders and reproducers, parts and accessories of such articles",16116263.636,16116263.636,,False
2021-05-01,2021,5,2,202105,X,exports,SGP,Singapore,85,"Electrical machinery and equipment and parts thereof; sound recorders and reproducers; television image and sound recorders and reproducers, parts and accessories of such articles",162252651.681,162252651.681,,False
2021-05-01,2021,5,2,202105,X,exports,THA,Thailand,85,"Electrical machinery and equipment and parts thereof; sound recorders and reproducers; television image and sound recorders and reproducers, parts and accessories of such articles",32966278.231,32966278.231,,False
2021-05-01,2021,5,2,202105,X,exports,USA,United States,85,"Electrical machinery and equipment and parts thereof; sound recorders and reproducers; television image and sound recorders and reproducers, parts and accessories of such articles",132442554.115,132442554.115,,False
2021-05-01,2021,5,2,202105,X,exports,VNM,Vietnam,85,"Electrical machinery and equipment and parts thereof; sound recorders and reproducers; television image and sound recorders and reproducers, parts and accessories of such articles",34343326.977,34343326.977,,False
2021-05-01,2021,5,2,202105,X,exports,W00,World,85,"Electrical machinery and equipment and parts thereof; sound recorders and reproducers; television image and sound recorders and reproducers, parts and accessories of such articles",869762812.13,869762812.13,,False
2021-05-01,2021,5,2,202105,M,imports,CHN,China,85,"Electrical machinery and equipment and parts thereof; sound recorders and reproducers; television image and sound recorders and reproducers, parts and accessories of such articles",825808558.0,,825808558.0,False
2021-05-01,2021,5,2,202105,M,imports,DEU,Germany,85,"Electrical machinery and equipment and parts thereof; sound recorders and reproducers; television image and sound recorders and reproducers, parts and accessories of such articles",16455006.0,,16455006.0,False
2021-05-01,2021,5,2,202105,M,imports,JPN,Japan,85,"Electrical machinery and equipment and parts thereof; sound recorders and reproducers; television image and sound recorders and reproducers, parts and accessories of such articles",79252743.0,,79252743.0,False
2021-05-01,2021,5,2,202105,M,imports,KOR,South Korea,85,"Electrical machinery and equipment and parts thereof; sound recorders and reproducers; television image and sound recorders and reproducers, parts and accessories of such articles",102050302.0,,102050302.0,False
2021-05-01,2021,5,2,202105,M,imports,MYS,Malaysia,85,"Electrical machinery and equipment and parts thereof; sound recorders and reproducers; television image and sound recorders and reproducers, parts and accessories of such articles",41152206.0,,41152206.0,False
2021-05-01,2021,5,2,202105,M,imports,PHL,Philippines,85,"Electrical machinery and equipment and parts thereof; sound recorders and reproducers; television image and sound recorders and reproducers, parts and accessories of such articles",51994606.0,,51994606.0,False
2021-05-01,2021,5,2,202105,M,imports,SGP,Singapore,85,"Electrical machinery and equipment and parts thereof; sound recorders and reproducers; television image and sound recorders and reproducers, parts and accessories of such articles",166888434.0,,166888434.0,False
2021-05-01,2021,5,2,202105,M,imports,THA,Thailand,85,"Electrical machinery and equipment and parts thereof; sound recorders and reproducers; television image and sound recorders and reproducers, parts and accessories of such articles",48178017.0,,48178017.0,False
2021-05-01,2021,5,2,202105,M,imports,USA,United States,85,"Electrical machinery and equipment and parts thereof; sound recorders and reproducers; television image and sound recorders and reproducers, parts and accessories of such articles",23159231.0,,23159231.0,False
2021-05-01,2021,5,2,202105,M,imports,VNM,Vietnam,85,"Electrical machinery and equipment and parts thereof; sound recorders and reproducers; television image and sound recorders and reproducers, parts and accessories of such articles",66257974.0,,66257974.0,False
2021-05-01,2021,5,2,202105,M,imports,W00,World,85,"Electrical machinery and equipment and parts thereof; sound recorders and reproducers; television image and sound recorders and reproducers, parts and accessories of such articles",1655844384.0,,1655844384.0,False
2021-06-01,2021,6,2,202106,X,exports,CHN,China,85,"Electrical machinery and equipment and parts thereof; sound recorders and reproducers; television image and sound recorders and reproducers, parts and accessories of such articles",33608933.828,33608933.828,,False
2021-06-01,2021,6,2,202106,X,exports,DEU,Germany,85,"Electrical machinery and equipment and parts thereof; sound recorders and reproducers; television image and sound recorders and reproducers, parts and accessories of such articles",13373813.599,13373813.599,,False
2021-06-01,2021,6,2,202106,X,exports,JPN,Japan,85,"Electrical machinery and equipment and parts thereof; sound recorders and reproducers; television image and sound recorders and reproducers, parts and accessories of such articles",128486858.629,128486858.629,,False
2021-06-01,2021,6,2,202106,X,exports,KOR,South Korea,85,"Electrical machinery and equipment and parts thereof; sound recorders and reproducers; television image and sound recorders and reproducers, parts and accessories of such articles",57076831.047,57076831.047,,False
2021-06-01,2021,6,2,202106,X,exports,MYS,Malaysia,85,"Electrical machinery and equipment and parts thereof; sound recorders and reproducers; television image and sound recorders and reproducers, parts and accessories of such articles",27439533.584,27439533.584,,False
2021-06-01,2021,6,2,202106,X,exports,PHL,Philippines,85,"Electrical machinery and equipment and parts thereof; sound recorders and reproducers; television image and sound recorders and reproducers, parts and accessories of such articles",16288033.54,16288033.54,,False
2021-06-01,2021,6,2,202106,X,exports,SGP,Singapore,85,"Electrical machinery and equipment and parts thereof; sound recorders and reproducers; television image and sound recorders and reproducers, parts and accessories of such articles",195777579.469,195777579.469,,False
2021-06-01,2021,6,2,202106,X,exports,THA,Thailand,85,"Electrical machinery and equipment and parts thereof; sound recorders and reproducers; television image and sound recorders and reproducers, parts and accessories of such articles",35870051.939,35870051.939,,False
2021-06-01,2021,6,2,202106,X,exports,USA,United States,85,"Electrical machinery and equipment and parts thereof; sound recorders and reproducers; television image and sound recorders and reproducers, parts and accessories of such articles",160494406.75,160494406.75,,False
2021-06-01,2021,6,2,202106,X,exports,VNM,Vietnam,85,"Electrical machinery and equipment and parts thereof; sound recorders and reproducers; television image and sound recorders and reproducers, parts and accessories of such articles",35973696.671,35973696.671,,False
2021-06-01,2021,6,2,202106,X,exports,W00,World,85,"Electrical machinery and equipment and parts thereof; sound recorders and reproducers; television image and sound recorders and reproducers, parts and accessories of such articles",1007373820.516,1007373820.516,,False
2021-06-01,2021,6,2,202106,M,imports,CHN,China,85,"Electrical machinery and equipment and parts thereof; sound recorders and reproducers; television image and sound recorders and reproducers, parts and accessories of such articles",910404523.0,,910404523.0,False
2021-06-01,2021,6,2,202106,M,imports,DEU,Germany,85,"Electrical machinery and equipment and parts thereof; sound recorders and reproducers; television image and sound recorders and reproducers, parts and accessories of such articles",22518708.0,,22518708.0,False
2021-06-01,2021,6,2,202106,M,imports,JPN,Japan,85,"Electrical machinery and equipment and parts thereof; sound recorders and reproducers; television image and sound recorders and reproducers, parts and accessories of such articles",108056989.0,,108056989.0,False
2021-06-01,2021,6,2,202106,M,imports,KOR,South Korea,85,"Electrical machinery and equipment and parts thereof; sound recorders and reproducers; television image and sound recorders and reproducers, parts and accessories of such articles",89471172.0,,89471172.0,False
2021-06-01,2021,6,2,202106,M,imports,MYS,Malaysia,85,"Electrical machinery and equipment and parts thereof; sound recorders and reproducers; television image and sound recorders and reproducers, parts and accessories of such articles",56063257.0,,56063257.0,False
2021-06-01,2021,6,2,202106,M,imports,PHL,Philippines,85,"Electrical machinery and equipment and parts thereof; sound recorders and reproducers; television image and sound recorders and reproducers, parts and accessories of such articles",51285599.0,,51285599.0,False
2021-06-01,2021,6,2,202106,M,imports,SGP,Singapore,85,"Electrical machinery and equipment and parts thereof; sound recorders and reproducers; television image and sound recorders and reproducers, parts and accessories of such articles",172518950.0,,172518950.0,False
2021-06-01,2021,6,2,202106,M,imports,THA,Thailand,85,"Electrical machinery and equipment and parts thereof; sound recorders and reproducers; television image and sound recorders and reproducers, parts and accessories of such articles",69056541.0,,69056541.0,False
2021-06-01,2021,6,2,202106,M,imports,USA,United States,85,"Electrical machinery and equipment and parts thereof; sound recorders and reproducers; television image and sound recorders and reproducers, parts and accessories of such articles",27578102.0,,27578102.0,False
2021-06-01,2021,6,2,202106,M,imports,VNM,Vietnam,85,"Electrical machinery and equipment and parts thereof; sound recorders and reproducers; television image and sound recorders and reproducers, parts and accessories of such articles",49416416.0,,49416416.0,False
2021-06-01,2021,6,2,202106,M,imports,W00,World,85,"Electrical machinery and equipment and parts thereof; sound recorders and reproducers; television image and sound recorders and reproducers, parts and accessories of such articles",1786982692.0,,1786982692.0,False
2021-07-01,2021,7,3,202107,X,exports,CHN,China,85,"Electrical machinery and equipment and parts thereof; sound recorders and reproducers; television image and sound recorders and reproducers, parts and accessories of such articles",28270478.352,28270478.352,,False
2021-07-01,2021,7,3,202107,X,exports,DEU,Germany,85,"Electrical machinery and equipment and parts thereof; sound recorders and reproducers; television image and sound recorders and reproducers, parts and accessories of such articles",14308371.232,14308371.232,,False
2021-07-01,2021,7,3,202107,X,exports,JPN,Japan,85,"Electrical machinery and equipment and parts thereof; sound recorders and reproducers; television image and sound recorders and reproducers, parts and accessories of such articles",111746063.755,111746063.755,,False
2021-07-01,2021,7,3,202107,X,exports,KOR,South Korea,85,"Electrical machinery and equipment and parts thereof; sound recorders and reproducers; television image and sound recorders and reproducers, parts and accessories of such articles",64773772.602,64773772.602,,False
2021-07-01,2021,7,3,202107,X,exports,MYS,Malaysia,85,"Electrical machinery and equipment and parts thereof; sound recorders and reproducers; television image and sound recorders and reproducers, parts and accessories of such articles",23486160.289,23486160.289,,False
2021-07-01,2021,7,3,202107,X,exports,PHL,Philippines,85,"Electrical machinery and equipment and parts thereof; sound recorders and reproducers; television image and sound recorders and reproducers, parts and accessories of such articles",31814309.446,31814309.446,,False
2021-07-01,2021,7,3,202107,X,exports,SGP,Singapore,85,"Electrical machinery and equipment and parts thereof; sound recorders and reproducers; television image and sound recorders and reproducers, parts and accessories of such articles",173258153.284,173258153.284,,False
2021-07-01,2021,7,3,202107,X,exports,THA,Thailand,85,"Electrical machinery and equipment and parts thereof; sound recorders and reproducers; television image and sound recorders and reproducers, parts and accessories of such articles",33632576.124,33632576.124,,False
2021-07-01,2021,7,3,202107,X,exports,USA,United States,85,"Electrical machinery and equipment and parts thereof; sound recorders and reproducers; television image and sound recorders and reproducers, parts and accessories of such articles",152047299.848,152047299.848,,False
2021-07-01,2021,7,3,202107,X,exports,VNM,Vietnam,85,"Electrical machinery and equipment and parts thereof; sound recorders and reproducers; television image and sound recorders and reproducers, parts and accessories of such articles",40220669.255,40220669.255,,False
2021-07-01,2021,7,3,202107,X,exports,W00,World,85,"Electrical machinery and equipment and parts thereof; sound recorders and reproducers; television image and sound recorders and reproducers, parts and accessories of such articles",953060924.497,953060924.497,,False
2021-07-01,2021,7,3,202107,M,imports,CHN,China,85,"Electrical machinery and equipment and parts thereof; sound recorders and reproducers; television image and sound recorders and reproducers, parts and accessories of such articles",925748747.0,,925748747.0,False
2021-07-01,2021,7,3,202107,M,imports,DEU,Germany,85,"Electrical machinery and equipment and parts thereof; sound recorders and reproducers; television image and sound recorders and reproducers, parts and accessories of such articles",21137547.0,,21137547.0,False
2021-07-01,2021,7,3,202107,M,imports,JPN,Japan,85,"Electrical machinery and equipment and parts thereof; sound recorders and reproducers; television image and sound recorders and reproducers, parts and accessories of such articles",93765886.0,,93765886.0,False
2021-07-01,2021,7,3,202107,M,imports,KOR,South Korea,85,"Electrical machinery and equipment and parts thereof; sound recorders and reproducers; television image and sound recorders and reproducers, parts and accessories of such articles",63313321.0,,63313321.0,False
2021-07-01,2021,7,3,202107,M,imports,MYS,Malaysia,85,"Electrical machinery and equipment and parts thereof; sound recorders and reproducers; television image and sound recorders and reproducers, parts and accessories of such articles",60455639.0,,60455639.0,False
2021-07-01,2021,7,3,202107,M,imports,PHL,Philippines,85,"Electrical machinery and equipment and parts thereof; sound recorders and reproducers; television image and sound recorders and reproducers, parts and accessories of such articles",50005590.0,,50005590.0,False
2021-07-01,2021,7,3,202107,M,imports,SGP,Singapore,85,"Electrical machinery and equipment and parts thereof; sound recorders and reproducers; television image and sound recorders and reproducers, parts and accessories of such articles",142296753.0,,142296753.0,False
2021-07-01,2021,7,3,202107,M,imports,THA,Thailand,85,"Electrical machinery and equipment and parts thereof; sound recorders and reproducers; television image and sound recorders and reproducers, parts and accessories of such articles",57005097.0,,57005097.0,False
2021-07-01,2021,7,3,202107,M,imports,USA,United States,85,"Electrical machinery and equipment and parts thereof; sound recorders and reproducers; television image and sound recorders and reproducers, parts and accessories of such articles",27582465.0,,27582465.0,False
2021-07-01,2021,7,3,202107,M,imports,VNM,Vietnam,85,"Electrical machinery and equipment and parts thereof; sound recorders and reproducers; television image and sound recorders and reproducers, parts and accessories of such articles",41604824.0,,41604824.0,False
2021-07-01,2021,7,3,202107,M,imports,W00,World,85,"Electrical machinery and equipment and parts thereof; sound recorders and reproducers; television image and sound recorders and reproducers, parts and accessories of such articles",1708511603.0,,1708511603.0,False
2021-08-01,2021,8,3,202108,X,exports,CHN,China,85,"Electrical machinery and equipment and parts thereof; sound recorders and reproducers; television image and sound recorders and reproducers, parts and accessories of such articles",31243347.125,31243347.125,,False
2021-08-01,2021,8,3,202108,X,exports,DEU,Germany,85,"Electrical machinery and equipment and parts thereof; sound recorders and reproducers; television image and sound recorders and reproducers, parts and accessories of such articles",13390953.764,13390953.764,,False
2021-08-01,2021,8,3,202108,X,exports,JPN,Japan,85,"Electrical machinery and equipment and parts thereof; sound recorders and reproducers; television image and sound recorders and reproducers, parts and accessories of such articles",122130895.881,122130895.881,,False
2021-08-01,2021,8,3,202108,X,exports,KOR,South Korea,85,"Electrical machinery and equipment and parts thereof; sound recorders and reproducers; television image and sound recorders and reproducers, parts and accessories of such articles",75223687.796,75223687.796,,False
2021-08-01,2021,8,3,202108,X,exports,MYS,Malaysia,85,"Electrical machinery and equipment and parts thereof; sound recorders and reproducers; television image and sound recorders and reproducers, parts and accessories of such articles",20366643.494,20366643.494,,False
2021-08-01,2021,8,3,202108,X,exports,PHL,Philippines,85,"Electrical machinery and equipment and parts thereof; sound recorders and reproducers; television image and sound recorders and reproducers, parts and accessories of such articles",15126018.369,15126018.369,,False
2021-08-01,2021,8,3,202108,X,exports,SGP,Singapore,85,"Electrical machinery and equipment and parts thereof; sound recorders and reproducers; television image and sound recorders and reproducers, parts and accessories of such articles",183421288.192,183421288.192,,False
2021-08-01,2021,8,3,202108,X,exports,THA,Thailand,85,"Electrical machinery and equipment and parts thereof; sound recorders and reproducers; television image and sound recorders and reproducers, parts and accessories of such articles",33484664.102,33484664.102,,False
2021-08-01,2021,8,3,202108,X,exports,USA,United States,85,"Electrical machinery and equipment and parts thereof; sound recorders and reproducers; television image and sound recorders and reproducers, parts and accessories of such articles",165108560.558,165108560.558,,False
2021-08-01,2021,8,3,202108,X,exports,VNM,Vietnam,85,"Electrical machinery and equipment and parts thereof; sound recorders and reproducers; television image and sound recorders and reproducers, parts and accessories of such articles",26161235.477,26161235.477,,False
2021-08-01,2021,8,3,202108,X,exports,W00,World,85,"Electrical machinery and equipment and parts thereof; sound recorders and reproducers; television image and sound recorders and reproducers, parts and accessories of such articles",1005054518.449,1005054518.449,,False
2021-08-01,2021,8,3,202108,M,imports,CHN,China,85,"Electrical machinery and equipment and parts thereof; sound recorders and reproducers; television image and sound recorders and reproducers, parts and accessories of such articles",949746670.0,,949746670.0,False
2021-08-01,2021,8,3,202108,M,imports,DEU,Germany,85,"Electrical machinery and equipment and parts thereof; sound recorders and reproducers; television image and sound recorders and reproducers, parts and accessories of such articles",22918376.0,,22918376.0,False
2021-08-01,2021,8,3,202108,M,imports,JPN,Japan,85,"Electrical machinery and equipment and parts thereof; sound recorders and reproducers; television image and sound recorders and reproducers, parts and accessories of such articles",116243805.0,,116243805.0,False
2021-08-01,2021,8,3,202108,M,imports,KOR,South Korea,85,"Electrical machinery and equipment and parts thereof; sound recorders and reproducers; television image and sound recorders and reproducers, parts and accessories of such articles",126511918.0,,126511918.0,False
2021-08-01,2021,8,3,202108,M,imports,MYS,Malaysia,85,"Electrical machinery and equipment and parts thereof; sound recorders and reproducers; television image and sound recorders and reproducers, parts and accessories of such articles",41943822.0,,41943822.0,False
2021-08-01,2021,8,3,202108,M,imports,PHL,Philippines,85,"Electrical machinery and equipment and parts thereof; sound recorders and reproducers; television image and sound recorders and reproducers, parts and accessories of such articles",55157413.0,,55157413.0,False
2021-08-01,2021,8,3,202108,M,imports,SGP,Singapore,85,"Electrical machinery and equipment and parts thereof; sound recorders and reproducers; television image and sound recorders and reproducers, parts and accessories of such articles",142931322.0,,142931322.0,False
2021-08-01,2021,8,3,202108,M,imports,THA,Thailand,85,"Electrical machinery and equipment and parts thereof; sound recorders and reproducers; television image and sound recorders and reproducers, parts and accessories of such articles",58093795.0,,58093795.0,False
2021-08-01,2021,8,3,202108,M,imports,USA,United States,85,"Electrical machinery and equipment and parts thereof; sound recorders and reproducers; television image and sound recorders and reproducers, parts and accessories of such articles",24113331.0,,24113331.0,False
2021-08-01,2021,8,3,202108,M,imports,VNM,Vietnam,85,"Electrical machinery and equipment and parts thereof; sound recorders and reproducers; television image and sound recorders and reproducers, parts and accessories of such articles",43376068.0,,43376068.0,False
2021-08-01,2021,8,3,202108,M,imports,W00,World,85,"Electrical machinery and equipment and parts thereof; sound recorders and reproducers; television image and sound recorders and reproducers, parts and accessories of such articles",1872472074.0,,1872472074.0,False
2021-09-01,2021,9,3,202109,X,exports,CHN,China,85,"Electrical machinery and equipment and parts thereof; sound recorders and reproducers; television image and sound recorders and reproducers, parts and accessories of such articles",32381993.322,32381993.322,,False
2021-09-01,2021,9,3,202109,X,exports,DEU,Germany,85,"Electrical machinery and equipment and parts thereof; sound recorders and reproducers; television image and sound recorders and reproducers, parts and accessories of such articles",13608998.567,13608998.567,,False
2021-09-01,2021,9,3,202109,X,exports,JPN,Japan,85,"Electrical machinery and equipment and parts thereof; sound recorders and reproducers; television image and sound recorders and reproducers, parts and accessories of such articles",119274485.361,119274485.361,,False
2021-09-01,2021,9,3,202109,X,exports,KOR,South Korea,85,"Electrical machinery and equipment and parts thereof; sound recorders and reproducers; television image and sound recorders and reproducers, parts and accessories of such articles",90526708.919,90526708.919,,False
2021-09-01,2021,9,3,202109,X,exports,MYS,Malaysia,85,"Electrical machinery and equipment and parts thereof; sound recorders and reproducers; television image and sound recorders and reproducers, parts and accessories of such articles",23347126.069,23347126.069,,False
2021-09-01,2021,9,3,202109,X,exports,PHL,Philippines,85,"Electrical machinery and equipment and parts thereof; sound recorders and reproducers; television image and sound recorders and reproducers, parts and accessories of such articles",19117030.943,19117030.943,,False
2021-09-01,2021,9,3,202109,X,exports,SGP,Singapore,85,"Electrical machinery and equipment and parts thereof; sound recorders and reproducers; television image and sound recorders and reproducers, parts and accessories of such articles",180921057.651,180921057.651,,False
2021-09-01,2021,9,3,202109,X,exports,THA,Thailand,85,"Electrical machinery and equipment and parts thereof; sound recorders and reproducers; television image and sound recorders and reproducers, parts and accessories of such articles",35017267.108,35017267.108,,False
2021-09-01,2021,9,3,202109,X,exports,USA,United States,85,"Electrical machinery and equipment and parts thereof; sound recorders and reproducers; television image and sound recorders and reproducers, parts and accessories of such articles",182471774.322,182471774.322,,False
2021-09-01,2021,9,3,202109,X,exports,VNM,Vietnam,85,"Electrical machinery and equipment and parts thereof; sound recorders and reproducers; television image and sound recorders and reproducers, parts and accessories of such articles",24491209.577,24491209.577,,False
2021-09-01,2021,9,3,202109,X,exports,W00,World,85,"Electrical machinery and equipment and parts thereof; sound recorders and reproducers; television image and sound recorders and reproducers, parts and accessories of such articles",1051165393.516,1051165393.516,,False
2021-09-01,2021,9,3,202109,M,imports,CHN,China,85,"Electrical machinery and equipment and parts thereof; sound recorders and reproducers; television image and sound recorders and reproducers, parts and accessories of such articles",853012032.0,,853012032.0,False
2021-09-01,2021,9,3,202109,M,imports,DEU,Germany,85,"Electrical machinery and equipment and parts thereof; sound recorders and reproducers; television image and sound recorders and reproducers, parts and accessories of such articles",24766258.0,,24766258.0,False
2021-09-01,2021,9,3,202109,M,imports,JPN,Japan,85,"Electrical machinery and equipment and parts thereof; sound recorders and reproducers; television image and sound recorders and reproducers, parts and accessories of such articles",110213961.0,,110213961.0,False
2021-09-01,2021,9,3,202109,M,imports,KOR,South Korea,85,"Electrical machinery and equipment and parts thereof; sound recorders and reproducers; television image and sound recorders and reproducers, parts and accessories of such articles",86476774.0,,86476774.0,False
2021-09-01,2021,9,3,202109,M,imports,MYS,Malaysia,85,"Electrical machinery and equipment and parts thereof; sound recorders and reproducers; television image and sound recorders and reproducers, parts and accessories of such articles",49125939.0,,49125939.0,False
2021-09-01,2021,9,3,202109,M,imports,PHL,Philippines,85,"Electrical machinery and equipment and parts thereof; sound recorders and reproducers; television image and sound recorders and reproducers, parts and accessories of such articles",47872598.0,,47872598.0,False
2021-09-01,2021,9,3,202109,M,imports,SGP,Singapore,85,"Electrical machinery and equipment and parts thereof; sound recorders and reproducers; television image and sound recorders and reproducers, parts and accessories of such articles",127348166.0,,127348166.0,False
2021-09-01,2021,9,3,202109,M,imports,THA,Thailand,85,"Electrical machinery and equipment and parts thereof; sound recorders and reproducers; television image and sound recorders and reproducers, parts and accessories of such articles",69523219.0,,69523219.0,False
2021-09-01,2021,9,3,202109,M,imports,USA,United States,85,"Electrical machinery and equipment and parts thereof; sound recorders and reproducers; television image and sound recorders and reproducers, parts and accessories of such articles",39631418.0,,39631418.0,False
2021-09-01,2021,9,3,202109,M,imports,VNM,Vietnam,85,"Electrical machinery and equipment and parts thereof; sound recorders and reproducers; television image and sound recorders and reproducers, parts and accessories of such articles",49181586.0,,49181586.0,False
2021-09-01,2021,9,3,202109,M,imports,W00,World,85,"Electrical machinery and equipment and parts thereof; sound recorders and reproducers; television image and sound recorders and reproducers, parts and accessories of such articles",1749836178.0,,1749836178.0,False
2021-10-01,2021,10,4,202110,X,exports,CHN,China,85,"Electrical machinery and equipment and parts thereof; sound recorders and reproducers; television image and sound recorders and reproducers, parts and accessories of such articles",33709792.536,33709792.536,,False
2021-10-01,2021,10,4,202110,X,exports,DEU,Germany,85,"Electrical machinery and equipment and parts thereof; sound recorders and reproducers; television image and sound recorders and reproducers, parts and accessories of such articles",15122774.343,15122774.343,,False
2021-10-01,2021,10,4,202110,X,exports,JPN,Japan,85,"Electrical machinery and equipment and parts thereof; sound recorders and reproducers; television image and sound recorders and reproducers, parts and accessories of such articles",111236797.697,111236797.697,,False
2021-10-01,2021,10,4,202110,X,exports,KOR,South Korea,85,"Electrical machinery and equipment and parts thereof; sound recorders and reproducers; television image and sound recorders and reproducers, parts and accessories of such articles",58068902.795,58068902.795,,False
2021-10-01,2021,10,4,202110,X,exports,MYS,Malaysia,85,"Electrical machinery and equipment and parts thereof; sound recorders and reproducers; television image and sound recorders and reproducers, parts and accessories of such articles",19906739.718,19906739.718,,False
2021-10-01,2021,10,4,202110,X,exports,PHL,Philippines,85,"Electrical machinery and equipment and parts thereof; sound recorders and reproducers; television image and sound recorders and reproducers, parts and accessories of such articles",13061825.729,13061825.729,,False
2021-10-01,2021,10,4,202110,X,exports,SGP,Singapore,85,"Electrical machinery and equipment and parts thereof; sound recorders and reproducers; television image and sound recorders and reproducers, parts and accessories of such articles",176920095.66,176920095.66,,False
2021-10-01,2021,10,4,202110,X,exports,THA,Thailand,85,"Electrical machinery and equipment and parts thereof; sound recorders and reproducers; television image and sound recorders and reproducers, parts and accessories of such articles",32726767.888,32726767.888,,False
2021-10-01,2021,10,4,202110,X,exports,USA,United States,85,"Electrical machinery and equipment and parts thereof; sound recorders and reproducers; television image and sound recorders and reproducers, parts and accessories of such articles",169874122.916,169874122.916,,False
2021-10-01,2021,10,4,202110,X,exports,VNM,Vietnam,85,"Electrical machinery and equipment and parts thereof; sound recorders and reproducers; television image and sound recorders and reproducers, parts and accessories of such articles",22057711.962,22057711.962,,False
2021-10-01,2021,10,4,202110,X,exports,W00,World,85,"Electrical machinery and equipment and parts thereof; sound recorders and reproducers; television image and sound recorders and reproducers, parts and accessories of such articles",945552383.434,945552383.434,,False
2021-10-01,2021,10,4,202110,M,imports,CHN,China,85,"Electrical machinery and equipment and parts thereof; sound recorders and reproducers; television image and sound recorders and reproducers, parts and accessories of such articles",851904158.0,,851904158.0,False
2021-10-01,2021,10,4,202110,M,imports,DEU,Germany,85,"Electrical machinery and equipment and parts thereof; sound recorders and reproducers; television image and sound recorders and reproducers, parts and accessories of such articles",28450238.0,,28450238.0,False
2021-10-01,2021,10,4,202110,M,imports,JPN,Japan,85,"Electrical machinery and equipment and parts thereof; sound recorders and reproducers; television image and sound recorders and reproducers, parts and accessories of such articles",102013607.0,,102013607.0,False
2021-10-01,2021,10,4,202110,M,imports,KOR,South Korea,85,"Electrical machinery and equipment and parts thereof; sound recorders and reproducers; television image and sound recorders and reproducers, parts and accessories of such articles",85134809.0,,85134809.0,False
2021-10-01,2021,10,4,202110,M,imports,MYS,Malaysia,85,"Electrical machinery and equipment and parts thereof; sound recorders and reproducers; television image and sound recorders and reproducers, parts and accessories of such articles",49649853.0,,49649853.0,False
2021-10-01,2021,10,4,202110,M,imports,PHL,Philippines,85,"Electrical machinery and equipment and parts thereof; sound recorders and reproducers; television image and sound recorders and reproducers, parts and accessories of such articles",53427980.0,,53427980.0,False
2021-10-01,2021,10,4,202110,M,imports,SGP,Singapore,85,"Electrical machinery and equipment and parts thereof; sound recorders and reproducers; television image and sound recorders and reproducers, parts and accessories of such articles",120464653.0,,120464653.0,False
2021-10-01,2021,10,4,202110,M,imports,THA,Thailand,85,"Electrical machinery and equipment and parts thereof; sound recorders and reproducers; television image and sound recorders and reproducers, parts and accessories of such articles",54126501.0,,54126501.0,False
2021-10-01,2021,10,4,202110,M,imports,USA,United States,85,"Electrical machinery and equipment and parts thereof; sound recorders and reproducers; television image and sound recorders and reproducers, parts and accessories of such articles",36906868.0,,36906868.0,False
2021-10-01,2021,10,4,202110,M,imports,VNM,Vietnam,85,"Electrical machinery and equipment and parts thereof; sound recorders and reproducers; television image and sound recorders and reproducers, parts and accessories of such articles",52905660.0,,52905660.0,False
2021-10-01,2021,10,4,202110,M,imports,W00,World,85,"Electrical machinery and equipment and parts thereof; sound recorders and reproducers; television image and sound recorders and reproducers, parts and accessories of such articles",1661365525.0,,1661365525.0,False
2021-11-01,2021,11,4,202111,X,exports,CHN,China,85,"Electrical machinery and equipment and parts thereof; sound recorders and reproducers; television image and sound recorders and reproducers, parts and accessories of such articles",35813921.566,35813921.566,,False
2021-11-01,2021,11,4,202111,X,exports,DEU,Germany,85,"Electrical machinery and equipment and parts thereof; sound recorders and reproducers; television image and sound recorders and reproducers, parts and accessories of such articles",16537107.392,16537107.392,,False
2021-11-01,2021,11,4,202111,X,exports,JPN,Japan,85,"Electrical machinery and equipment and parts thereof; sound recorders and reproducers; television image and sound recorders and reproducers, parts and accessories of such articles",141990360.502,141990360.502,,False
2021-11-01,2021,11,4,202111,X,exports,KOR,South Korea,85,"Electrical machinery and equipment and parts thereof; sound recorders and reproducers; television image and sound recorders and reproducers, parts and accessories of such articles",59713690.448,59713690.448,,False
2021-11-01,2021,11,4,202111,X,exports,MYS,Malaysia,85,"Electrical machinery and equipment and parts thereof; sound recorders and reproducers; television image and sound recorders and reproducers, parts and accessories of such articles",26463198.199,26463198.199,,False
2021-11-01,2021,11,4,202111,X,exports,PHL,Philippines,85,"Electrical machinery and equipment and parts thereof; sound recorders and reproducers; television image and sound recorders and reproducers, parts and accessories of such articles",11329955.725,11329955.725,,False
2021-11-01,2021,11,4,202111,X,exports,SGP,Singapore,85,"Electrical machinery and equipment and parts thereof; sound recorders and reproducers; television image and sound recorders and reproducers, parts and accessories of such articles",201778515.101,201778515.101,,False
2021-11-01,2021,11,4,202111,X,exports,THA,Thailand,85,"Electrical machinery and equipment and parts thereof; sound recorders and reproducers; television image and sound recorders and reproducers, parts and accessories of such articles",32764965.743,32764965.743,,False
2021-11-01,2021,11,4,202111,X,exports,USA,United States,85,"Electrical machinery and equipment and parts thereof; sound recorders and reproducers; television image and sound recorders and reproducers, parts and accessories of such articles",202091809.36,202091809.36,,False
2021-11-01,2021,11,4,202111,X,exports,VNM,Vietnam,85,"Electrical machinery and equipment and parts thereof; sound recorders and reproducers; television image and sound recorders and reproducers, parts and accessories of such articles",42913889.836,42913889.836,,False
2021-11-01,2021,11,4,202111,X,exports,W00,World,85,"Electrical machinery and equipment and parts thereof; sound recorders and reproducers; television image and sound recorders and reproducers, parts and accessories of such articles",1059894406.22,1059894406.22,,False
2021-11-01,2021,11,4,202111,M,imports,CHN,China,85,"Electrical machinery and equipment and parts thereof; sound recorders and reproducers; television image and sound recorders and reproducers, parts and accessories of such articles",1142032800.0,,1142032800.0,False
2021-11-01,2021,11,4,202111,M,imports,DEU,Germany,85,"Electrical machinery and equipment and parts thereof; sound recorders and reproducers; television image and sound recorders and reproducers, parts and accessories of such articles",24577871.0,,24577871.0,False
2021-11-01,2021,11,4,202111,M,imports,JPN,Japan,85,"Electrical machinery and equipment and parts thereof; sound recorders and reproducers; television image and sound recorders and reproducers, parts and accessories of such articles",123046590.0,,123046590.0,False
2021-11-01,2021,11,4,202111,M,imports,KOR,South Korea,85,"Electrical machinery and equipment and parts thereof; sound recorders and reproducers; television image and sound recorders and reproducers, parts and accessories of such articles",136701267.0,,136701267.0,False
2021-11-01,2021,11,4,202111,M,imports,MYS,Malaysia,85,"Electrical machinery and equipment and parts thereof; sound recorders and reproducers; television image and sound recorders and reproducers, parts and accessories of such articles",50724721.0,,50724721.0,False
2021-11-01,2021,11,4,202111,M,imports,PHL,Philippines,85,"Electrical machinery and equipment and parts thereof; sound recorders and reproducers; television image and sound recorders and reproducers, parts and accessories of such articles",52551970.0,,52551970.0,False
2021-11-01,2021,11,4,202111,M,imports,SGP,Singapore,85,"Electrical machinery and equipment and parts thereof; sound recorders and reproducers; television image and sound recorders and reproducers, parts and accessories of such articles",130198726.0,,130198726.0,False
2021-11-01,2021,11,4,202111,M,imports,THA,Thailand,85,"Electrical machinery and equipment and parts thereof; sound recorders and reproducers; television image and sound recorders and reproducers, parts and accessories of such articles",70054338.0,,70054338.0,False
2021-11-01,2021,11,4,202111,M,imports,USA,United States,85,"Electrical machinery and equipment and parts thereof; sound recorders and reproducers; television image and sound recorders and reproducers, parts and accessories of such articles",26641418.0,,26641418.0,False
2021-11-01,2021,11,4,202111,M,imports,VNM,Vietnam,85,"Electrical machinery and equipment and parts thereof; sound recorders and reproducers; television image and sound recorders and reproducers, parts and accessories of such articles",76992912.0,,76992912.0,False
2021-11-01,2021,11,4,202111,M,imports,W00,World,85,"Electrical machinery and equipment and parts thereof; sound recorders and reproducers; television image and sound recorders and reproducers, parts and accessories of such articles",2088941794.0,,2088941794.0,False
2021-12-01,2021,12,4,202112,X,exports,CHN,China,85,"Electrical machinery and equipment and parts thereof; sound recorders and reproducers; television image and sound recorders and reproducers, parts and accessories of such articles",36119905.343,36119905.343,,False
2021-12-01,2021,12,4,202112,X,exports,DEU,Germany,85,"Electrical machinery and equipment and parts thereof; sound recorders and reproducers; television image and sound recorders and reproducers, parts and accessories of such articles",15140880.368,15140880.368,,False
2021-12-01,2021,12,4,202112,X,exports,JPN,Japan,85,"Electrical machinery and equipment and parts thereof; sound recorders and reproducers; television image and sound recorders and reproducers, parts and accessories of such articles",141218781.925,141218781.925,,False
2021-12-01,2021,12,4,202112,X,exports,KOR,South Korea,85,"Electrical machinery and equipment and parts thereof; sound recorders and reproducers; television image and sound recorders and reproducers, parts and accessories of such articles",63617479.034,63617479.034,,False
2021-12-01,2021,12,4,202112,X,exports,MYS,Malaysia,85,"Electrical machinery and equipment and parts thereof; sound recorders and reproducers; television image and sound recorders and reproducers, parts and accessories of such articles",25587014.484,25587014.484,,False
2021-12-01,2021,12,4,202112,X,exports,PHL,Philippines,85,"Electrical machinery and equipment and parts thereof; sound recorders and reproducers; television image and sound recorders and reproducers, parts and accessories of such articles",17518205.109,17518205.109,,False
2021-12-01,2021,12,4,202112,X,exports,SGP,Singapore,85,"Electrical machinery and equipment and parts thereof; sound recorders and reproducers; television image and sound recorders and reproducers, parts and accessories of such articles",210979393.748,210979393.748,,False
2021-12-01,2021,12,4,202112,X,exports,THA,Thailand,85,"Electrical machinery and equipment and parts thereof; sound recorders and reproducers; television image and sound recorders and reproducers, parts and accessories of such articles",39696546.929,39696546.929,,False
2021-12-01,2021,12,4,202112,X,exports,USA,United States,85,"Electrical machinery and equipment and parts thereof; sound recorders and reproducers; television image and sound recorders and reproducers, parts and accessories of such articles",253839780.872,253839780.872,,False
2021-12-01,2021,12,4,202112,X,exports,VNM,Vietnam,85,"Electrical machinery and equipment and parts thereof; sound recorders and reproducers; television image and sound recorders and reproducers, parts and accessories of such articles",67698119.405,67698119.405,,False
2021-12-01,2021,12,4,202112,X,exports,W00,World,85,"Electrical machinery and equipment and parts thereof; sound recorders and reproducers; television image and sound recorders and reproducers, parts and accessories of such articles",1210749343.229,1210749343.229,,False
2021-12-01,2021,12,4,202112,M,imports,CHN,China,85,"Electrical machinery and equipment and parts thereof; sound recorders and reproducers; television image and sound recorders and reproducers, parts and accessories of such articles",1237372584.0,,1237372584.0,False
2021-12-01,2021,12,4,202112,M,imports,DEU,Germany,85,"Electrical machinery and equipment and parts thereof; sound recorders and reproducers; television image and sound recorders and reproducers, parts and accessories of such articles",22531016.0,,22531016.0,False
2021-12-01,2021,12,4,202112,M,imports,JPN,Japan,85,"Electrical machinery and equipment and parts thereof; sound recorders and reproducers; television image and sound recorders and reproducers, parts and accessories of such articles",111428352.0,,111428352.0,False
2021-12-01,2021,12,4,202112,M,imports,KOR,South Korea,85,"Electrical machinery and equipment and parts thereof; sound recorders and reproducers; television image and sound recorders and reproducers, parts and accessories of such articles",108913106.0,,108913106.0,False
2021-12-01,2021,12,4,202112,M,imports,MYS,Malaysia,85,"Electrical machinery and equipment and parts thereof; sound recorders and reproducers; television image and sound recorders and reproducers, parts and accessories of such articles",55205586.0,,55205586.0,False
2021-12-01,2021,12,4,202112,M,imports,PHL,Philippines,85,"Electrical machinery and equipment and parts thereof; sound recorders and reproducers; television image and sound recorders and reproducers, parts and accessories of such articles",59684812.0,,59684812.0,False
2021-12-01,2021,12,4,202112,M,imports,SGP,Singapore,85,"Electrical machinery and equipment and parts thereof; sound recorders and reproducers; television image and sound recorders and reproducers, parts and accessories of such articles",128210305.0,,128210305.0,False
2021-12-01,2021,12,4,202112,M,imports,THA,Thailand,85,"Electrical machinery and equipment and parts thereof; sound recorders and reproducers; television image and sound recorders and reproducers, parts and accessories of such articles",72696959.0,,72696959.0,False
2021-12-01,2021,12,4,202112,M,imports,USA,United States,85,"Electrical machinery and equipment and parts thereof; sound recorders and reproducers; television image and sound recorders and reproducers, parts and accessories of such articles",38055972.0,,38055972.0,False
2021-12-01,2021,12,4,202112,M,imports,VNM,Vietnam,85,"Electrical machinery and equipment and parts thereof; sound recorders and reproducers; television image and sound recorders and reproducers, parts and accessories of such articles",71369380.0,,71369380.0,False
2021-12-01,2021,12,4,202112,M,imports,W00,World,85,"Electrical machinery and equipment and parts thereof; sound recorders and reproducers; television image and sound recorders and reproducers, parts and accessories of such articles",2177173908.0,,2177173908.0,False
2022-01-01,2022,1,1,202201,X,exports,CHN,China,85,"Electrical machinery and equipment and parts thereof; sound recorders and reproducers; television image and sound recorders and reproducers, parts and accessories of such articles",29962064.162,29962064.162,,False
2022-01-01,2022,1,1,202201,X,exports,DEU,Germany,85,"Electrical machinery and equipment and parts thereof; sound recorders and reproducers; television image and sound recorders and reproducers, parts and accessories of such articles",15590446.015,15590446.015,,False
2022-01-01,2022,1,1,202201,X,exports,JPN,Japan,85,"Electrical machinery and equipment and parts thereof; sound recorders and reproducers; television image and sound recorders and reproducers, parts and accessories of such articles",143397408.136,143397408.136,,False
2022-01-01,2022,1,1,202201,X,exports,KOR,South Korea,85,"Electrical machinery and equipment and parts thereof; sound recorders and reproducers; television image and sound recorders and reproducers, parts and accessories of such articles",62083870.729,62083870.729,,False
2022-01-01,2022,1,1,202201,X,exports,MYS,Malaysia,85,"Electrical machinery and equipment and parts thereof; sound recorders and reproducers; television image and sound recorders and reproducers, parts and accessories of such articles",22411551.212,22411551.212,,False
2022-01-01,2022,1,1,202201,X,exports,PHL,Philippines,85,"Electrical machinery and equipment and parts thereof; sound recorders and reproducers; television image and sound recorders and reproducers, parts and accessories of such articles",14805128.797,14805128.797,,False
2022-01-01,2022,1,1,202201,X,exports,SGP,Singapore,85,"Electrical machinery and equipment and parts thereof; sound recorders and reproducers; television image and sound recorders and reproducers, parts and accessories of such articles",218224128.755,218224128.755,,False
2022-01-01,2022,1,1,202201,X,exports,THA,Thailand,85,"Electrical machinery and equipment and parts thereof; sound recorders and reproducers; television image and sound recorders and reproducers, parts and accessories of such articles",37037688.635,37037688.635,,False
2022-01-01,2022,1,1,202201,X,exports,USA,United States,85,"Electrical machinery and equipment and parts thereof; sound recorders and reproducers; television image and sound recorders and reproducers, parts and accessories of such articles",197827149.134,197827149.134,,False
2022-01-01,2022,1,1,202201,X,exports,VNM,Vietnam,85,"Electrical machinery and equipment and parts thereof; sound recorders and reproducers; television image and sound recorders and reproducers, parts and accessories of such articles",22907207.441,22907207.441,,False
2022-01-01,2022,1,1,202201,X,exports,W00,World,85,"Electrical machinery and equipment and parts thereof; sound recorders and reproducers; television image and sound recorders and reproducers, parts and accessories of such articles",1064738076.784,1064738076.784,,False
2022-01-01,2022,1,1,202201,M,imports,CHN,China,85,"Electrical machinery and equipment and parts thereof; sound recorders and reproducers; television image and sound recorders and reproducers, parts and accessories of such articles",1148458257.0,,1148458257.0,False
2022-01-01,2022,1,1,202201,M,imports,DEU,Germany,85,"Electrical machinery and equipment and parts thereof; sound recorders and reproducers; television image and sound recorders and reproducers, parts and accessories of such articles",22067779.0,,22067779.0,False
2022-01-01,2022,1,1,202201,M,imports,JPN,Japan,85,"Electrical machinery and equipment and parts thereof; sound recorders and reproducers; television image and sound recorders and reproducers, parts and accessories of such articles",130976536.0,,130976536.0,False
2022-01-01,2022,1,1,202201,M,imports,KOR,South Korea,85,"Electrical machinery and equipment and parts thereof; sound recorders and reproducers; television image and sound recorders and reproducers, parts and accessories of such articles",142966058.0,,142966058.0,False
2022-01-01,2022,1,1,202201,M,imports,MYS,Malaysia,85,"Electrical machinery and equipment and parts thereof; sound recorders and reproducers; television image and sound recorders and reproducers, parts and accessories of such articles",56956258.0,,56956258.0,False
2022-01-01,2022,1,1,202201,M,imports,PHL,Philippines,85,"Electrical machinery and equipment and parts thereof; sound recorders and reproducers; television image and sound recorders and reproducers, parts and accessories of such articles",51007979.0,,51007979.0,False
2022-01-01,2022,1,1,202201,M,imports,SGP,Singapore,85,"Electrical machinery and equipment and parts thereof; sound recorders and reproducers; television image and sound recorders and reproducers, parts and accessories of such articles",106937334.0,,106937334.0,False
2022-01-01,2022,1,1,202201,M,imports,THA,Thailand,85,"Electrical machinery and equipment and parts thereof; sound recorders and reproducers; television image and sound recorders and reproducers, parts and accessories of such articles",75554353.0,,75554353.0,False
2022-01-01,2022,1,1,202201,M,imports,USA,United States,85,"Electrical machinery and equipment and parts thereof; sound recorders and reproducers; television image and sound recorders and reproducers, parts and accessories of such articles",24466570.0,,24466570.0,False
2022-01-01,2022,1,1,202201,M,imports,VNM,Vietnam,85,"Electrical machinery and equipment and parts thereof; sound recorders and reproducers; television image and sound recorders and reproducers, parts and accessories of such articles",77916481.0,,77916481.0,False
2022-01-01,2022,1,1,202201,M,imports,W00,World,85,"Electrical machinery and equipment and parts thereof; sound recorders and reproducers; television image and sound recorders and reproducers, parts and accessories of such articles",2157561856.0,,2157561856.0,False
2022-02-01,2022,2,1,202202,X,exports,CHN,China,85,"Electrical machinery and equipment and parts thereof; sound recorders and reproducers; television image and sound recorders and reproducers, parts and accessories of such articles",33392848.649,33392848.649,,False
2022-02-01,2022,2,1,202202,X,exports,DEU,Germany,85,"Electrical machinery and equipment and parts thereof; sound recorders and reproducers; television image and sound recorders and reproducers, parts and accessories of such articles",12218267.478,12218267.478,,False
2022-02-01,2022,2,1,202202,X,exports,JPN,Japan,85,"Electrical machinery and equipment and parts thereof; sound recorders and reproducers; television image and sound recorders and reproducers, parts and accessories of such articles",131949727.619,131949727.619,,False
2022-02-01,2022,2,1,202202,X,exports,KOR,South Korea,85,"Electrical machinery and equipment and parts thereof; sound recorders and reproducers; television image and sound recorders and reproducers, parts and accessories of such articles",65001963.682,65001963.682,,False
2022-02-01,2022,2,1,202202,X,exports,MYS,Malaysia,85,"Electrical machinery and equipment and parts thereof; sound recorders and reproducers; television image and sound recorders and reproducers, parts and accessories of such articles",19825224.196,19825224.196,,False
2022-02-01,2022,2,1,202202,X,exports,PHL,Philippines,85,"Electrical machinery and equipment and parts thereof; sound recorders and reproducers; television image and sound recorders and reproducers, parts and accessories of such articles",17403283.185,17403283.185,,False
2022-02-01,2022,2,1,202202,X,exports,SGP,Singapore,85,"Electrical machinery and equipment and parts thereof; sound recorders and reproducers; television image and sound recorders and reproducers, parts and accessories of such articles",194267153.115,194267153.115,,False
2022-02-01,2022,2,1,202202,X,exports,THA,Thailand,85,"Electrical machinery and equipment and parts thereof; sound recorders and reproducers; television image and sound recorders and reproducers, parts and accessories of such articles",33672217.199,33672217.199,,False
2022-02-01,2022,2,1,202202,X,exports,USA,United States,85,"Electrical machinery and equipment and parts thereof; sound recorders and reproducers; television image and sound recorders and reproducers, parts and accessories of such articles",240620963.998,240620963.998,,False
2022-02-01,2022,2,1,202202,X,exports,VNM,Vietnam,85,"Electrical machinery and equipment and parts thereof; sound recorders and reproducers; television image and sound recorders and reproducers, parts and accessories of such articles",26158531.635,26158531.635,,False
2022-02-01,2022,2,1,202202,X,exports,W00,World,85,"Electrical machinery and equipment and parts thereof; sound recorders and reproducers; television image and sound recorders and reproducers, parts and accessories of such articles",1069979016.782,1069979016.782,,False
2022-02-01,2022,2,1,202202,M,imports,CHN,China,85,"Electrical machinery and equipment and parts thereof; sound recorders and reproducers; television image and sound recorders and reproducers, parts and accessories of such articles",989525040.0,,989525040.0,False
2022-02-01,2022,2,1,202202,M,imports,DEU,Germany,85,"Electrical machinery and equipment and parts thereof; sound recorders and reproducers; television image and sound recorders and reproducers, parts and accessories of such articles",22564836.0,,22564836.0,False
2022-02-01,2022,2,1,202202,M,imports,JPN,Japan,85,"Electrical machinery and equipment and parts thereof; sound recorders and reproducers; television image and sound recorders and reproducers, parts and accessories of such articles",92039321.0,,92039321.0,False
2022-02-01,2022,2,1,202202,M,imports,KOR,South Korea,85,"Electrical machinery and equipment and parts thereof; sound recorders and reproducers; television image and sound recorders and reproducers, parts and accessories of such articles",100742423.0,,100742423.0,False
2022-02-01,2022,2,1,202202,M,imports,MYS,Malaysia,85,"Electrical machinery and equipment and parts thereof; sound recorders and reproducers; television image and sound recorders and reproducers, parts and accessories of such articles",41808541.0,,41808541.0,False
2022-02-01,2022,2,1,202202,M,imports,PHL,Philippines,85,"Electrical machinery and equipment and parts thereof; sound recorders and reproducers; television image and sound recorders and reproducers, parts and accessories of such articles",51791341.0,,51791341.0,False
2022-02-01,2022,2,1,202202,M,imports,SGP,Singapore,85,"Electrical machinery and equipment and parts thereof; sound recorders and reproducers; television image and sound recorders and reproducers, parts and accessories of such articles",169451389.0,,169451389.0,False
2022-02-01,2022,2,1,202202,M,imports,THA,Thailand,85,"Electrical machinery and equipment and parts thereof; sound recorders and reproducers; television image and sound recorders and reproducers, parts and accessories of such articles",68715299.0,,68715299.0,False
2022-02-01,2022,2,1,202202,M,imports,USA,United States,85,"Electrical machinery and equipment and parts thereof; sound recorders and reproducers; television image and sound recorders and reproducers, parts and accessories of such articles",23453383.0,,23453383.0,False
2022-02-01,2022,2,1,202202,M,imports,VNM,Vietnam,85,"Electrical machinery and equipment and parts thereof; sound recorders and reproducers; television image and sound recorders and reproducers, parts and accessories of such articles",55263712.0,,55263712.0,False
2022-02-01,2022,2,1,202202,M,imports,W00,World,85,"Electrical machinery and equipment and parts thereof; sound recorders and reproducers; television image and sound recorders and reproducers, parts and accessories of such articles",1853604615.0,,1853604615.0,False
2022-03-01,2022,3,1,202203,X,exports,CHN,China,85,"Electrical machinery and equipment and parts thereof; sound recorders and reproducers; television image and sound recorders and reproducers, parts and accessories of such articles",37848141.05,37848141.05,,False
2022-03-01,2022,3,1,202203,X,exports,DEU,Germany,85,"Electrical machinery and equipment and parts thereof; sound recorders and reproducers; television image and sound recorders and reproducers, parts and accessories of such articles",19538842.653,19538842.653,,False
2022-03-01,2022,3,1,202203,X,exports,JPN,Japan,85,"Electrical machinery and equipment and parts thereof; sound recorders and reproducers; television image and sound recorders and reproducers, parts and accessories of such articles",145227310.768,145227310.768,,False
2022-03-01,2022,3,1,202203,X,exports,KOR,South Korea,85,"Electrical machinery and equipment and parts thereof; sound recorders and reproducers; television image and sound recorders and reproducers, parts and accessories of such articles",62470840.389,62470840.389,,False
2022-03-01,2022,3,1,202203,X,exports,MYS,Malaysia,85,"Electrical machinery and equipment and parts thereof; sound recorders and reproducers; television image and sound recorders and reproducers, parts and accessories of such articles",23493060.268,23493060.268,,False
2022-03-01,2022,3,1,202203,X,exports,PHL,Philippines,85,"Electrical machinery and equipment and parts thereof; sound recorders and reproducers; television image and sound recorders and reproducers, parts and accessories of such articles",17888120.729,17888120.729,,False
2022-03-01,2022,3,1,202203,X,exports,SGP,Singapore,85,"Electrical machinery and equipment and parts thereof; sound recorders and reproducers; television image and sound recorders and reproducers, parts and accessories of such articles",258549900.11,258549900.11,,False
2022-03-01,2022,3,1,202203,X,exports,THA,Thailand,85,"Electrical machinery and equipment and parts thereof; sound recorders and reproducers; television image and sound recorders and reproducers, parts and accessories of such articles",35873996.072,35873996.072,,False
2022-03-01,2022,3,1,202203,X,exports,USA,United States,85,"Electrical machinery and equipment and parts thereof; sound recorders and reproducers; television image and sound recorders and reproducers, parts and accessories of such articles",206867445.605,206867445.605,,False
2022-03-01,2022,3,1,202203,X,exports,VNM,Vietnam,85,"Electrical machinery and equipment and parts thereof; sound recorders and reproducers; television image and sound recorders and reproducers, parts and accessories of such articles",30645540.493,30645540.493,,False
2022-03-01,2022,3,1,202203,X,exports,W00,World,85,"Electrical machinery and equipment and parts thereof; sound recorders and reproducers; television image and sound recorders and reproducers, parts and accessories of such articles",1170788495.488,1170788495.488,,False
2022-03-01,2022,3,1,202203,M,imports,CHN,China,85,"Electrical machinery and equipment and parts thereof; sound recorders and reproducers; television image and sound recorders and reproducers, parts and accessories of such articles",1172123329.0,,1172123329.0,False
2022-03-01,2022,3,1,202203,M,imports,DEU,Germany,85,"Electrical machinery and equipment and parts thereof; sound recorders and reproducers; television image and sound recorders and reproducers, parts and accessories of such articles",22012871.0,,22012871.0,False
2022-03-01,2022,3,1,202203,M,imports,JPN,Japan,85,"Electrical machinery and equipment and parts thereof; sound recorders and reproducers; television image and sound recorders and reproducers, parts and accessories of such articles",142259888.0,,142259888.0,False
2022-03-01,2022,3,1,202203,M,imports,KOR,South Korea,85,"Electrical machinery and equipment and parts thereof; sound recorders and reproducers; television image and sound recorders and reproducers, parts and accessories of such articles",169650062.0,,169650062.0,False
2022-03-01,2022,3,1,202203,M,imports,MYS,Malaysia,85,"Electrical machinery and equipment and parts thereof; sound recorders and reproducers; television image and sound recorders and reproducers, parts and accessories of such articles",61509009.0,,61509009.0,False
2022-03-01,2022,3,1,202203,M,imports,PHL,Philippines,85,"Electrical machinery and equipment and parts thereof; sound recorders and reproducers; television image and sound recorders and reproducers, parts and accessories of such articles",61508243.0,,61508243.0,False
2022-03-01,2022,3,1,202203,M,imports,SGP,Singapore,85,"Electrical machinery and equipment and parts thereof; sound recorders and reproducers; television image and sound recorders and reproducers, parts and accessories of such articles",180334842.0,,180334842.0,False
2022-03-01,2022,3,1,202203,M,imports,THA,Thailand,85,"Electrical machinery and equipment and parts thereof; sound recorders and reproducers; television image and sound recorders and reproducers, parts and accessories of such articles",87363283.0,,87363283.0,False
2022-03-01,2022,3,1,202203,M,imports,USA,United States,85,"Electrical machinery and equipment and parts thereof; sound recorders and reproducers; television image and sound recorders and reproducers, parts and accessories of such articles",30976581.0,,30976581.0,False
2022-03-01,2022,3,1,202203,M,imports,VNM,Vietnam,85,"Electrical machinery and equipment and parts thereof; sound recorders and reproducers; television image and sound recorders and reproducers, parts and accessories of such articles",83317087.0,,83317087.0,False
2022-03-01,2022,3,1,202203,M,imports,W00,World,85,"Electrical machinery and equipment and parts thereof; sound recorders and reproducers; television image and sound recorders and reproducers, parts and accessories of such articles",2363033466.0,,2363033466.0,False
2022-04-01,2022,4,2,202204,X,exports,CHN,China,85,"Electrical machinery and equipment and parts thereof; sound recorders and reproducers; television image and sound recorders and reproducers, parts and accessories of such articles",31831579.395,31831579.395,,False
2022-04-01,2022,4,2,202204,X,exports,DEU,Germany,85,"Electrical machinery and equipment and parts thereof; sound recorders and reproducers; television image and sound recorders and reproducers, parts and accessories of such articles",12526908.072,12526908.072,,False
2022-04-01,2022,4,2,202204,X,exports,JPN,Japan,85,"Electrical machinery and equipment and parts thereof; sound recorders and reproducers; television image and sound recorders and reproducers, parts and accessories of such articles",116087323.449,116087323.449,,False
2022-04-01,2022,4,2,202204,X,exports,KOR,South Korea,85,"Electrical machinery and equipment and parts thereof; sound recorders and reproducers; television image and sound recorders and reproducers, parts and accessories of such articles",49579626.617,49579626.617,,False
2022-04-01,2022,4,2,202204,X,exports,MYS,Malaysia,85,"Electrical machinery and equipment and parts thereof; sound recorders and reproducers; television image and sound recorders and reproducers, parts and accessories of such articles",48105822.648,48105822.648,,False
2022-04-01,2022,4,2,202204,X,exports,PHL,Philippines,85,"Electrical machinery and equipment and parts thereof; sound recorders and reproducers; television image and sound recorders and reproducers, parts and accessories of such articles",14589188.492,14589188.492,,False
2022-04-01,2022,4,2,202204,X,exports,SGP,Singapore,85,"Electrical machinery and equipment and parts thereof; sound recorders and reproducers; television image and sound recorders and reproducers, parts and accessories of such articles",467068259.612,467068259.612,,False
2022-04-01,2022,4,2,202204,X,exports,THA,Thailand,85,"Electrical machinery and equipment and parts thereof; sound recorders and reproducers; television image and sound recorders and reproducers, parts and accessories of such articles",31938808.579,31938808.579,,False
2022-04-01,2022,4,2,202204,X,exports,USA,United States,85,"Electrical machinery and equipment and parts thereof; sound recorders and reproducers; television image and sound recorders and reproducers, parts and accessories of such articles",132240669.352,132240669.352,,False
2022-04-01,2022,4,2,202204,X,exports,VNM,Vietnam,85,"Electrical machinery and equipment and parts thereof; sound recorders and reproducers; television image and sound recorders and reproducers, parts and accessories of such articles",28812617.886,28812617.886,,False
2022-04-01,2022,4,2,202204,X,exports,W00,World,85,"Electrical machinery and equipment and parts thereof; sound recorders and reproducers; television image and sound recorders and reproducers, parts and accessories of such articles",1228395042.618,1228395042.618,,False
2022-04-01,2022,4,2,202204,M,imports,CHN,China,85,"Electrical machinery and equipment and parts thereof; sound recorders and reproducers; television image and sound recorders and reproducers, parts and accessories of such articles",1202109725.0,,1202109725.0,False
2022-04-01,2022,4,2,202204,M,imports,DEU,Germany,85,"Electrical machinery and equipment and parts thereof; sound recorders and reproducers; television image and sound recorders and reproducers, parts and accessories of such articles",39535838.0,,39535838.0,False
2022-04-01,2022,4,2,202204,M,imports,JPN,Japan,85,"Electrical machinery and equipment and parts thereof; sound recorders and reproducers; television image and sound recorders and reproducers, parts and accessories of such articles",107921370.0,,107921370.0,False
2022-04-01,2022,4,2,202204,M,imports,KOR,South Korea,85,"Electrical machinery and equipment and parts thereof; sound recorders and reproducers; television image and sound recorders and reproducers, parts and accessories of such articles",147965216.0,,147965216.0,False
2022-04-01,2022,4,2,202204,M,imports,MYS,Malaysia,85,"Electrical machinery and equipment and parts thereof; sound recorders and reproducers; television image and sound recorders and reproducers, parts and accessories of such articles",69974697.0,,69974697.0,False
2022-04-01,2022,4,2,202204,M,imports,PHL,Philippines,85,"Electrical machinery and equipment and parts thereof; sound recorders and reproducers; television image and sound recorders and reproducers, parts and accessories of such articles",64047118.0,,64047118.0,False
2022-04-01,2022,4,2,202204,M,imports,SGP,Singapore,85,"Electrical machinery and equipment and parts thereof; sound recorders and reproducers; television image and sound recorders and reproducers, parts and accessories of such articles",190358002.0,,190358002.0,False
2022-04-01,2022,4,2,202204,M,imports,THA,Thailand,85,"Electrical machinery and equipment and parts thereof; sound recorders and reproducers; television image and sound recorders and reproducers, parts and accessories of such articles",63403096.0,,63403096.0,False
2022-04-01,2022,4,2,202204,M,imports,USA,United States,85,"Electrical machinery and equipment and parts thereof; sound recorders and reproducers; television image and sound recorders and reproducers, parts and accessories of such articles",21795287.0,,21795287.0,False
2022-04-01,2022,4,2,202204,M,imports,VNM,Vietnam,85,"Electrical machinery and equipment and parts thereof; sound recorders and reproducers; television image and sound recorders and reproducers, parts and accessories of such articles",66827328.0,,66827328.0,False
2022-04-01,2022,4,2,202204,M,imports,W00,World,85,"Electrical machinery and equipment and parts thereof; sound recorders and reproducers; television image and sound recorders and reproducers, parts and accessories of such articles",2291187752.0,,2291187752.0,False
2022-05-01,2022,5,2,202205,X,exports,CHN,China,85,"Electrical machinery and equipment and parts thereof; sound recorders and reproducers; television image and sound recorders and reproducers, parts and accessories of such articles",32041264.536,32041264.536,,False
2022-05-01,2022,5,2,202205,X,exports,DEU,Germany,85,"Electrical machinery and equipment and parts thereof; sound recorders and reproducers; television image and sound recorders and reproducers, parts and accessories of such articles",16166638.725,16166638.725,,False
2022-05-01,2022,5,2,202205,X,exports,JPN,Japan,85,"Electrical machinery and equipment and parts thereof; sound recorders and reproducers; television image and sound recorders and reproducers, parts and accessories of such articles",102374190.183,102374190.183,,False
2022-05-01,2022,5,2,202205,X,exports,KOR,South Korea,85,"Electrical machinery and equipment and parts thereof; sound recorders and reproducers; television image and sound recorders and reproducers, parts and accessories of such articles",33985349.127,33985349.127,,False
2022-05-01,2022,5,2,202205,X,exports,MYS,Malaysia,85,"Electrical machinery and equipment and parts thereof; sound recorders and reproducers; television image and sound recorders and reproducers, parts and accessories of such articles",21096885.07,21096885.07,,False
2022-05-01,2022,5,2,202205,X,exports,PHL,Philippines,85,"Electrical machinery and equipment and parts thereof; sound recorders and reproducers; television image and sound recorders and reproducers, parts and accessories of such articles",9976423.25,9976423.25,,False
2022-05-01,2022,5,2,202205,X,exports,SGP,Singapore,85,"Electrical machinery and equipment and parts thereof; sound recorders and reproducers; television image and sound recorders and reproducers, parts and accessories of such articles",299912381.789,299912381.789,,False
2022-05-01,2022,5,2,202205,X,exports,THA,Thailand,85,"Electrical machinery and equipment and parts thereof; sound recorders and reproducers; television image and sound recorders and reproducers, parts and accessories of such articles",23736889.399,23736889.399,,False
2022-05-01,2022,5,2,202205,X,exports,USA,United States,85,"Electrical machinery and equipment and parts thereof; sound recorders and reproducers; television image and sound recorders and reproducers, parts and accessories of such articles",241262609.108,241262609.108,,False
2022-05-01,2022,5,2,202205,X,exports,VNM,Vietnam,85,"Electrical machinery and equipment and parts thereof; sound recorders and reproducers; television image and sound recorders and reproducers, parts and accessories of such articles",17653828.422,17653828.422,,False
2022-05-01,2022,5,2,202205,X,exports,W00,World,85,"Electrical machinery and equipment and parts thereof; sound recorders and reproducers; television image and sound recorders and reproducers, parts and accessories of such articles",1072217915.163,1072217915.163,,False
2022-05-01,2022,5,2,202205,M,imports,CHN,China,85,"Electrical machinery and equipment and parts thereof; sound recorders and reproducers; television image and sound recorders and reproducers, parts and accessories of such articles",1150947533.0,,1150947533.0,False
2022-05-01,2022,5,2,202205,M,imports,DEU,Germany,85,"Electrical machinery and equipment and parts thereof; sound recorders and reproducers; television image and sound recorders and reproducers, parts and accessories of such articles",25003417.0,,25003417.0,False
2022-05-01,2022,5,2,202205,M,imports,JPN,Japan,85,"Electrical machinery and equipment and parts thereof; sound recorders and reproducers; television image and sound recorders and reproducers, parts and accessories of such articles",91577811.0,,91577811.0,False
2022-05-01,2022,5,2,202205,M,imports,KOR,South Korea,85,"Electrical machinery and equipment and parts thereof; sound recorders and reproducers; television image and sound recorders and reproducers, parts and accessories of such articles",131945374.0,,131945374.0,False
2022-05-01,2022,5,2,202205,M,imports,MYS,Malaysia,85,"Electrical machinery and equipment and parts thereof; sound recorders and reproducers; television image and sound recorders and reproducers, parts and accessories of such articles",41682605.0,,41682605.0,False
2022-05-01,2022,5,2,202205,M,imports,PHL,Philippines,85,"Electrical machinery and equipment and parts thereof; sound recorders and reproducers; television image and sound recorders and reproducers, parts and accessories of such articles",50996041.0,,50996041.0,False
2022-05-01,2022,5,2,202205,M,imports,SGP,Singapore,85,"Electrical machinery and equipment and parts thereof; sound recorders and reproducers; television image and sound recorders and reproducers, parts and accessories of such articles",124322845.0,,124322845.0,False
2022-05-01,2022,5,2,202205,M,imports,THA,Thailand,85,"Electrical machinery and equipment and parts thereof; sound recorders and reproducers; television image and sound recorders and reproducers, parts and accessories of such articles",63161893.0,,63161893.0,False
2022-05-01,2022,5,2,202205,M,imports,USA,United States,85,"Electrical machinery and equipment and parts thereof; sound recorders and reproducers; television image and sound recorders and reproducers, parts and accessories of such articles",26573396.0,,26573396.0,False
2022-05-01,2022,5,2,202205,M,imports,VNM,Vietnam,85,"Electrical machinery and equipment and parts thereof; sound recorders and reproducers; television image and sound recorders and reproducers, parts and accessories of such articles",66443809.0,,66443809.0,False
2022-05-01,2022,5,2,202205,M,imports,W00,World,85,"Electrical machinery and equipment and parts thereof; sound recorders and reproducers; television image and sound recorders and reproducers, parts and accessories of such articles",2030467567.0,,2030467567.0,False
2022-06-01,2022,6,2,202206,X,exports,CHN,China,85,"Electrical machinery and equipment and parts thereof; sound recorders and reproducers; television image and sound recorders and reproducers, parts and accessories of such articles",33866852.658,33866852.658,,False
2022-06-01,2022,6,2,202206,X,exports,DEU,Germany,85,"Electrical machinery and equipment and parts thereof; sound recorders and reproducers; television image and sound recorders and reproducers, parts and accessories of such articles",18967006.519,18967006.519,,False
2022-06-01,2022,6,2,202206,X,exports,JPN,Japan,85,"Electrical machinery and equipment and parts thereof; sound recorders and reproducers; television image and sound recorders and reproducers, parts and accessories of such articles",123571877.448,123571877.448,,False
2022-06-01,2022,6,2,202206,X,exports,KOR,South Korea,85,"Electrical machinery and equipment and parts thereof; sound recorders and reproducers; television image and sound recorders and reproducers, parts and accessories of such articles",54962317.213,54962317.213,,False
2022-06-01,2022,6,2,202206,X,exports,MYS,Malaysia,85,"Electrical machinery and equipment and parts thereof; sound recorders and reproducers; television image and sound recorders and reproducers, parts and accessories of such articles",33448500.275,33448500.275,,False
2022-06-01,2022,6,2,202206,X,exports,PHL,Philippines,85,"Electrical machinery and equipment and parts thereof; sound recorders and reproducers; television image and sound recorders and reproducers, parts and accessories of such articles",15877103.122,15877103.122,,False
2022-06-01,2022,6,2,202206,X,exports,SGP,Singapore,85,"Electrical machinery and equipment and parts thereof; sound recorders and reproducers; television image and sound recorders and reproducers, parts and accessories of such articles",293516276.196,293516276.196,,False
2022-06-01,2022,6,2,202206,X,exports,THA,Thailand,85,"Electrical machinery and equipment and parts thereof; sound recorders and reproducers; television image and sound recorders and reproducers, parts and accessories of such articles",34258413.292,34258413.292,,False
2022-06-01,2022,6,2,202206,X,exports,USA,United States,85,"Electrical machinery and equipment and parts thereof; sound recorders and reproducers; television image and sound recorders and reproducers, parts and accessories of such articles",242715445.34,242715445.34,,False
2022-06-01,2022,6,2,202206,X,exports,VNM,Vietnam,85,"Electrical machinery and equipment and parts thereof; sound recorders and reproducers; television image and sound recorders and reproducers, parts and accessories of such articles",29609560.859,29609560.859,,False
2022-06-01,2022,6,2,202206,X,exports,W00,World,85,"Electrical machinery and equipment and parts thereof; sound recorders and reproducers; television image and sound recorders and reproducers, parts and accessories of such articles",1208324292.113,1208324292.113,,False
2022-06-01,2022,6,2,202206,M,imports,CHN,China,85,"Electrical machinery and equipment and parts thereof; sound recorders and reproducers; television image and sound recorders and reproducers, parts and accessories of such articles",1265773288.0,,1265773288.0,False
2022-06-01,2022,6,2,202206,M,imports,DEU,Germany,85,"Electrical machinery and equipment and parts thereof; sound recorders and reproducers; television image and sound recorders and reproducers, parts and accessories of such articles",27194511.0,,27194511.0,False
2022-06-01,2022,6,2,202206,M,imports,JPN,Japan,85,"Electrical machinery and equipment and parts thereof; sound recorders and reproducers; television image and sound recorders and reproducers, parts and accessories of such articles",104790694.0,,104790694.0,False
2022-06-01,2022,6,2,202206,M,imports,KOR,South Korea,85,"Electrical machinery and equipment and parts thereof; sound recorders and reproducers; television image and sound recorders and reproducers, parts and accessories of such articles",112485419.0,,112485419.0,False
2022-06-01,2022,6,2,202206,M,imports,MYS,Malaysia,85,"Electrical machinery and equipment and parts thereof; sound recorders and reproducers; television image and sound recorders and reproducers, parts and accessories of such articles",51151561.0,,51151561.0,False
2022-06-01,2022,6,2,202206,M,imports,PHL,Philippines,85,"Electrical machinery and equipment and parts thereof; sound recorders and reproducers; television image and sound recorders and reproducers, parts and accessories of such articles",51570068.0,,51570068.0,False
2022-06-01,2022,6,2,202206,M,imports,SGP,Singapore,85,"Electrical machinery and equipment and parts thereof; sound recorders and reproducers; television image and sound recorders and reproducers, parts and accessories of such articles",141736238.0,,141736238.0,False
2022-06-01,2022,6,2,202206,M,imports,THA,Thailand,85,"Electrical machinery and equipment and parts thereof; sound recorders and reproducers; television image and sound recorders and reproducers, parts and accessories of such articles",73857342.0,,73857342.0,False
2022-06-01,2022,6,2,202206,M,imports,USA,United States,85,"Electrical machinery and equipment and parts thereof; sound recorders and reproducers; television image and sound recorders and reproducers, parts and accessories of such articles",22525368.0,,22525368.0,False
2022-06-01,2022,6,2,202206,M,imports,VNM,Vietnam,85,"Electrical machinery and equipment and parts thereof; sound recorders and reproducers; television image and sound recorders and reproducers, parts and accessories of such articles",60769310.0,,60769310.0,False
2022-06-01,2022,6,2,202206,M,imports,W00,World,85,"Electrical machinery and equipment and parts thereof; sound recorders and reproducers; television image and sound recorders and reproducers, parts and accessories of such articles",2164129645.0,,2164129645.0,False
2022-07-01,2022,7,3,202207,X,exports,CHN,China,85,"Electrical machinery and equipment and parts thereof; sound recorders and reproducers; television image and sound recorders and reproducers, parts and accessories of such articles",34748889.217,34748889.217,,False
2022-07-01,2022,7,3,202207,X,exports,DEU,Germany,85,"Electrical machinery and equipment and parts thereof; sound recorders and reproducers; television image and sound recorders and reproducers, parts and accessories of such articles",18654184.834,18654184.834,,False
2022-07-01,2022,7,3,202207,X,exports,JPN,Japan,85,"Electrical machinery and equipment and parts thereof; sound recorders and reproducers; television image and sound recorders and reproducers, parts and accessories of such articles",112659275.726,112659275.726,,False
2022-07-01,2022,7,3,202207,X,exports,KOR,South Korea,85,"Electrical machinery and equipment and parts thereof; sound recorders and reproducers; television image and sound recorders and reproducers, parts and accessories of such articles",62987140.652,62987140.652,,False
2022-07-01,2022,7,3,202207,X,exports,MYS,Malaysia,85,"Electrical machinery and equipment and parts thereof; sound recorders and reproducers; television image and sound recorders and reproducers, parts and accessories of such articles",24037367.451,24037367.451,,False
2022-07-01,2022,7,3,202207,X,exports,PHL,Philippines,85,"Electrical machinery and equipment and parts thereof; sound recorders and reproducers; television image and sound recorders and reproducers, parts and accessories of such articles",19133970.902,19133970.902,,False
2022-07-01,2022,7,3,202207,X,exports,SGP,Singapore,85,"Electrical machinery and equipment and parts thereof; sound recorders and reproducers; television image and sound recorders and reproducers, parts and accessories of such articles",265163047.774,265163047.774,,False
2022-07-01,2022,7,3,202207,X,exports,THA,Thailand,85,"Electrical machinery and equipment and parts thereof; sound recorders and reproducers; television image and sound recorders and reproducers, parts and accessories of such articles",31513388.746,31513388.746,,False
2022-07-01,2022,7,3,202207,X,exports,USA,United States,85,"Electrical machinery and equipment and parts thereof; sound recorders and reproducers; television image and sound recorders and reproducers, parts and accessories of such articles",267496505.02,267496505.02,,False
2022-07-01,2022,7,3,202207,X,exports,VNM,Vietnam,85,"Electrical machinery and equipment and parts thereof; sound recorders and reproducers; television image and sound recorders and reproducers, parts and accessories of such articles",31841345.263,31841345.263,,False
2022-07-01,2022,7,3,202207,X,exports,W00,World,85,"Electrical machinery and equipment and parts thereof; sound recorders and reproducers; television image and sound recorders and reproducers, parts and accessories of such articles",1195699984.191,1195699984.191,,False
2022-07-01,2022,7,3,202207,M,imports,CHN,China,85,"Electrical machinery and equipment and parts thereof; sound recorders and reproducers; television image and sound recorders and reproducers, parts and accessories of such articles",1304344607.0,,1304344607.0,False
2022-07-01,2022,7,3,202207,M,imports,DEU,Germany,85,"Electrical machinery and equipment and parts thereof; sound recorders and reproducers; television image and sound recorders and reproducers, parts and accessories of such articles",26753866.0,,26753866.0,False
2022-07-01,2022,7,3,202207,M,imports,JPN,Japan,85,"Electrical machinery and equipment and parts thereof; sound recorders and reproducers; television image and sound recorders and reproducers, parts and accessories of such articles",116045842.0,,116045842.0,False
2022-07-01,2022,7,3,202207,M,imports,KOR,South Korea,85,"Electrical machinery and equipment and parts thereof; sound recorders and reproducers; television image and sound recorders and reproducers, parts and accessories of such articles",145764140.0,,145764140.0,False
2022-07-01,2022,7,3,202207,M,imports,MYS,Malaysia,85,"Electrical machinery and equipment and parts thereof; sound recorders and reproducers; television image and sound recorders and reproducers, parts and accessories of such articles",51139196.0,,51139196.0,False
2022-07-01,2022,7,3,202207,M,imports,PHL,Philippines,85,"Electrical machinery and equipment and parts thereof; sound recorders and reproducers; television image and sound recorders and reproducers, parts and accessories of such articles",51314081.0,,51314081.0,False
2022-07-01,2022,7,3,202207,M,imports,SGP,Singapore,85,"Electrical machinery and equipment and parts thereof; sound recorders and reproducers; television image and sound recorders and reproducers, parts and accessories of such articles",216561151.0,,216561151.0,False
2022-07-01,2022,7,3,202207,M,imports,THA,Thailand,85,"Electrical machinery and equipment and parts thereof; sound recorders and reproducers; television image and sound recorders and reproducers, parts and accessories of such articles",63481850.0,,63481850.0,False
2022-07-01,2022,7,3,202207,M,imports,USA,United States,85,"Electrical machinery and equipment and parts thereof; sound recorders and reproducers; television image and sound recorders and reproducers, parts and accessories of such articles",28812316.0,,28812316.0,False
2022-07-01,2022,7,3,202207,M,imports,VNM,Vietnam,85,"Electrical machinery and equipment and parts thereof; sound recorders and reproducers; television image and sound recorders and reproducers, parts and accessories of such articles",60696552.0,,60696552.0,False
2022-07-01,2022,7,3,202207,M,imports,W00,World,85,"Electrical machinery and equipment and parts thereof; sound recorders and reproducers; television image and sound recorders and reproducers, parts and accessories of such articles",2327907369.0,,2327907369.0,False
2022-08-01,2022,8,3,202208,X,exports,CHN,China,85,"Electrical machinery and equipment and parts thereof; sound recorders and reproducers; television image and sound recorders and reproducers, parts and accessories of such articles",41275895.908,41275895.908,,False
2022-08-01,2022,8,3,202208,X,exports,DEU,Germany,85,"Electrical machinery and equipment and parts thereof; sound recorders and reproducers; television image and sound recorders and reproducers, parts and accessories of such articles",21563145.653,21563145.653,,False
2022-08-01,2022,8,3,202208,X,exports,JPN,Japan,85,"Electrical machinery and equipment and parts thereof; sound recorders and reproducers; television image and sound recorders and reproducers, parts and accessories of such articles",126336468.983,126336468.983,,False
2022-08-01,2022,8,3,202208,X,exports,KOR,South Korea,85,"Electrical machinery and equipment and parts thereof; sound recorders and reproducers; television image and sound recorders and reproducers, parts and accessories of such articles",53669719.387,53669719.387,,False
2022-08-01,2022,8,3,202208,X,exports,MYS,Malaysia,85,"Electrical machinery and equipment and parts thereof; sound recorders and reproducers; television image and sound recorders and reproducers, parts and accessories of such articles",37262039.51,37262039.51,,False
2022-08-01,2022,8,3,202208,X,exports,PHL,Philippines,85,"Electrical machinery and equipment and parts thereof; sound recorders and reproducers; television image and sound recorders and reproducers, parts and accessories of such articles",22720322.381,22720322.381,,False
2022-08-01,2022,8,3,202208,X,exports,SGP,Singapore,85,"Electrical machinery and equipment and parts thereof; sound recorders and reproducers; television image and sound recorders and reproducers, parts and accessories of such articles",251676749.531,251676749.531,,False
2022-08-01,2022,8,3,202208,X,exports,THA,Thailand,85,"Electrical machinery and equipment and parts thereof; sound recorders and reproducers; television image and sound recorders and reproducers, parts and accessories of such articles",37403848.17,37403848.17,,False
2022-08-01,2022,8,3,202208,X,exports,USA,United States,85,"Electrical machinery and equipment and parts thereof; sound recorders and reproducers; television image and sound recorders and reproducers, parts and accessories of such articles",405091298.56,405091298.56,,False
2022-08-01,2022,8,3,202208,X,exports,VNM,Vietnam,85,"Electrical machinery and equipment and parts thereof; sound recorders and reproducers; television image and sound recorders and reproducers, parts and accessories of such articles",30818017.684,30818017.684,,False
2022-08-01,2022,8,3,202208,X,exports,W00,World,85,"Electrical machinery and equipment and parts thereof; sound recorders and reproducers; television image and sound recorders and reproducers, parts and accessories of such articles",1448783501.817,1448783501.817,,False
2022-08-01,2022,8,3,202208,M,imports,CHN,China,85,"Electrical machinery and equipment and parts thereof; sound recorders and reproducers; television image and sound recorders and reproducers, parts and accessories of such articles",1407298060.0,,1407298060.0,False
2022-08-01,2022,8,3,202208,M,imports,DEU,Germany,85,"Electrical machinery and equipment and parts thereof; sound recorders and reproducers; television image and sound recorders and reproducers, parts and accessories of such articles",41347978.0,,41347978.0,False
2022-08-01,2022,8,3,202208,M,imports,JPN,Japan,85,"Electrical machinery and equipment and parts thereof; sound recorders and reproducers; television image and sound recorders and reproducers, parts and accessories of such articles",111819994.0,,111819994.0,False
2022-08-01,2022,8,3,202208,M,imports,KOR,South Korea,85,"Electrical machinery and equipment and parts thereof; sound recorders and reproducers; television image and sound recorders and reproducers, parts and accessories of such articles",176622992.0,,176622992.0,False
2022-08-01,2022,8,3,202208,M,imports,MYS,Malaysia,85,"Electrical machinery and equipment and parts thereof; sound recorders and reproducers; television image and sound recorders and reproducers, parts and accessories of such articles",98290569.0,,98290569.0,False
2022-08-01,2022,8,3,202208,M,imports,PHL,Philippines,85,"Electrical machinery and equipment and parts thereof; sound recorders and reproducers; television image and sound recorders and reproducers, parts and accessories of such articles",50258492.0,,50258492.0,False
2022-08-01,2022,8,3,202208,M,imports,SGP,Singapore,85,"Electrical machinery and equipment and parts thereof; sound recorders and reproducers; television image and sound recorders and reproducers, parts and accessories of such articles",170957627.0,,170957627.0,False
2022-08-01,2022,8,3,202208,M,imports,THA,Thailand,85,"Electrical machinery and equipment and parts thereof; sound recorders and reproducers; television image and sound recorders and reproducers, parts and accessories of such articles",79794833.0,,79794833.0,False
2022-08-01,2022,8,3,202208,M,imports,USA,United States,85,"Electrical machinery and equipment and parts thereof; sound recorders and reproducers; television image and sound recorders and reproducers, parts and accessories of such articles",55342422.0,,55342422.0,False
2022-08-01,2022,8,3,202208,M,imports,VNM,Vietnam,85,"Electrical machinery and equipment and parts thereof; sound recorders and reproducers; television image and sound recorders and reproducers, parts and accessories of such articles",75326704.0,,75326704.0,False
2022-08-01,2022,8,3,202208,M,imports,W00,World,85,"Electrical machinery and equipment and parts thereof; sound recorders and reproducers; television image and sound recorders and reproducers, parts and accessories of such articles",2564533940.0,,2564533940.0,False
2022-09-01,2022,9,3,202209,X,exports,CHN,China,85,"Electrical machinery and equipment and parts thereof; sound recorders and reproducers; television image and sound recorders and reproducers, parts and accessories of such articles",37206972.113,37206972.113,,False
2022-09-01,2022,9,3,202209,X,exports,DEU,Germany,85,"Electrical machinery and equipment and parts thereof; sound recorders and reproducers; television image and sound recorders and reproducers, parts and accessories of such articles",18214598.115,18214598.115,,False
2022-09-01,2022,9,3,202209,X,exports,JPN,Japan,85,"Electrical machinery and equipment and parts thereof; sound recorders and reproducers; television image and sound recorders and reproducers, parts and accessories of such articles",146039622.115,146039622.115,,False
2022-09-01,2022,9,3,202209,X,exports,KOR,South Korea,85,"Electrical machinery and equipment and parts thereof; sound recorders and reproducers; television image and sound recorders and reproducers, parts and accessories of such articles",55772047.408,55772047.408,,False
2022-09-01,2022,9,3,202209,X,exports,MYS,Malaysia,85,"Electrical machinery and equipment and parts thereof; sound recorders and reproducers; television image and sound recorders and reproducers, parts and accessories of such articles",44099156.115,44099156.115,,False
2022-09-01,2022,9,3,202209,X,exports,PHL,Philippines,85,"Electrical machinery and equipment and parts thereof; sound recorders and reproducers; television image and sound recorders and reproducers, parts and accessories of such articles",24032703.997,24032703.997,,False
2022-09-01,2022,9,3,202209,X,exports,SGP,Singapore,85,"Electrical machinery and equipment and parts thereof; sound recorders and reproducers; television image and sound recorders and reproducers, parts and accessories of such articles",247266309.678,247266309.678,,False
2022-09-01,2022,9,3,202209,X,exports,THA,Thailand,85,"Electrical machinery and equipment and parts thereof; sound recorders and reproducers; television image and sound recorders and reproducers, parts and accessories of such articles",37940906.145,37940906.145,,False
2022-09-01,2022,9,3,202209,X,exports,USA,United States,85,"Electrical machinery and equipment and parts thereof; sound recorders and reproducers; television image and sound recorders and reproducers, parts and accessories of such articles",284638488.817,284638488.817,,False
2022-09-01,2022,9,3,202209,X,exports,VNM,Vietnam,85,"Electrical machinery and equipment and parts thereof; sound recorders and reproducers; television image and sound recorders and reproducers, parts and accessories of such articles",39130244.441,39130244.441,,False
2022-09-01,2022,9,3,202209,X,exports,W00,World,85,"Electrical machinery and equipment and parts thereof; sound recorders and reproducers; television image and sound recorders and reproducers, parts and accessories of such articles",1345918154.994,1345918154.994,,False
2022-09-01,2022,9,3,202209,M,imports,CHN,China,85,"Electrical machinery and equipment and parts thereof; sound recorders and reproducers; television image and sound recorders and reproducers, parts and accessories of such articles",1230119295.0,,1230119295.0,False
2022-09-01,2022,9,3,202209,M,imports,DEU,Germany,85,"Electrical machinery and equipment and parts thereof; sound recorders and reproducers; television image and sound recorders and reproducers, parts and accessories of such articles",45497769.0,,45497769.0,False
2022-09-01,2022,9,3,202209,M,imports,JPN,Japan,85,"Electrical machinery and equipment and parts thereof; sound recorders and reproducers; television image and sound recorders and reproducers, parts and accessories of such articles",159755896.0,,159755896.0,False
2022-09-01,2022,9,3,202209,M,imports,KOR,South Korea,85,"Electrical machinery and equipment and parts thereof; sound recorders and reproducers; television image and sound recorders and reproducers, parts and accessories of such articles",135936146.0,,135936146.0,False
2022-09-01,2022,9,3,202209,M,imports,MYS,Malaysia,85,"Electrical machinery and equipment and parts thereof; sound recorders and reproducers; television image and sound recorders and reproducers, parts and accessories of such articles",55719986.0,,55719986.0,False
2022-09-01,2022,9,3,202209,M,imports,PHL,Philippines,85,"Electrical machinery and equipment and parts thereof; sound recorders and reproducers; television image and sound recorders and reproducers, parts and accessories of such articles",58658317.0,,58658317.0,False
2022-09-01,2022,9,3,202209,M,imports,SGP,Singapore,85,"Electrical machinery and equipment and parts thereof; sound recorders and reproducers; television image and sound recorders and reproducers, parts and accessories of such articles",128693470.0,,128693470.0,False
2022-09-01,2022,9,3,202209,M,imports,THA,Thailand,85,"Electrical machinery and equipment and parts thereof; sound recorders and reproducers; television image and sound recorders and reproducers, parts and accessories of such articles",76864804.0,,76864804.0,False
2022-09-01,2022,9,3,202209,M,imports,USA,United States,85,"Electrical machinery and equipment and parts thereof; sound recorders and reproducers; television image and sound recorders and reproducers, parts and accessories of such articles",22979962.0,,22979962.0,False
2022-09-01,2022,9,3,202209,M,imports,VNM,Vietnam,85,"Electrical machinery and equipment and parts thereof; sound recorders and reproducers; television image and sound recorders and reproducers, parts and accessories of such articles",63921401.0,,63921401.0,False
2022-09-01,2022,9,3,202209,M,imports,W00,World,85,"Electrical machinery and equipment and parts thereof; sound recorders and reproducers; television image and sound recorders and reproducers, parts and accessories of such articles",2268174241.0,,2268174241.0,False
2022-10-01,2022,10,4,202210,X,exports,CHN,China,85,"Electrical machinery and equipment and parts thereof; sound recorders and reproducers; television image and sound recorders and reproducers, parts and accessories of such articles",32147600.685,32147600.685,,False
2022-10-01,2022,10,4,202210,X,exports,DEU,Germany,85,"Electrical machinery and equipment and parts thereof; sound recorders and reproducers; television image and sound recorders and reproducers, parts and accessories of such articles",19790752.778,19790752.778,,False
2022-10-01,2022,10,4,202210,X,exports,JPN,Japan,85,"Electrical machinery and equipment and parts thereof; sound recorders and reproducers; television image and sound recorders and reproducers, parts and accessories of such articles",138026202.708,138026202.708,,False
2022-10-01,2022,10,4,202210,X,exports,KOR,South Korea,85,"Electrical machinery and equipment and parts thereof; sound recorders and reproducers; television image and sound recorders and reproducers, parts and accessories of such articles",45451660.867,45451660.867,,False
2022-10-01,2022,10,4,202210,X,exports,MYS,Malaysia,85,"Electrical machinery and equipment and parts thereof; sound recorders and reproducers; television image and sound recorders and reproducers, parts and accessories of such articles",40792238.999,40792238.999,,False
2022-10-01,2022,10,4,202210,X,exports,PHL,Philippines,85,"Electrical machinery and equipment and parts thereof; sound recorders and reproducers; television image and sound recorders and reproducers, parts and accessories of such articles",24372444.39,24372444.39,,False
2022-10-01,2022,10,4,202210,X,exports,SGP,Singapore,85,"Electrical machinery and equipment and parts thereof; sound recorders and reproducers; television image and sound recorders and reproducers, parts and accessories of such articles",238637067.258,238637067.258,,False
2022-10-01,2022,10,4,202210,X,exports,THA,Thailand,85,"Electrical machinery and equipment and parts thereof; sound recorders and reproducers; television image and sound recorders and reproducers, parts and accessories of such articles",35712013.922,35712013.922,,False
2022-10-01,2022,10,4,202210,X,exports,USA,United States,85,"Electrical machinery and equipment and parts thereof; sound recorders and reproducers; television image and sound recorders and reproducers, parts and accessories of such articles",357178031.004,357178031.004,,False
2022-10-01,2022,10,4,202210,X,exports,VNM,Vietnam,85,"Electrical machinery and equipment and parts thereof; sound recorders and reproducers; television image and sound recorders and reproducers, parts and accessories of such articles",44638452.166,44638452.166,,False
2022-10-01,2022,10,4,202210,X,exports,W00,World,85,"Electrical machinery and equipment and parts thereof; sound recorders and reproducers; television image and sound recorders and reproducers, parts and accessories of such articles",1266399097.273,1266399097.273,,False
2022-10-01,2022,10,4,202210,M,imports,CHN,China,85,"Electrical machinery and equipment and parts thereof; sound recorders and reproducers; television image and sound recorders and reproducers, parts and accessories of such articles",1173494272.0,,1173494272.0,False
2022-10-01,2022,10,4,202210,M,imports,DEU,Germany,85,"Electrical machinery and equipment and parts thereof; sound recorders and reproducers; television image and sound recorders and reproducers, parts and accessories of such articles",33685949.0,,33685949.0,False
2022-10-01,2022,10,4,202210,M,imports,JPN,Japan,85,"Electrical machinery and equipment and parts thereof; sound recorders and reproducers; television image and sound recorders and reproducers, parts and accessories of such articles",117526012.0,,117526012.0,False
2022-10-01,2022,10,4,202210,M,imports,KOR,South Korea,85,"Electrical machinery and equipment and parts thereof; sound recorders and reproducers; television image and sound recorders and reproducers, parts and accessories of such articles",162841278.0,,162841278.0,False
2022-10-01,2022,10,4,202210,M,imports,MYS,Malaysia,85,"Electrical machinery and equipment and parts thereof; sound recorders and reproducers; television image and sound recorders and reproducers, parts and accessories of such articles",63624927.0,,63624927.0,False
2022-10-01,2022,10,4,202210,M,imports,PHL,Philippines,85,"Electrical machinery and equipment and parts thereof; sound recorders and reproducers; television image and sound recorders and reproducers, parts and accessories of such articles",49040509.0,,49040509.0,False
2022-10-01,2022,10,4,202210,M,imports,SGP,Singapore,85,"Electrical machinery and equipment and parts thereof; sound recorders and reproducers; television image and sound recorders and reproducers, parts and accessories of such articles",113048440.0,,113048440.0,False
2022-10-01,2022,10,4,202210,M,imports,THA,Thailand,85,"Electrical machinery and equipment and parts thereof; sound recorders and reproducers; television image and sound recorders and reproducers, parts and accessories of such articles",70420056.0,,70420056.0,False
2022-10-01,2022,10,4,202210,M,imports,USA,United States,85,"Electrical machinery and equipment and parts thereof; sound recorders and reproducers; television image and sound recorders and reproducers, parts and accessories of such articles",29697834.0,,29697834.0,False
2022-10-01,2022,10,4,202210,M,imports,VNM,Vietnam,85,"Electrical machinery and equipment and parts thereof; sound recorders and reproducers; television image and sound recorders and reproducers, parts and accessories of such articles",62910626.0,,62910626.0,False
2022-10-01,2022,10,4,202210,M,imports,W00,World,85,"Electrical machinery and equipment and parts thereof; sound recorders and reproducers; television image and sound recorders and reproducers, parts and accessories of such articles",2095022623.0,,2095022623.0,False
2022-11-01,2022,11,4,202211,X,exports,CHN,China,85,"Electrical machinery and equipment and parts thereof; sound recorders and reproducers; television image and sound recorders and reproducers, parts and accessories of such articles",33440599.436,33440599.436,,False
2022-11-01,2022,11,4,202211,X,exports,DEU,Germany,85,"Electrical machinery and equipment and parts thereof; sound recorders and reproducers; television image and sound recorders and reproducers, parts and accessories of such articles",20859445.338,20859445.338,,False
2022-11-01,2022,11,4,202211,X,exports,JPN,Japan,85,"Electrical machinery and equipment and parts thereof; sound recorders and reproducers; television image and sound recorders and reproducers, parts and accessories of such articles",134353569.975,134353569.975,,False
2022-11-01,2022,11,4,202211,X,exports,KOR,South Korea,85,"Electrical machinery and equipment and parts thereof; sound recorders and reproducers; television image and sound recorders and reproducers, parts and accessories of such articles",46696190.154,46696190.154,,False
2022-11-01,2022,11,4,202211,X,exports,MYS,Malaysia,85,"Electrical machinery and equipment and parts thereof; sound recorders and reproducers; television image and sound recorders and reproducers, parts and accessories of such articles",57527741.473,57527741.473,,False
2022-11-01,2022,11,4,202211,X,exports,PHL,Philippines,85,"Electrical machinery and equipment and parts thereof; sound recorders and reproducers; television image and sound recorders and reproducers, parts and accessories of such articles",30096010.971,30096010.971,,False
2022-11-01,2022,11,4,202211,X,exports,SGP,Singapore,85,"Electrical machinery and equipment and parts thereof; sound recorders and reproducers; television image and sound recorders and reproducers, parts and accessories of such articles",190142451.93,190142451.93,,False
2022-11-01,2022,11,4,202211,X,exports,THA,Thailand,85,"Electrical machinery and equipment and parts thereof; sound recorders and reproducers; television image and sound recorders and reproducers, parts and accessories of such articles",36830311.419,36830311.419,,False
2022-11-01,2022,11,4,202211,X,exports,USA,United States,85,"Electrical machinery and equipment and parts thereof; sound recorders and reproducers; television image and sound recorders and reproducers, parts and accessories of such articles",298012667.699,298012667.699,,False
2022-11-01,2022,11,4,202211,X,exports,VNM,Vietnam,85,"Electrical machinery and equipment and parts thereof; sound recorders and reproducers; television image and sound recorders and reproducers, parts and accessories of such articles",42382517.284,42382517.284,,False
2022-11-01,2022,11,4,202211,X,exports,W00,World,85,"Electrical machinery and equipment and parts thereof; sound recorders and reproducers; television image and sound recorders and reproducers, parts and accessories of such articles",1210491657.644,1210491657.644,,False
2022-11-01,2022,11,4,202211,M,imports,CHN,China,85,"Electrical machinery and equipment and parts thereof; sound recorders and reproducers; television image and sound recorders and reproducers, parts and accessories of such articles",1263686006.0,,1263686006.0,False
2022-11-01,2022,11,4,202211,M,imports,DEU,Germany,85,"Electrical machinery and equipment and parts thereof; sound recorders and reproducers; television image and sound recorders and reproducers, parts and accessories of such articles",31766347.0,,31766347.0,False
2022-11-01,2022,11,4,202211,M,imports,JPN,Japan,85,"Electrical machinery and equipment and parts thereof; sound recorders and reproducers; television image and sound recorders and reproducers, parts and accessories of such articles",126872832.0,,126872832.0,False
2022-11-01,2022,11,4,202211,M,imports,KOR,South Korea,85,"Electrical machinery and equipment and parts thereof; sound recorders and reproducers; television image and sound recorders and reproducers, parts and accessories of such articles",138200049.0,,138200049.0,False
2022-11-01,2022,11,4,202211,M,imports,MYS,Malaysia,85,"Electrical machinery and equipment and parts thereof; sound recorders and reproducers; television image and sound recorders and reproducers, parts and accessories of such articles",57940527.0,,57940527.0,False
2022-11-01,2022,11,4,202211,M,imports,PHL,Philippines,85,"Electrical machinery and equipment and parts thereof; sound recorders and reproducers; television image and sound recorders and reproducers, parts and accessories of such articles",67257542.0,,67257542.0,False
2022-11-01,2022,11,4,202211,M,imports,SGP,Singapore,85,"Electrical machinery and equipment and parts thereof; sound recorders and reproducers; television image and sound recorders and reproducers, parts and accessories of such articles",122524968.0,,122524968.0,False
2022-11-01,2022,11,4,202211,M,imports,THA,Thailand,85,"Electrical machinery and equipment and parts thereof; sound recorders and reproducers; television image and sound recorders and reproducers, parts and accessories of such articles",72933539.0,,72933539.0,False
2022-11-01,2022,11,4,202211,M,imports,USA,United States,85,"Electrical machinery and equipment and parts thereof; sound recorders and reproducers; television image and sound recorders and reproducers, parts and accessories of such articles",30764413.0,,30764413.0,False
2022-11-01,2022,11,4,202211,M,imports,VNM,Vietnam,85,"Electrical machinery and equipment and parts thereof; sound recorders and reproducers; television image and sound recorders and reproducers, parts and accessories of such articles",61143490.0,,61143490.0,False
2022-11-01,2022,11,4,202211,M,imports,W00,World,85,"Electrical machinery and equipment and parts thereof; sound recorders and reproducers; television image and sound recorders and reproducers, parts and accessories of such articles",2188162777.0,,2188162777.0,False
2022-12-01,2022,12,4,202212,X,exports,CHN,China,85,"Electrical machinery and equipment and parts thereof; sound recorders and reproducers; television image and sound recorders and reproducers, parts and accessories of such articles",35530938.215,35530938.215,,False
2022-12-01,2022,12,4,202212,X,exports,DEU,Germany,85,"Electrical machinery and equipment and parts thereof; sound recorders and reproducers; television image and sound recorders and reproducers, parts and accessories of such articles",20144352.357,20144352.357,,False
2022-12-01,2022,12,4,202212,X,exports,JPN,Japan,85,"Electrical machinery and equipment and parts thereof; sound recorders and reproducers; television image and sound recorders and reproducers, parts and accessories of such articles",125313005.442,125313005.442,,False
2022-12-01,2022,12,4,202212,X,exports,KOR,South Korea,85,"Electrical machinery and equipment and parts thereof; sound recorders and reproducers; television image and sound recorders and reproducers, parts and accessories of such articles",47215171.578,47215171.578,,False
2022-12-01,2022,12,4,202212,X,exports,MYS,Malaysia,85,"Electrical machinery and equipment and parts thereof; sound recorders and reproducers; television image and sound recorders and reproducers, parts and accessories of such articles",38154246.326,38154246.326,,False
2022-12-01,2022,12,4,202212,X,exports,PHL,Philippines,85,"Electrical machinery and equipment and parts thereof; sound recorders and reproducers; television image and sound recorders and reproducers, parts and accessories of such articles",22281785.667,22281785.667,,False
2022-12-01,2022,12,4,202212,X,exports,SGP,Singapore,85,"Electrical machinery and equipment and parts thereof; sound recorders and reproducers; television image and sound recorders and reproducers, parts and accessories of such articles",305223865.359,305223865.359,,False
2022-12-01,2022,12,4,202212,X,exports,THA,Thailand,85,"Electrical machinery and equipment and parts thereof; sound recorders and reproducers; television image and sound recorders and reproducers, parts and accessories of such articles",28916020.202,28916020.202,,False
2022-12-01,2022,12,4,202212,X,exports,USA,United States,85,"Electrical machinery and equipment and parts thereof; sound recorders and reproducers; television image and sound recorders and reproducers, parts and accessories of such articles",301723870.36,301723870.36,,False
2022-12-01,2022,12,4,202212,X,exports,VNM,Vietnam,85,"Electrical machinery and equipment and parts thereof; sound recorders and reproducers; television image and sound recorders and reproducers, parts and accessories of such articles",35894881.452,35894881.452,,False
2022-12-01,2022,12,4,202212,X,exports,W00,World,85,"Electrical machinery and equipment and parts thereof; sound recorders and reproducers; television image and sound recorders and reproducers, parts and accessories of such articles",1266678967.704,1266678967.704,,False
2022-12-01,2022,12,4,202212,M,imports,CHN,China,85,"Electrical machinery and equipment and parts thereof; sound recorders and reproducers; television image and sound recorders and reproducers, parts and accessories of such articles",1192353503.0,,1192353503.0,False
2022-12-01,2022,12,4,202212,M,imports,DEU,Germany,85,"Electrical machinery and equipment and parts thereof; sound recorders and reproducers; television image and sound recorders and reproducers, parts and accessories of such articles",30766261.0,,30766261.0,False
2022-12-01,2022,12,4,202212,M,imports,JPN,Japan,85,"Electrical machinery and equipment and parts thereof; sound recorders and reproducers; television image and sound recorders and reproducers, parts and accessories of such articles",113857112.0,,113857112.0,False
2022-12-01,2022,12,4,202212,M,imports,KOR,South Korea,85,"Electrical machinery and equipment and parts thereof; sound recorders and reproducers; television image and sound recorders and reproducers, parts and accessories of such articles",158277533.0,,158277533.0,False
2022-12-01,2022,12,4,202212,M,imports,MYS,Malaysia,85,"Electrical machinery and equipment and parts thereof; sound recorders and reproducers; television image and sound recorders and reproducers, parts and accessories of such articles",48217744.0,,48217744.0,False
2022-12-01,2022,12,4,202212,M,imports,PHL,Philippines,85,"Electrical machinery and equipment and parts thereof; sound recorders and reproducers; television image and sound recorders and reproducers, parts and accessories of such articles",63282229.0,,63282229.0,False
2022-12-01,2022,12,4,202212,M,imports,SGP,Singapore,85,"Electrical machinery and equipment and parts thereof; sound recorders and reproducers; television image and sound recorders and reproducers, parts and accessories of such articles",126116049.0,,126116049.0,False
2022-12-01,2022,12,4,202212,M,imports,THA,Thailand,85,"Electrical machinery and equipment and parts thereof; sound recorders and reproducers; television image and sound recorders and reproducers, parts and accessories of such articles",72225110.0,,72225110.0,False
2022-12-01,2022,12,4,202212,M,imports,USA,United States,85,"Electrical machinery and equipment and parts thereof; sound recorders and reproducers; television image and sound recorders and reproducers, parts and accessories of such articles",30393295.0,,30393295.0,False
2022-12-01,2022,12,4,202212,M,imports,VNM,Vietnam,85,"Electrical machinery and equipment and parts thereof; sound recorders and reproducers; television image and sound recorders and reproducers, parts and accessories of such articles",48552906.0,,48552906.0,False
2022-12-01,2022,12,4,202212,M,imports,W00,World,85,"Electrical machinery and equipment and parts thereof; sound recorders and reproducers; television image and sound recorders and reproducers, parts and accessories of such articles",2122083452.0,,2122083452.0,False
2023-01-01,2023,1,1,202301,X,exports,CHN,China,85,"Electrical machinery and equipment and parts thereof; sound recorders and reproducers; television image and sound recorders and reproducers, parts and accessories of such articles",33058619.751,33058619.751,,False
2023-01-01,2023,1,1,202301,X,exports,DEU,Germany,85,"Electrical machinery and equipment and parts thereof; sound recorders and reproducers; television image and sound recorders and reproducers, parts and accessories of such articles",18287500.481,18287500.481,,False
2023-01-01,2023,1,1,202301,X,exports,JPN,Japan,85,"Electrical machinery and equipment and parts thereof; sound recorders and reproducers; television image and sound recorders and reproducers, parts and accessories of such articles",131932288.791,131932288.791,,False
2023-01-01,2023,1,1,202301,X,exports,KOR,South Korea,85,"Electrical machinery and equipment and parts thereof; sound recorders and reproducers; television image and sound recorders and reproducers, parts and accessories of such articles",47978484.134,47978484.134,,False
2023-01-01,2023,1,1,202301,X,exports,MYS,Malaysia,85,"Electrical machinery and equipment and parts thereof; sound recorders and reproducers; television image and sound recorders and reproducers, parts and accessories of such articles",45918477.592,45918477.592,,False
2023-01-01,2023,1,1,202301,X,exports,PHL,Philippines,85,"Electrical machinery and equipment and parts thereof; sound recorders and reproducers; television image and sound recorders and reproducers, parts and accessories of such articles",25066576.609,25066576.609,,False
2023-01-01,2023,1,1,202301,X,exports,SGP,Singapore,85,"Electrical machinery and equipment and parts thereof; sound recorders and reproducers; television image and sound recorders and reproducers, parts and accessories of such articles",290731137.593,290731137.593,,False
2023-01-01,2023,1,1,202301,X,exports,THA,Thailand,85,"Electrical machinery and equipment and parts thereof; sound recorders and reproducers; television image and sound recorders and reproducers, parts and accessories of such articles",49724107.314,49724107.314,,False
2023-01-01,2023,1,1,202301,X,exports,USA,United States,85,"Electrical machinery and equipment and parts thereof; sound recorders and reproducers; television image and sound recorders and reproducers, parts and accessories of such articles",323113539.738,323113539.738,,False
2023-01-01,2023,1,1,202301,X,exports,VNM,Vietnam,85,"Electrical machinery and equipment and parts thereof; sound recorders and reproducers; television image and sound recorders and reproducers, parts and accessories of such articles",23566976.991,23566976.991,,False
2023-01-01,2023,1,1,202301,X,exports,W00,World,85,"Electrical machinery and equipment and parts thereof; sound recorders and reproducers; television image and sound recorders and reproducers, parts and accessories of such articles",1289861908.516,1289861908.516,,False
2023-01-01,2023,1,1,202301,M,imports,CHN,China,85,"Electrical machinery and equipment and parts thereof; sound recorders and reproducers; television image and sound recorders and reproducers, parts and accessories of such articles",1325866480.0,,1325866480.0,False
2023-01-01,2023,1,1,202301,M,imports,DEU,Germany,85,"Electrical machinery and equipment and parts thereof; sound recorders and reproducers; television image and sound recorders and reproducers, parts and accessories of such articles",33780360.0,,33780360.0,False
2023-01-01,2023,1,1,202301,M,imports,JPN,Japan,85,"Electrical machinery and equipment and parts thereof; sound recorders and reproducers; television image and sound recorders and reproducers, parts and accessories of such articles",109085224.0,,109085224.0,False
2023-01-01,2023,1,1,202301,M,imports,KOR,South Korea,85,"Electrical machinery and equipment and parts thereof; sound recorders and reproducers; television image and sound recorders and reproducers, parts and accessories of such articles",179578650.0,,179578650.0,False
2023-01-01,2023,1,1,202301,M,imports,MYS,Malaysia,85,"Electrical machinery and equipment and parts thereof; sound recorders and reproducers; television image and sound recorders and reproducers, parts and accessories of such articles",54435521.0,,54435521.0,False
2023-01-01,2023,1,1,202301,M,imports,PHL,Philippines,85,"Electrical machinery and equipment and parts thereof; sound recorders and reproducers; television image and sound recorders and reproducers, parts and accessories of such articles",56606335.0,,56606335.0,False
2023-01-01,2023,1,1,202301,M,imports,SGP,Singapore,85,"Electrical machinery and equipment and parts thereof; sound recorders and reproducers; television image and sound recorders and reproducers, parts and accessories of such articles",99613026.0,,99613026.0,False
2023-01-01,2023,1,1,202301,M,imports,THA,Thailand,85,"Electrical machinery and equipment and parts thereof; sound recorders and reproducers; television image and sound recorders and reproducers, parts and accessories of such articles",78350495.0,,78350495.0,False
2023-01-01,2023,1,1,202301,M,imports,USA,United States,85,"Electrical machinery and equipment and parts thereof; sound recorders and reproducers; television image and sound recorders and reproducers, parts and accessories of such articles",31606519.0,,31606519.0,False
2023-01-01,2023,1,1,202301,M,imports,VNM,Vietnam,85,"Electrical machinery and equipment and parts thereof; sound recorders and reproducers; television image and sound recorders and reproducers, parts and accessories of such articles",68462963.0,,68462963.0,False
2023-01-01,2023,1,1,202301,M,imports,W00,World,85,"Electrical machinery and equipment and parts thereof; sound recorders and reproducers; television image and sound recorders and reproducers, parts and accessories of such articles",2344532231.0,,2344532231.0,False
2023-02-01,2023,2,1,202302,X,exports,CHN,China,85,"Electrical machinery and equipment and parts thereof; sound recorders and reproducers; television image and sound recorders and reproducers, parts and accessories of such articles",32036229.374,32036229.374,,False
2023-02-01,2023,2,1,202302,X,exports,DEU,Germany,85,"Electrical machinery and equipment and parts thereof; sound recorders and reproducers; television image and sound recorders and reproducers, parts and accessories of such articles",25674720.491,25674720.491,,False
2023-02-01,2023,2,1,202302,X,exports,JPN,Japan,85,"Electrical machinery and equipment and parts thereof; sound recorders and reproducers; television image and sound recorders and reproducers, parts and accessories of such articles",122401271.216,122401271.216,,False
2023-02-01,2023,2,1,202302,X,exports,KOR,South Korea,85,"Electrical machinery and equipment and parts thereof; sound recorders and reproducers; television image and sound recorders and reproducers, parts and accessories of such articles",52170107.027,52170107.027,,False
2023-02-01,2023,2,1,202302,X,exports,MYS,Malaysia,85,"Electrical machinery and equipment and parts thereof; sound recorders and reproducers; television image and sound recorders and reproducers, parts and accessories of such articles",28204479.462,28204479.462,,False
2023-02-01,2023,2,1,202302,X,exports,PHL,Philippines,85,"Electrical machinery and equipment and parts thereof; sound recorders and reproducers; television image and sound recorders and reproducers, parts and accessories of such articles",26196560.703,26196560.703,,False
2023-02-01,2023,2,1,202302,X,exports,SGP,Singapore,85,"Electrical machinery and equipment and parts thereof; sound recorders and reproducers; television image and sound recorders and reproducers, parts and accessories of such articles",322933114.178,322933114.178,,False
2023-02-01,2023,2,1,202302,X,exports,THA,Thailand,85,"Electrical machinery and equipment and parts thereof; sound recorders and reproducers; television image and sound recorders and reproducers, parts and accessories of such articles",32670475.72,32670475.72,,False
2023-02-01,2023,2,1,202302,X,exports,USA,United States,85,"Electrical machinery and equipment and parts thereof; sound recorders and reproducers; television image and sound recorders and reproducers, parts and accessories of such articles",420380100.245,420380100.245,,False
2023-02-01,2023,2,1,202302,X,exports,VNM,Vietnam,85,"Electrical machinery and equipment and parts thereof; sound recorders and reproducers; television image and sound recorders and reproducers, parts and accessories of such articles",26699123.689,26699123.689,,False
2023-02-01,2023,2,1,202302,X,exports,W00,World,85,"Electrical machinery and equipment and parts thereof; sound recorders and reproducers; television image and sound recorders and reproducers, parts and accessories of such articles",1431213257.689,1431213257.689,,False
2023-02-01,2023,2,1,202302,M,imports,CHN,China,85,"Electrical machinery and equipment and parts thereof; sound recorders and reproducers; television image and sound recorders and reproducers, parts and accessories of such articles",1034884372.0,,1034884372.0,False
2023-02-01,2023,2,1,202302,M,imports,DEU,Germany,85,"Electrical machinery and equipment and parts thereof; sound recorders and reproducers; television image and sound recorders and reproducers, parts and accessories of such articles",27618004.0,,27618004.0,False
2023-02-01,2023,2,1,202302,M,imports,JPN,Japan,85,"Electrical machinery and equipment and parts thereof; sound recorders and reproducers; television image and sound recorders and reproducers, parts and accessories of such articles",106885695.0,,106885695.0,False
2023-02-01,2023,2,1,202302,M,imports,KOR,South Korea,85,"Electrical machinery and equipment and parts thereof; sound recorders and reproducers; television image and sound recorders and reproducers, parts and accessories of such articles",171108054.0,,171108054.0,False
2023-02-01,2023,2,1,202302,M,imports,MYS,Malaysia,85,"Electrical machinery and equipment and parts thereof; sound recorders and reproducers; television image and sound recorders and reproducers, parts and accessories of such articles",48233995.0,,48233995.0,False
2023-02-01,2023,2,1,202302,M,imports,PHL,Philippines,85,"Electrical machinery and equipment and parts thereof; sound recorders and reproducers; television image and sound recorders and reproducers, parts and accessories of such articles",59118986.0,,59118986.0,False
2023-02-01,2023,2,1,202302,M,imports,SGP,Singapore,85,"Electrical machinery and equipment and parts thereof; sound recorders and reproducers; television image and sound recorders and reproducers, parts and accessories of such articles",96334776.0,,96334776.0,False
2023-02-01,2023,2,1,202302,M,imports,THA,Thailand,85,"Electrical machinery and equipment and parts thereof; sound recorders and reproducers; television image and sound recorders and reproducers, parts and accessories of such articles",69376018.0,,69376018.0,False
2023-02-01,2023,2,1,202302,M,imports,USA,United States,85,"Electrical machinery and equipment and parts thereof; sound recorders and reproducers; television image and sound recorders and reproducers, parts and accessories of such articles",23533222.0,,23533222.0,False
2023-02-01,2023,2,1,202302,M,imports,VNM,Vietnam,85,"Electrical machinery and equipment and parts thereof; sound recorders and reproducers; television image and sound recorders and reproducers, parts and accessories of such articles",63517886.0,,63517886.0,False
2023-02-01,2023,2,1,202302,M,imports,W00,World,85,"Electrical machinery and equipment and parts thereof; sound recorders and reproducers; television image and sound recorders and reproducers, parts and accessories of such articles",1990252879.0,,1990252879.0,False
2023-03-01,2023,3,1,202303,X,exports,CHN,China,85,"Electrical machinery and equipment and parts thereof; sound recorders and reproducers; television image and sound recorders and reproducers, parts and accessories of such articles",38473429.732,38473429.732,,False
2023-03-01,2023,3,1,202303,X,exports,DEU,Germany,85,"Electrical machinery and equipment and parts thereof; sound recorders and reproducers; television image and sound recorders and reproducers, parts and accessories of such articles",23118493.091,23118493.091,,False
2023-03-01,2023,3,1,202303,X,exports,JPN,Japan,85,"Electrical machinery and equipment and parts thereof; sound recorders and reproducers; television image and sound recorders and reproducers, parts and accessories of such articles",136610640.218,136610640.218,,False
2023-03-01,2023,3,1,202303,X,exports,KOR,South Korea,85,"Electrical machinery and equipment and parts thereof; sound recorders and reproducers; television image and sound recorders and reproducers, parts and accessories of such articles",63115539.925,63115539.925,,False
2023-03-01,2023,3,1,202303,X,exports,MYS,Malaysia,85,"Electrical machinery and equipment and parts thereof; sound recorders and reproducers; television image and sound recorders and reproducers, parts and accessories of such articles",46485948.155,46485948.155,,False
2023-03-01,2023,3,1,202303,X,exports,PHL,Philippines,85,"Electrical machinery and equipment and parts thereof; sound recorders and reproducers; television image and sound recorders and reproducers, parts and accessories of such articles",21766011.049,21766011.049,,False
2023-03-01,2023,3,1,202303,X,exports,SGP,Singapore,85,"Electrical machinery and equipment and parts thereof; sound recorders and reproducers; television image and sound recorders and reproducers, parts and accessories of such articles",227810044.939,227810044.939,,False
2023-03-01,2023,3,1,202303,X,exports,THA,Thailand,85,"Electrical machinery and equipment and parts thereof; sound recorders and reproducers; television image and sound recorders and reproducers, parts and accessories of such articles",42229454.796,42229454.796,,False
2023-03-01,2023,3,1,202303,X,exports,USA,United States,85,"Electrical machinery and equipment and parts thereof; sound recorders and reproducers; television image and sound recorders and reproducers, parts and accessories of such articles",260858869.704,260858869.704,,False
2023-03-01,2023,3,1,202303,X,exports,VNM,Vietnam,85,"Electrical machinery and equipment and parts thereof; sound recorders and reproducers; television image and sound recorders and reproducers, parts and accessories of such articles",25658396.193,25658396.193,,False
2023-03-01,2023,3,1,202303,X,exports,W00,World,85,"Electrical machinery and equipment and parts thereof; sound recorders and reproducers; television image and sound recorders and reproducers, parts and accessories of such articles",1266889381.429,1266889381.429,,False
2023-03-01,2023,3,1,202303,M,imports,CHN,China,85,"Electrical machinery and equipment and parts thereof; sound recorders and reproducers; television image and sound recorders and reproducers, parts and accessories of such articles",1331570237.0,,1331570237.0,False
2023-03-01,2023,3,1,202303,M,imports,DEU,Germany,85,"Electrical machinery and equipment and parts thereof; sound recorders and reproducers; television image and sound recorders and reproducers, parts and accessories of such articles",54110724.0,,54110724.0,False
2023-03-01,2023,3,1,202303,M,imports,JPN,Japan,85,"Electrical machinery and equipment and parts thereof; sound recorders and reproducers; television image and sound recorders and reproducers, parts and accessories of such articles",120398389.0,,120398389.0,False
2023-03-01,2023,3,1,202303,M,imports,KOR,South Korea,85,"Electrical machinery and equipment and parts thereof; sound recorders and reproducers; television image and sound recorders and reproducers, parts and accessories of such articles",212583560.0,,212583560.0,False
2023-03-01,2023,3,1,202303,M,imports,MYS,Malaysia,85,"Electrical machinery and equipment and parts thereof; sound recorders and reproducers; television image and sound recorders and reproducers, parts and accessories of such articles",73124803.0,,73124803.0,False
2023-03-01,2023,3,1,202303,M,imports,PHL,Philippines,85,"Electrical machinery and equipment and parts thereof; sound recorders and reproducers; television image and sound recorders and reproducers, parts and accessories of such articles",65325039.0,,65325039.0,False
2023-03-01,2023,3,1,202303,M,imports,SGP,Singapore,85,"Electrical machinery and equipment and parts thereof; sound recorders and reproducers; television image and sound recorders and reproducers, parts and accessories of such articles",143569475.0,,143569475.0,False
2023-03-01,2023,3,1,202303,M,imports,THA,Thailand,85,"Electrical machinery and equipment and parts thereof; sound recorders and reproducers; television image and sound recorders and reproducers, parts and accessories of such articles",76490444.0,,76490444.0,False
2023-03-01,2023,3,1,202303,M,imports,USA,United States,85,"Electrical machinery and equipment and parts thereof; sound recorders and reproducers; television image and sound recorders and reproducers, parts and accessories of such articles",36565289.0,,36565289.0,False
2023-03-01,2023,3,1,202303,M,imports,VNM,Vietnam,85,"Electrical machinery and equipment and parts thereof; sound recorders and reproducers; television image and sound recorders and reproducers, parts and accessories of such articles",85246944.0,,85246944.0,False
2023-03-01,2023,3,1,202303,M,imports,W00,World,85,"Electrical machinery and equipment and parts thereof; sound recorders and reproducers; television image and sound recorders and reproducers, parts and accessories of such articles",2570925105.0,,2570925105.0,False
2023-04-01,2023,4,2,202304,X,exports,CHN,China,85,"Electrical machinery and equipment and parts thereof; sound recorders and reproducers; television image and sound recorders and reproducers, parts and accessories of such articles",24089372.303,24089372.303,,False
2023-04-01,2023,4,2,202304,X,exports,DEU,Germany,85,"Electrical machinery and equipment and parts thereof; sound recorders and reproducers; television image and sound recorders and reproducers, parts and accessories of such articles",17568599.265,17568599.265,,False
2023-04-01,2023,4,2,202304,X,exports,JPN,Japan,85,"Electrical machinery and equipment and parts thereof; sound recorders and reproducers; television image and sound recorders and reproducers, parts and accessories of such articles",119468242.8,119468242.8,,False
2023-04-01,2023,4,2,202304,X,exports,KOR,South Korea,85,"Electrical machinery and equipment and parts thereof; sound recorders and reproducers; television image and sound recorders and reproducers, parts and accessories of such articles",46479232.816,46479232.816,,False
2023-04-01,2023,4,2,202304,X,exports,MYS,Malaysia,85,"Electrical machinery and equipment and parts thereof; sound recorders and reproducers; television image and sound recorders and reproducers, parts and accessories of such articles",26064277.211,26064277.211,,False
2023-04-01,2023,4,2,202304,X,exports,PHL,Philippines,85,"Electrical machinery and equipment and parts thereof; sound recorders and reproducers; television image and sound recorders and reproducers, parts and accessories of such articles",17366962.855,17366962.855,,False
2023-04-01,2023,4,2,202304,X,exports,SGP,Singapore,85,"Electrical machinery and equipment and parts thereof; sound recorders and reproducers; television image and sound recorders and reproducers, parts and accessories of such articles",150188842.186,150188842.186,,False
2023-04-01,2023,4,2,202304,X,exports,THA,Thailand,85,"Electrical machinery and equipment and parts thereof; sound recorders and reproducers; television image and sound recorders and reproducers, parts and accessories of such articles",20143412.013,20143412.013,,False
2023-04-01,2023,4,2,202304,X,exports,USA,United States,85,"Electrical machinery and equipment and parts thereof; sound recorders and reproducers; television image and sound recorders and reproducers, parts and accessories of such articles",287848067.596,287848067.596,,False
2023-04-01,2023,4,2,202304,X,exports,VNM,Vietnam,85,"Electrical machinery and equipment and parts thereof; sound recorders and reproducers; television image and sound recorders and reproducers, parts and accessories of such articles",17173512.85,17173512.85,,False
2023-04-01,2023,4,2,202304,X,exports,W00,World,85,"Electrical machinery and equipment and parts thereof; sound recorders and reproducers; television image and sound recorders and reproducers, parts and accessories of such articles",1033077602.573,1033077602.573,,False
2023-04-01,2023,4,2,202304,M,imports,CHN,China,85,"Electrical machinery and equipment and parts thereof; sound recorders and reproducers; television image and sound recorders and reproducers, parts and accessories of such articles",945930266.0,,945930266.0,False
2023-04-01,2023,4,2,202304,M,imports,DEU,Germany,85,"Electrical machinery and equipment and parts thereof; sound recorders and reproducers; television image and sound recorders and reproducers, parts and accessories of such articles",25923432.0,,25923432.0,False
2023-04-01,2023,4,2,202304,M,imports,JPN,Japan,85,"Electrical machinery and equipment and parts thereof; sound recorders and reproducers; television image and sound recorders and reproducers, parts and accessories of such articles",83156221.0,,83156221.0,False
2023-04-01,2023,4,2,202304,M,imports,KOR,South Korea,85,"Electrical machinery and equipment and parts thereof; sound recorders and reproducers; television image and sound recorders and reproducers, parts and accessories of such articles",100488415.0,,100488415.0,False
2023-04-01,2023,4,2,202304,M,imports,MYS,Malaysia,85,"Electrical machinery and equipment and parts thereof; sound recorders and reproducers; television image and sound recorders and reproducers, parts and accessories of such articles",42971500.0,,42971500.0,False
2023-04-01,2023,4,2,202304,M,imports,PHL,Philippines,85,"Electrical machinery and equipment and parts thereof; sound recorders and reproducers; television image and sound recorders and reproducers, parts and accessories of such articles",43241978.0,,43241978.0,False
2023-04-01,2023,4,2,202304,M,imports,SGP,Singapore,85,"Electrical machinery and equipment and parts thereof; sound recorders and reproducers; television image and sound recorders and reproducers, parts and accessories of such articles",94862438.0,,94862438.0,False
2023-04-01,2023,4,2,202304,M,imports,THA,Thailand,85,"Electrical machinery and equipment and parts thereof; sound recorders and reproducers; television image and sound recorders and reproducers, parts and accessories of such articles",50288528.0,,50288528.0,False
2023-04-01,2023,4,2,202304,M,imports,USA,United States,85,"Electrical machinery and equipment and parts thereof; sound recorders and reproducers; television image and sound recorders and reproducers, parts and accessories of such articles",23402311.0,,23402311.0,False
2023-04-01,2023,4,2,202304,M,imports,VNM,Vietnam,85,"Electrical machinery and equipment and parts thereof; sound recorders and reproducers; television image and sound recorders and reproducers, parts and accessories of such articles",52724426.0,,52724426.0,False
2023-04-01,2023,4,2,202304,M,imports,W00,World,85,"Electrical machinery and equipment and parts thereof; sound recorders and reproducers; television image and sound recorders and reproducers, parts and accessories of such articles",1747773811.0,,1747773811.0,False
2023-05-01,2023,5,2,202305,X,exports,CHN,China,85,"Electrical machinery and equipment and parts thereof; sound recorders and reproducers; television image and sound recorders and reproducers, parts and accessories of such articles",33927937.688,33927937.688,,False
2023-05-01,2023,5,2,202305,X,exports,DEU,Germany,85,"Electrical machinery and equipment and parts thereof; sound recorders and reproducers; television image and sound recorders and reproducers, parts and accessories of such articles",18664588.737,18664588.737,,False
2023-05-01,2023,5,2,202305,X,exports,JPN,Japan,85,"Electrical machinery and equipment and parts thereof; sound recorders and reproducers; television image and sound recorders and reproducers, parts and accessories of such articles",151059708.104,151059708.104,,False
2023-05-01,2023,5,2,202305,X,exports,KOR,South Korea,85,"Electrical machinery and equipment and parts thereof; sound recorders and reproducers; television image and sound recorders and reproducers, parts and accessories of such articles",44619733.442,44619733.442,,False
2023-05-01,2023,5,2,202305,X,exports,MYS,Malaysia,85,"Electrical machinery and equipment and parts thereof; sound recorders and reproducers; television image and sound recorders and reproducers, parts and accessories of such articles",32977581.166,32977581.166,,False
2023-05-01,2023,5,2,202305,X,exports,PHL,Philippines,85,"Electrical machinery and equipment and parts thereof; sound recorders and reproducers; television image and sound recorders and reproducers, parts and accessories of such articles",22266609.131,22266609.131,,False
2023-05-01,2023,5,2,202305,X,exports,SGP,Singapore,85,"Electrical machinery and equipment and parts thereof; sound recorders and reproducers; television image and sound recorders and reproducers, parts and accessories of such articles",183218991.516,183218991.516,,False
2023-05-01,2023,5,2,202305,X,exports,THA,Thailand,85,"Electrical machinery and equipment and parts thereof; sound recorders and reproducers; television image and sound recorders and reproducers, parts and accessories of such articles",37845850.195,37845850.195,,False
2023-05-01,2023,5,2,202305,X,exports,USA,United States,85,"Electrical machinery and equipment and parts thereof; sound recorders and reproducers; television image and sound recorders and reproducers, parts and accessories of such articles",307946663.419,307946663.419,,False
2023-05-01,2023,5,2,202305,X,exports,VNM,Vietnam,85,"Electrical machinery and equipment and parts thereof; sound recorders and reproducers; television image and sound recorders and reproducers, parts and accessories of such articles",27109087.278,27109087.278,,False
2023-05-01,2023,5,2,202305,X,exports,W00,World,85,"Electrical machinery and equipment and parts thereof; sound recorders and reproducers; television image and sound recorders and reproducers, parts and accessories of such articles",1231844814.637,1231844814.637,,False
2023-05-01,2023,5,2,202305,M,imports,CHN,China,85,"Electrical machinery and equipment and parts thereof; sound recorders and reproducers; television image and sound recorders and reproducers, parts and accessories of such articles",1240227806.0,,1240227806.0,False
2023-05-01,2023,5,2,202305,M,imports,DEU,Germany,85,"Electrical machinery and equipment and parts thereof; sound recorders and reproducers; television image and sound recorders and reproducers, parts and accessories of such articles",36994645.0,,36994645.0,False
2023-05-01,2023,5,2,202305,M,imports,JPN,Japan,85,"Electrical machinery and equipment and parts thereof; sound recorders and reproducers; television image and sound recorders and reproducers, parts and accessories of such articles",122620748.0,,122620748.0,False
2023-05-01,2023,5,2,202305,M,imports,KOR,South Korea,85,"Electrical machinery and equipment and parts thereof; sound recorders and reproducers; television image and sound recorders and reproducers, parts and accessories of such articles",143822615.0,,143822615.0,False
2023-05-01,2023,5,2,202305,M,imports,MYS,Malaysia,85,"Electrical machinery and equipment and parts thereof; sound recorders and reproducers; television image and sound recorders and reproducers, parts and accessories of such articles",79885628.0,,79885628.0,False
2023-05-01,2023,5,2,202305,M,imports,PHL,Philippines,85,"Electrical machinery and equipment and parts thereof; sound recorders and reproducers; television image and sound recorders and reproducers, parts and accessories of such articles",46099834.0,,46099834.0,False
2023-05-01,2023,5,2,202305,M,imports,SGP,Singapore,85,"Electrical machinery and equipment and parts thereof; sound recorders and reproducers; television image and sound recorders and reproducers, parts and accessories of such articles",184386075.0,,184386075.0,False
2023-05-01,2023,5,2,202305,M,imports,THA,Thailand,85,"Electrical machinery and equipment and parts thereof; sound recorders and reproducers; television image and sound recorders and reproducers, parts and accessories of such articles",88455625.0,,88455625.0,False
2023-05-01,2023,5,2,202305,M,imports,USA,United States,85,"Electrical machinery and equipment and parts thereof; sound recorders and reproducers; television image and sound recorders and reproducers, parts and accessories of such articles",52382771.0,,52382771.0,False
2023-05-01,2023,5,2,202305,M,imports,VNM,Vietnam,85,"Electrical machinery and equipment and parts thereof; sound recorders and reproducers; television image and sound recorders and reproducers, parts and accessories of such articles",71589561.0,,71589561.0,False
2023-05-01,2023,5,2,202305,M,imports,W00,World,85,"Electrical machinery and equipment and parts thereof; sound recorders and reproducers; television image and sound recorders and reproducers, parts and accessories of such articles",2431768185.0,,2431768185.0,False
2023-06-01,2023,6,2,202306,X,exports,CHN,China,85,"Electrical machinery and equipment and parts thereof; sound recorders and reproducers; television image and sound recorders and reproducers, parts and accessories of such articles",28031397.749,28031397.749,,False
2023-06-01,2023,6,2,202306,X,exports,DEU,Germany,85,"Electrical machinery and equipment and parts thereof; sound recorders and reproducers; television image and sound recorders and reproducers, parts and accessories of such articles",18979151.183,18979151.183,,False
2023-06-01,2023,6,2,202306,X,exports,JPN,Japan,85,"Electrical machinery and equipment and parts thereof; sound recorders and reproducers; television image and sound recorders and reproducers, parts and accessories of such articles",135056148.262,135056148.262,,False
2023-06-01,2023,6,2,202306,X,exports,KOR,South Korea,85,"Electrical machinery and equipment and parts thereof; sound recorders and reproducers; television image and sound recorders and reproducers, parts and accessories of such articles",35720802.98,35720802.98,,False
2023-06-01,2023,6,2,202306,X,exports,MYS,Malaysia,85,"Electrical machinery and equipment and parts thereof; sound recorders and reproducers; television image and sound recorders and reproducers, parts and accessories of such articles",31198247.216,31198247.216,,False
2023-06-01,2023,6,2,202306,X,exports,PHL,Philippines,85,"Electrical machinery and equipment and parts thereof; sound recorders and reproducers; television image and sound recorders and reproducers, parts and accessories of such articles",21486695.25,21486695.25,,False
2023-06-01,2023,6,2,202306,X,exports,SGP,Singapore,85,"Electrical machinery and equipment and parts thereof; sound recorders and reproducers; television image and sound recorders and reproducers, parts and accessories of such articles",203734736.29,203734736.29,,False
2023-06-01,2023,6,2,202306,X,exports,THA,Thailand,85,"Electrical machinery and equipment and parts thereof; sound recorders and reproducers; television image and sound recorders and reproducers, parts and accessories of such articles",30828314.033,30828314.033,,False
2023-06-01,2023,6,2,202306,X,exports,USA,United States,85,"Electrical machinery and equipment and parts thereof; sound recorders and reproducers; television image and sound recorders and reproducers, parts and accessories of such articles",291222143.272,291222143.272,,False
2023-06-01,2023,6,2,202306,X,exports,VNM,Vietnam,85,"Electrical machinery and equipment and parts thereof; sound recorders and reproducers; television image and sound recorders and reproducers, parts and accessories of such articles",27485150.383,27485150.383,,False
2023-06-01,2023,6,2,202306,X,exports,W00,World,85,"Electrical machinery and equipment and parts thereof; sound recorders and reproducers; television image and sound recorders and reproducers, parts and accessories of such articles",1160890359.395,1160890359.395,,False
2023-06-01,2023,6,2,202306,M,imports,CHN,China,85,"Electrical machinery and equipment and parts thereof; sound recorders and reproducers; television image and sound recorders and reproducers, parts and accessories of such articles",1045394587.0,,1045394587.0,False
2023-06-01,2023,6,2,202306,M,imports,DEU,Germany,85,"Electrical machinery and equipment and parts thereof; sound recorders and reproducers; television image and sound recorders and reproducers, parts and accessories of such articles",55286988.0,,55286988.0,False
2023-06-01,2023,6,2,202306,M,imports,JPN,Japan,85,"Electrical machinery and equipment and parts thereof; sound recorders and reproducers; television image and sound recorders and reproducers, parts and accessories of such articles",138443813.0,,138443813.0,False
2023-06-01,2023,6,2,202306,M,imports,KOR,South Korea,85,"Electrical machinery and equipment and parts thereof; sound recorders and reproducers; television image and sound recorders and reproducers, parts and accessories of such articles",103009011.0,,103009011.0,False
2023-06-01,2023,6,2,202306,M,imports,MYS,Malaysia,85,"Electrical machinery and equipment and parts thereof; sound recorders and reproducers; television image and sound recorders and reproducers, parts and accessories of such articles",51456343.0,,51456343.0,False
2023-06-01,2023,6,2,202306,M,imports,PHL,Philippines,85,"Electrical machinery and equipment and parts thereof; sound recorders and reproducers; television image and sound recorders and reproducers, parts and accessories of such articles",60353411.0,,60353411.0,False
2023-06-01,2023,6,2,202306,M,imports,SGP,Singapore,85,"Electrical machinery and equipment and parts thereof; sound recorders and reproducers; television image and sound recorders and reproducers, parts and accessories of such articles",126484919.0,,126484919.0,False
2023-06-01,2023,6,2,202306,M,imports,THA,Thailand,85,"Electrical machinery and equipment and parts thereof; sound recorders and reproducers; television image and sound recorders and reproducers, parts and accessories of such articles",67536789.0,,67536789.0,False
2023-06-01,2023,6,2,202306,M,imports,USA,United States,85,"Electrical machinery and equipment and parts thereof; sound recorders and reproducers; television image and sound recorders and reproducers, parts and accessories of such articles",26712756.0,,26712756.0,False
2023-06-01,2023,6,2,202306,M,imports,VNM,Vietnam,85,"Electrical machinery and equipment and parts thereof; sound recorders and reproducers; television image and sound recorders and reproducers, parts and accessories of such articles",51953664.0,,51953664.0,False
2023-06-01,2023,6,2,202306,M,imports,W00,World,85,"Electrical machinery and equipment and parts thereof; sound recorders and reproducers; television image and sound recorders and reproducers, parts and accessories of such articles",1982661857.0,,1982661857.0,False
2023-07-01,2023,7,3,202307,X,exports,CHN,China,85,"Electrical machinery and equipment and parts thereof; sound recorders and reproducers; television image and sound recorders and reproducers, parts and accessories of such articles",31281889.342,31281889.342,,False
2023-07-01,2023,7,3,202307,X,exports,DEU,Germany,85,"Electrical machinery and equipment and parts thereof; sound recorders and reproducers; television image and sound recorders and reproducers, parts and accessories of such articles",20248932.605,20248932.605,,False
2023-07-01,2023,7,3,202307,X,exports,JPN,Japan,85,"Electrical machinery and equipment and parts thereof; sound recorders and reproducers; television image and sound recorders and reproducers, parts and accessories of such articles",131664803.548,131664803.548,,False
2023-07-01,2023,7,3,202307,X,exports,KOR,South Korea,85,"Electrical machinery and equipment and parts thereof; sound recorders and reproducers; television image and sound recorders and reproducers, parts and accessories of such articles",50479850.891,50479850.891,,False
2023-07-01,2023,7,3,202307,X,exports,MYS,Malaysia,85,"Electrical machinery and equipment and parts thereof; sound recorders and reproducers; television image and sound recorders and reproducers, parts and accessories of such articles",30209175.489,30209175.489,,False
2023-07-01,2023,7,3,202307,X,exports,PHL,Philippines,85,"Electrical machinery and equipment and parts thereof; sound recorders and reproducers; television image and sound recorders and reproducers, parts and accessories of such articles",24005749.805,24005749.805,,False
2023-07-01,2023,7,3,202307,X,exports,SGP,Singapore,85,"Electrical machinery and equipment and parts thereof; sound recorders and reproducers; television image and sound recorders and reproducers, parts and accessories of such articles",225636037.642,225636037.642,,False
2023-07-01,2023,7,3,202307,X,exports,THA,Thailand,85,"Electrical machinery and equipment and parts thereof; sound recorders and reproducers; television image and sound recorders and reproducers, parts and accessories of such articles",28196576.843,28196576.843,,False
2023-07-01,2023,7,3,202307,X,exports,USA,United States,85,"Electrical machinery and equipment and parts thereof; sound recorders and reproducers; television image and sound recorders and reproducers, parts and accessories of such articles",321252168.238,321252168.238,,False
2023-07-01,2023,7,3,202307,X,exports,VNM,Vietnam,85,"Electrical machinery and equipment and parts thereof; sound recorders and reproducers; television image and sound recorders and reproducers, parts and accessories of such articles",25337281.729,25337281.729,,False
2023-07-01,2023,7,3,202307,X,exports,W00,World,85,"Electrical machinery and equipment and parts thereof; sound recorders and reproducers; television image and sound recorders and reproducers, parts and accessories of such articles",1237735387.223,1237735387.223,,False
2023-07-01,2023,7,3,202307,M,imports,CHN,China,85,"Electrical machinery and equipment and parts thereof; sound recorders and reproducers; television image and sound recorders and reproducers, parts and accessories of such articles",1235691416.0,,1235691416.0,False
2023-07-01,2023,7,3,202307,M,imports,DEU,Germany,85,"Electrical machinery and equipment and parts thereof; sound recorders and reproducers; television image and sound recorders and reproducers, parts and accessories of such articles",34184619.0,,34184619.0,False
2023-07-01,2023,7,3,202307,M,imports,JPN,Japan,85,"Electrical machinery and equipment and parts thereof; sound recorders and reproducers; television image and sound recorders and reproducers, parts and accessories of such articles",148797204.0,,148797204.0,False
2023-07-01,2023,7,3,202307,M,imports,KOR,South Korea,85,"Electrical machinery and equipment and parts thereof; sound recorders and reproducers; television image and sound recorders and reproducers, parts and accessories of such articles",182655302.0,,182655302.0,False
2023-07-01,2023,7,3,202307,M,imports,MYS,Malaysia,85,"Electrical machinery and equipment and parts thereof; sound recorders and reproducers; television image and sound recorders and reproducers, parts and accessories of such articles",57473464.0,,57473464.0,False
2023-07-01,2023,7,3,202307,M,imports,PHL,Philippines,85,"Electrical machinery and equipment and parts thereof; sound recorders and reproducers; television image and sound recorders and reproducers, parts and accessories of such articles",61537776.0,,61537776.0,False
2023-07-01,2023,7,3,202307,M,imports,SGP,Singapore,85,"Electrical machinery and equipment and parts thereof; sound recorders and reproducers; television image and sound recorders and reproducers, parts and accessories of such articles",111316314.0,,111316314.0,False
2023-07-01,2023,7,3,202307,M,imports,THA,Thailand,85,"Electrical machinery and equipment and parts thereof; sound recorders and reproducers; television image and sound recorders and reproducers, parts and accessories of such articles",75952604.0,,75952604.0,False
2023-07-01,2023,7,3,202307,M,imports,USA,United States,85,"Electrical machinery and equipment and parts thereof; sound recorders and reproducers; television image and sound recorders and reproducers, parts and accessories of such articles",33854304.0,,33854304.0,False
2023-07-01,2023,7,3,202307,M,imports,VNM,Vietnam,85,"Electrical machinery and equipment and parts thereof; sound recorders and reproducers; television image and sound recorders and reproducers, parts and accessories of such articles",63312800.0,,63312800.0,False
2023-07-01,2023,7,3,202307,M,imports,W00,World,85,"Electrical machinery and equipment and parts thereof; sound recorders and reproducers; television image and sound recorders and reproducers, parts and accessories of such articles",2318864512.0,,2318864512.0,False
2023-08-01,2023,8,3,202308,X,exports,CHN,China,85,"Electrical machinery and equipment and parts thereof; sound recorders and reproducers; television image and sound recorders and reproducers, parts and accessories of such articles",32828810.791,32828810.791,,False
2023-08-01,2023,8,3,202308,X,exports,DEU,Germany,85,"Electrical machinery and equipment and parts thereof; sound recorders and reproducers; television image and sound recorders and reproducers, parts and accessories of such articles",24323489.472,24323489.472,,False
2023-08-01,2023,8,3,202308,X,exports,JPN,Japan,85,"Electrical machinery and equipment and parts thereof; sound recorders and reproducers; television image and sound recorders and reproducers, parts and accessories of such articles",166192073.283,166192073.283,,False
2023-08-01,2023,8,3,202308,X,exports,KOR,South Korea,85,"Electrical machinery and equipment and parts thereof; sound recorders and reproducers; television image and sound recorders and reproducers, parts and accessories of such articles",55184179.956,55184179.956,,False
2023-08-01,2023,8,3,202308,X,exports,MYS,Malaysia,85,"Electrical machinery and equipment and parts thereof; sound recorders and reproducers; television image and sound recorders and reproducers, parts and accessories of such articles",37009708.119,37009708.119,,False
2023-08-01,2023,8,3,202308,X,exports,PHL,Philippines,85,"Electrical machinery and equipment and parts thereof; sound recorders and reproducers; television image and sound recorders and reproducers, parts and accessories of such articles",20499320.661,20499320.661,,False
2023-08-01,2023,8,3,202308,X,exports,SGP,Singapore,85,"Electrical machinery and equipment and parts thereof; sound recorders and reproducers; television image and sound recorders and reproducers, parts and accessories of such articles",228656783.39,228656783.39,,False
2023-08-01,2023,8,3,202308,X,exports,THA,Thailand,85,"Electrical machinery and equipment and parts thereof; sound recorders and reproducers; television image and sound recorders and reproducers, parts and accessories of such articles",34125036.074,34125036.074,,False
2023-08-01,2023,8,3,202308,X,exports,USA,United States,85,"Electrical machinery and equipment and parts thereof; sound recorders and reproducers; television image and sound recorders and reproducers, parts and accessories of such articles",256357778.259,256357778.259,,False
2023-08-01,2023,8,3,202308,X,exports,VNM,Vietnam,85,"Electrical machinery and equipment and parts thereof; sound recorders and reproducers; television image and sound recorders and reproducers, parts and accessories of such articles",31900355.023,31900355.023,,False
2023-08-01,2023,8,3,202308,X,exports,W00,World,85,"Electrical machinery and equipment and parts thereof; sound recorders and reproducers; television image and sound recorders and reproducers, parts and accessories of such articles",1259454168.709,1259454168.709,,False
2023-08-01,2023,8,3,202308,M,imports,CHN,China,85,"Electrical machinery and equipment and parts thereof; sound recorders and reproducers; television image and sound recorders and reproducers, parts and accessories of such articles",1076266022.0,,1076266022.0,False
2023-08-01,2023,8,3,202308,M,imports,DEU,Germany,85,"Electrical machinery and equipment and parts thereof; sound recorders and reproducers; television image and sound recorders and reproducers, parts and accessories of such articles",33586569.0,,33586569.0,False
2023-08-01,2023,8,3,202308,M,imports,JPN,Japan,85,"Electrical machinery and equipment and parts thereof; sound recorders and reproducers; television image and sound recorders and reproducers, parts and accessories of such articles",143562643.0,,143562643.0,False
2023-08-01,2023,8,3,202308,M,imports,KOR,South Korea,85,"Electrical machinery and equipment and parts thereof; sound recorders and reproducers; television image and sound recorders and reproducers, parts and accessories of such articles",124943123.0,,124943123.0,False
2023-08-01,2023,8,3,202308,M,imports,MYS,Malaysia,85,"Electrical machinery and equipment and parts thereof; sound recorders and reproducers; television image and sound recorders and reproducers, parts and accessories of such articles",59036381.0,,59036381.0,False
2023-08-01,2023,8,3,202308,M,imports,PHL,Philippines,85,"Electrical machinery and equipment and parts thereof; sound recorders and reproducers; television image and sound recorders and reproducers, parts and accessories of such articles",53111868.0,,53111868.0,False
2023-08-01,2023,8,3,202308,M,imports,SGP,Singapore,85,"Electrical machinery and equipment and parts thereof; sound recorders and reproducers; television image and sound recorders and reproducers, parts and accessories of such articles",290566128.0,,290566128.0,False
2023-08-01,2023,8,3,202308,M,imports,THA,Thailand,85,"Electrical machinery and equipment and parts thereof; sound recorders and reproducers; television image and sound recorders and reproducers, parts and accessories of such articles",81137788.0,,81137788.0,False
2023-08-01,2023,8,3,202308,M,imports,USA,United States,85,"Electrical machinery and equipment and parts thereof; sound recorders and reproducers; television image and sound recorders and reproducers, parts and accessories of such articles",34121779.0,,34121779.0,False
2023-08-01,2023,8,3,202308,M,imports,VNM,Vietnam,85,"Electrical machinery and equipment and parts thereof; sound recorders and reproducers; television image and sound recorders and reproducers, parts and accessories of such articles",64094187.0,,64094187.0,False
2023-08-01,2023,8,3,202308,M,imports,W00,World,85,"Electrical machinery and equipment and parts thereof; sound recorders and reproducers; television image and sound recorders and reproducers, parts and accessories of such articles",2266235542.0,,2266235542.0,False
2023-09-01,2023,9,3,202309,X,exports,CHN,China,85,"Electrical machinery and equipment and parts thereof; sound recorders and reproducers; television image and sound recorders and reproducers, parts and accessories of such articles",27870829.357,27870829.357,,False
2023-09-01,2023,9,3,202309,X,exports,DEU,Germany,85,"Electrical machinery and equipment and parts thereof; sound recorders and reproducers; television image and sound recorders and reproducers, parts and accessories of such articles",19134418.227,19134418.227,,False
2023-09-01,2023,9,3,202309,X,exports,JPN,Japan,85,"Electrical machinery and equipment and parts thereof; sound recorders and reproducers; television image and sound recorders and reproducers, parts and accessories of such articles",134243712.31,134243712.31,,False
2023-09-01,2023,9,3,202309,X,exports,KOR,South Korea,85,"Electrical machinery and equipment and parts thereof; sound recorders and reproducers; television image and sound recorders and reproducers, parts and accessories of such articles",57037429.38,57037429.38,,False
2023-09-01,2023,9,3,202309,X,exports,MYS,Malaysia,85,"Electrical machinery and equipment and parts thereof; sound recorders and reproducers; television image and sound recorders and reproducers, parts and accessories of such articles",44002407.817,44002407.817,,False
2023-09-01,2023,9,3,202309,X,exports,PHL,Philippines,85,"Electrical machinery and equipment and parts thereof; sound recorders and reproducers; television image and sound recorders and reproducers, parts and accessories of such articles",24653872.672,24653872.672,,False
2023-09-01,2023,9,3,202309,X,exports,SGP,Singapore,85,"Electrical machinery and equipment and parts thereof; sound recorders and reproducers; television image and sound recorders and reproducers, parts and accessories of such articles",174620955.705,174620955.705,,False
2023-09-01,2023,9,3,202309,X,exports,THA,Thailand,85,"Electrical machinery and equipment and parts thereof; sound recorders and reproducers; television image and sound recorders and reproducers, parts and accessories of such articles",31479689.431,31479689.431,,False
2023-09-01,2023,9,3,202309,X,exports,USA,United States,85,"Electrical machinery and equipment and parts thereof; sound recorders and reproducers; television image and sound recorders and reproducers, parts and accessories of such articles",281607677.944,281607677.944,,False
2023-09-01,2023,9,3,202309,X,exports,VNM,Vietnam,85,"Electrical machinery and equipment and parts thereof; sound recorders and reproducers; television image and sound recorders and reproducers, parts and accessories of such articles",28534465.449,28534465.449,,False
2023-09-01,2023,9,3,202309,X,exports,W00,World,85,"Electrical machinery and equipment and parts thereof; sound recorders and reproducers; television image and sound recorders and reproducers, parts and accessories of such articles",1162091983.977,1162091983.977,,False
2023-09-01,2023,9,3,202309,M,imports,CHN,China,85,"Electrical machinery and equipment and parts thereof; sound recorders and reproducers; television image and sound recorders and reproducers, parts and accessories of such articles",960202628.0,,960202628.0,False
2023-09-01,2023,9,3,202309,M,imports,DEU,Germany,85,"Electrical machinery and equipment and parts thereof; sound recorders and reproducers; television image and sound recorders and reproducers, parts and accessories of such articles",29020345.0,,29020345.0,False
2023-09-01,2023,9,3,202309,M,imports,JPN,Japan,85,"Electrical machinery and equipment and parts thereof; sound recorders and reproducers; television image and sound recorders and reproducers, parts and accessories of such articles",118279118.0,,118279118.0,False
2023-09-01,2023,9,3,202309,M,imports,KOR,South Korea,85,"Electrical machinery and equipment and parts thereof; sound recorders and reproducers; television image and sound recorders and reproducers, parts and accessories of such articles",135847097.0,,135847097.0,False
2023-09-01,2023,9,3,202309,M,imports,MYS,Malaysia,85,"Electrical machinery and equipment and parts thereof; sound recorders and reproducers; television image and sound recorders and reproducers, parts and accessories of such articles",45904411.0,,45904411.0,False
2023-09-01,2023,9,3,202309,M,imports,PHL,Philippines,85,"Electrical machinery and equipment and parts thereof; sound recorders and reproducers; television image and sound recorders and reproducers, parts and accessories of such articles",43877502.0,,43877502.0,False
2023-09-01,2023,9,3,202309,M,imports,SGP,Singapore,85,"Electrical machinery and equipment and parts thereof; sound recorders and reproducers; television image and sound recorders and reproducers, parts and accessories of such articles",91726003.0,,91726003.0,False
2023-09-01,2023,9,3,202309,M,imports,THA,Thailand,85,"Electrical machinery and equipment and parts thereof; sound recorders and reproducers; television image and sound recorders and reproducers, parts and accessories of such articles",64713428.0,,64713428.0,False
2023-09-01,2023,9,3,202309,M,imports,USA,United States,85,"Electrical machinery and equipment and parts thereof; sound recorders and reproducers; television image and sound recorders and reproducers, parts and accessories of such articles",26883554.0,,26883554.0,False
2023-09-01,2023,9,3,202309,M,imports,VNM,Vietnam,85,"Electrical machinery and equipment and parts thereof; sound recorders and reproducers; television image and sound recorders and reproducers, parts and accessories of such articles",55412390.0,,55412390.0,False
2023-09-01,2023,9,3,202309,M,imports,W00,World,85,"Electrical machinery and equipment and parts thereof; sound recorders and reproducers; television image and sound recorders and reproducers, parts and accessories of such articles",1850836485.0,,1850836485.0,False
2023-10-01,2023,10,4,202310,X,exports,CHN,China,85,"Electrical machinery and equipment and parts thereof; sound recorders and reproducers; television image and sound recorders and reproducers, parts and accessories of such articles",36930467.41,36930467.41,,False
2023-10-01,2023,10,4,202310,X,exports,DEU,Germany,85,"Electrical machinery and equipment and parts thereof; sound recorders and reproducers; television image and sound recorders and reproducers, parts and accessories of such articles",18029120.451,18029120.451,,False
2023-10-01,2023,10,4,202310,X,exports,JPN,Japan,85,"Electrical machinery and equipment and parts thereof; sound recorders and reproducers; television image and sound recorders and reproducers, parts and accessories of such articles",150089008.3,150089008.3,,False
2023-10-01,2023,10,4,202310,X,exports,KOR,South Korea,85,"Electrical machinery and equipment and parts thereof; sound recorders and reproducers; television image and sound recorders and reproducers, parts and accessories of such articles",63075211.318,63075211.318,,False
2023-10-01,2023,10,4,202310,X,exports,MYS,Malaysia,85,"Electrical machinery and equipment and parts thereof; sound recorders and reproducers; television image and sound recorders and reproducers, parts and accessories of such articles",30554153.71,30554153.71,,False
2023-10-01,2023,10,4,202310,X,exports,PHL,Philippines,85,"Electrical machinery and equipment and parts thereof; sound recorders and reproducers; television image and sound recorders and reproducers, parts and accessories of such articles",20820780.813,20820780.813,,False
2023-10-01,2023,10,4,202310,X,exports,SGP,Singapore,85,"Electrical machinery and equipment and parts thereof; sound recorders and reproducers; television image and sound recorders and reproducers, parts and accessories of such articles",176900159.842,176900159.842,,False
2023-10-01,2023,10,4,202310,X,exports,THA,Thailand,85,"Electrical machinery and equipment and parts thereof; sound recorders and reproducers; television image and sound recorders and reproducers, parts and accessories of such articles",35326609.653,35326609.653,,False
2023-10-01,2023,10,4,202310,X,exports,USA,United States,85,"Electrical machinery and equipment and parts thereof; sound recorders and reproducers; television image and sound recorders and reproducers, parts and accessories of such articles",225495930.658,225495930.658,,False
2023-10-01,2023,10,4,202310,X,exports,VNM,Vietnam,85,"Electrical machinery and equipment and parts thereof; sound recorders and reproducers; television image and sound recorders and reproducers, parts and accessories of such articles",28631584.269,28631584.269,,False
2023-10-01,2023,10,4,202310,X,exports,W00,World,85,"Electrical machinery and equipment and parts thereof; sound recorders and reproducers; television image and sound recorders and reproducers, parts and accessories of such articles",1073765381.119,1073765381.119,,False
2023-10-01,2023,10,4,202310,M,imports,CHN,China,85,"Electrical machinery and equipment and parts thereof; sound recorders and reproducers; television image and sound recorders and reproducers, parts and accessories of such articles",1160608518.0,,1160608518.0,False
2023-10-01,2023,10,4,202310,M,imports,DEU,Germany,85,"Electrical machinery and equipment and parts thereof; sound recorders and reproducers; television image and sound recorders and reproducers, parts and accessories of such articles",37735193.0,,37735193.0,False
2023-10-01,2023,10,4,202310,M,imports,JPN,Japan,85,"Electrical machinery and equipment and parts thereof; sound recorders and reproducers; television image and sound recorders and reproducers, parts and accessories of such articles",144946741.0,,144946741.0,False
2023-10-01,2023,10,4,202310,M,imports,KOR,South Korea,85,"Electrical machinery and equipment and parts thereof; sound recorders and reproducers; television image and sound recorders and reproducers, parts and accessories of such articles",113508374.0,,113508374.0,False
2023-10-01,2023,10,4,202310,M,imports,MYS,Malaysia,85,"Electrical machinery and equipment and parts thereof; sound recorders and reproducers; television image and sound recorders and reproducers, parts and accessories of such articles",49498276.0,,49498276.0,False
2023-10-01,2023,10,4,202310,M,imports,PHL,Philippines,85,"Electrical machinery and equipment and parts thereof; sound recorders and reproducers; television image and sound recorders and reproducers, parts and accessories of such articles",51863204.0,,51863204.0,False
2023-10-01,2023,10,4,202310,M,imports,SGP,Singapore,85,"Electrical machinery and equipment and parts thereof; sound recorders and reproducers; television image and sound recorders and reproducers, parts and accessories of such articles",159076240.0,,159076240.0,False
2023-10-01,2023,10,4,202310,M,imports,THA,Thailand,85,"Electrical machinery and equipment and parts thereof; sound recorders and reproducers; television image and sound recorders and reproducers, parts and accessories of such articles",86718596.0,,86718596.0,False
2023-10-01,2023,10,4,202310,M,imports,USA,United States,85,"Electrical machinery and equipment and parts thereof; sound recorders and reproducers; television image and sound recorders and reproducers, parts and accessories of such articles",30937231.0,,30937231.0,False
2023-10-01,2023,10,4,202310,M,imports,VNM,Vietnam,85,"Electrical machinery and equipment and parts thereof; sound recorders and reproducers; television image and sound recorders and reproducers, parts and accessories of such articles",68782135.0,,68782135.0,False
2023-10-01,2023,10,4,202310,M,imports,W00,World,85,"Electrical machinery and equipment and parts thereof; sound recorders and reproducers; television image and sound recorders and reproducers, parts and accessories of such articles",2236237012.0,,2236237012.0,False
2023-11-01,2023,11,4,202311,X,exports,CHN,China,85,"Electrical machinery and equipment and parts thereof; sound recorders and reproducers; television image and sound recorders and reproducers, parts and accessories of such articles",34374087.683,34374087.683,,False
2023-11-01,2023,11,4,202311,X,exports,DEU,Germany,85,"Electrical machinery and equipment and parts thereof; sound recorders and reproducers; television image and sound recorders and reproducers, parts and accessories of such articles",14439667.214,14439667.214,,False
2023-11-01,2023,11,4,202311,X,exports,JPN,Japan,85,"Electrical machinery and equipment and parts thereof; sound recorders and reproducers; television image and sound recorders and reproducers, parts and accessories of such articles",150572266.62,150572266.62,,False
2023-11-01,2023,11,4,202311,X,exports,KOR,South Korea,85,"Electrical machinery and equipment and parts thereof; sound recorders and reproducers; television image and sound recorders and reproducers, parts and accessories of such articles",50960516.924,50960516.924,,False
2023-11-01,2023,11,4,202311,X,exports,MYS,Malaysia,85,"Electrical machinery and equipment and parts thereof; sound recorders and reproducers; television image and sound recorders and reproducers, parts and accessories of such articles",34122150.98,34122150.98,,False
2023-11-01,2023,11,4,202311,X,exports,PHL,Philippines,85,"Electrical machinery and equipment and parts thereof; sound recorders and reproducers; television image and sound recorders and reproducers, parts and accessories of such articles",16949404.113,16949404.113,,False
2023-11-01,2023,11,4,202311,X,exports,SGP,Singapore,85,"Electrical machinery and equipment and parts thereof; sound recorders and reproducers; television image and sound recorders and reproducers, parts and accessories of such articles",177871130.299,177871130.299,,False
2023-11-01,2023,11,4,202311,X,exports,THA,Thailand,85,"Electrical machinery and equipment and parts thereof; sound recorders and reproducers; television image and sound recorders and reproducers, parts and accessories of such articles",36821886.757,36821886.757,,False
2023-11-01,2023,11,4,202311,X,exports,USA,United States,85,"Electrical machinery and equipment and parts thereof; sound recorders and reproducers; television image and sound recorders and reproducers, parts and accessories of such articles",248563018.977,248563018.977,,False
2023-11-01,2023,11,4,202311,X,exports,VNM,Vietnam,85,"Electrical machinery and equipment and parts thereof; sound recorders and reproducers; television image and sound recorders and reproducers, parts and accessories of such articles",41055806.817,41055806.817,,False
2023-11-01,2023,11,4,202311,X,exports,W00,World,85,"Electrical machinery and equipment and parts thereof; sound recorders and reproducers; television image and sound recorders and reproducers, parts and accessories of such articles",1118151521.417,1118151521.417,,False
2023-11-01,2023,11,4,202311,M,imports,CHN,China,85,"Electrical machinery and equipment and parts thereof; sound recorders and reproducers; television image and sound recorders and reproducers, parts and accessories of such articles",1179997248.0,,1179997248.0,False
2023-11-01,2023,11,4,202311,M,imports,DEU,Germany,85,"Electrical machinery and equipment and parts thereof; sound recorders and reproducers; television image and sound recorders and reproducers, parts and accessories of such articles",38188380.0,,38188380.0,False
2023-11-01,2023,11,4,202311,M,imports,JPN,Japan,85,"Electrical machinery and equipment and parts thereof; sound recorders and reproducers; television image and sound recorders and reproducers, parts and accessories of such articles",124013581.0,,124013581.0,False
2023-11-01,2023,11,4,202311,M,imports,KOR,South Korea,85,"Electrical machinery and equipment and parts thereof; sound recorders and reproducers; television image and sound recorders and reproducers, parts and accessories of such articles",136785595.0,,136785595.0,False
2023-11-01,2023,11,4,202311,M,imports,MYS,Malaysia,85,"Electrical machinery and equipment and parts thereof; sound recorders and reproducers; television image and sound recorders and reproducers, parts and accessories of such articles",48057215.0,,48057215.0,False
2023-11-01,2023,11,4,202311,M,imports,PHL,Philippines,85,"Electrical machinery and equipment and parts thereof; sound recorders and reproducers; television image and sound recorders and reproducers, parts and accessories of such articles",47968043.0,,47968043.0,False
2023-11-01,2023,11,4,202311,M,imports,SGP,Singapore,85,"Electrical machinery and equipment and parts thereof; sound recorders and reproducers; television image and sound recorders and reproducers, parts and accessories of such articles",167790845.0,,167790845.0,False
2023-11-01,2023,11,4,202311,M,imports,THA,Thailand,85,"Electrical machinery and equipment and parts thereof; sound recorders and reproducers; television image and sound recorders and reproducers, parts and accessories of such articles",75574027.0,,75574027.0,False
2023-11-01,2023,11,4,202311,M,imports,USA,United States,85,"Electrical machinery and equipment and parts thereof; sound recorders and reproducers; television image and sound recorders and reproducers, parts and accessories of such articles",58121348.0,,58121348.0,False
2023-11-01,2023,11,4,202311,M,imports,VNM,Vietnam,85,"Electrical machinery and equipment and parts thereof; sound recorders and reproducers; television image and sound recorders and reproducers, parts and accessories of such articles",63941462.0,,63941462.0,False
2023-11-01,2023,11,4,202311,M,imports,W00,World,85,"Electrical machinery and equipment and parts thereof; sound recorders and reproducers; television image and sound recorders and reproducers, parts and accessories of such articles",2235248652.0,,2235248652.0,False
2023-12-01,2023,12,4,202312,X,exports,CHN,China,85,"Electrical machinery and equipment and parts thereof; sound recorders and reproducers; television image and sound recorders and reproducers, parts and accessories of such articles",24053490.493,24053490.493,,False
2023-12-01,2023,12,4,202312,X,exports,DEU,Germany,85,"Electrical machinery and equipment and parts thereof; sound recorders and reproducers; television image and sound recorders and reproducers, parts and accessories of such articles",15578352.801,15578352.801,,False
2023-12-01,2023,12,4,202312,X,exports,JPN,Japan,85,"Electrical machinery and equipment and parts thereof; sound recorders and reproducers; television image and sound recorders and reproducers, parts and accessories of such articles",130109436.679,130109436.679,,False
2023-12-01,2023,12,4,202312,X,exports,KOR,South Korea,85,"Electrical machinery and equipment and parts thereof; sound recorders and reproducers; television image and sound recorders and reproducers, parts and accessories of such articles",64175163.813,64175163.813,,False
2023-12-01,2023,12,4,202312,X,exports,MYS,Malaysia,85,"Electrical machinery and equipment and parts thereof; sound recorders and reproducers; television image and sound recorders and reproducers, parts and accessories of such articles",39796747.67,39796747.67,,False
2023-12-01,2023,12,4,202312,X,exports,PHL,Philippines,85,"Electrical machinery and equipment and parts thereof; sound recorders and reproducers; television image and sound recorders and reproducers, parts and accessories of such articles",15308790.336,15308790.336,,False
2023-12-01,2023,12,4,202312,X,exports,SGP,Singapore,85,"Electrical machinery and equipment and parts thereof; sound recorders and reproducers; television image and sound recorders and reproducers, parts and accessories of such articles",164151002.35,164151002.35,,False
2023-12-01,2023,12,4,202312,X,exports,THA,Thailand,85,"Electrical machinery and equipment and parts thereof; sound recorders and reproducers; television image and sound recorders and reproducers, parts and accessories of such articles",24134518.595,24134518.595,,False
2023-12-01,2023,12,4,202312,X,exports,USA,United States,85,"Electrical machinery and equipment and parts thereof; sound recorders and reproducers; television image and sound recorders and reproducers, parts and accessories of such articles",240894269.402,240894269.402,,False
2023-12-01,2023,12,4,202312,X,exports,VNM,Vietnam,85,"Electrical machinery and equipment and parts thereof; sound recorders and reproducers; television image and sound recorders and reproducers, parts and accessories of such articles",28351567.369,28351567.369,,False
2023-12-01,2023,12,4,202312,X,exports,W00,World,85,"Electrical machinery and equipment and parts thereof; sound recorders and reproducers; television image and sound recorders and reproducers, parts and accessories of such articles",1087467899.794,1087467899.794,,False
2023-12-01,2023,12,4,202312,M,imports,CHN,China,85,"Electrical machinery and equipment and parts thereof; sound recorders and reproducers; television image and sound recorders and reproducers, parts and accessories of such articles",1061075786.0,,1061075786.0,False
2023-12-01,2023,12,4,202312,M,imports,DEU,Germany,85,"Electrical machinery and equipment and parts thereof; sound recorders and reproducers; television image and sound recorders and reproducers, parts and accessories of such articles",31671031.0,,31671031.0,False
2023-12-01,2023,12,4,202312,M,imports,JPN,Japan,85,"Electrical machinery and equipment and parts thereof; sound recorders and reproducers; television image and sound recorders and reproducers, parts and accessories of such articles",126304246.0,,126304246.0,False
2023-12-01,2023,12,4,202312,M,imports,KOR,South Korea,85,"Electrical machinery and equipment and parts thereof; sound recorders and reproducers; television image and sound recorders and reproducers, parts and accessories of such articles",135902582.0,,135902582.0,False
2023-12-01,2023,12,4,202312,M,imports,MYS,Malaysia,85,"Electrical machinery and equipment and parts thereof; sound recorders and reproducers; television image and sound recorders and reproducers, parts and accessories of such articles",45705697.0,,45705697.0,False
2023-12-01,2023,12,4,202312,M,imports,PHL,Philippines,85,"Electrical machinery and equipment and parts thereof; sound recorders and reproducers; television image and sound recorders and reproducers, parts and accessories of such articles",47260985.0,,47260985.0,False
2023-12-01,2023,12,4,202312,M,imports,SGP,Singapore,85,"Electrical machinery and equipment and parts thereof; sound recorders and reproducers; television image and sound recorders and reproducers, parts and accessories of such articles",119116260.0,,119116260.0,False
2023-12-01,2023,12,4,202312,M,imports,THA,Thailand,85,"Electrical machinery and equipment and parts thereof; sound recorders and reproducers; television image and sound recorders and reproducers, parts and accessories of such articles",66849305.0,,66849305.0,False
2023-12-01,2023,12,4,202312,M,imports,USA,United States,85,"Electrical machinery and equipment and parts thereof; sound recorders and reproducers; television image and sound recorders and reproducers, parts and accessories of such articles",30106072.0,,30106072.0,False
2023-12-01,2023,12,4,202312,M,imports,VNM,Vietnam,85,"Electrical machinery and equipment and parts thereof; sound recorders and reproducers; television image and sound recorders and reproducers, parts and accessories of such articles",64005184.0,,64005184.0,False
2023-12-01,2023,12,4,202312,M,imports,W00,World,85,"Electrical machinery and equipment and parts thereof; sound recorders and reproducers; television image and sound recorders and reproducers, parts and accessories of such articles",1968264190.0,,1968264190.0,False
2024-01-01,2024,1,1,202401,X,exports,CHN,China,85,"Electrical machinery and equipment and parts thereof; sound recorders and reproducers; television image and sound recorders and reproducers, parts and accessories of such articles",22991821.876,22991821.876,,False
2024-01-01,2024,1,1,202401,X,exports,DEU,Germany,85,"Electrical machinery and equipment and parts thereof; sound recorders and reproducers; television image and sound recorders and reproducers, parts and accessories of such articles",18249970.165,18249970.165,,False
2024-01-01,2024,1,1,202401,X,exports,JPN,Japan,85,"Electrical machinery and equipment and parts thereof; sound recorders and reproducers; television image and sound recorders and reproducers, parts and accessories of such articles",137205196.942,137205196.942,,False
2024-01-01,2024,1,1,202401,X,exports,KOR,South Korea,85,"Electrical machinery and equipment and parts thereof; sound recorders and reproducers; television image and sound recorders and reproducers, parts and accessories of such articles",62333735.087,62333735.087,,False
2024-01-01,2024,1,1,202401,X,exports,MYS,Malaysia,85,"Electrical machinery and equipment and parts thereof; sound recorders and reproducers; television image and sound recorders and reproducers, parts and accessories of such articles",30059073.821,30059073.821,,False
2024-01-01,2024,1,1,202401,X,exports,PHL,Philippines,85,"Electrical machinery and equipment and parts thereof; sound recorders and reproducers; television image and sound recorders and reproducers, parts and accessories of such articles",18898900.726,18898900.726,,False
2024-01-01,2024,1,1,202401,X,exports,SGP,Singapore,85,"Electrical machinery and equipment and parts thereof; sound recorders and reproducers; television image and sound recorders and reproducers, parts and accessories of such articles",147022441.122,147022441.122,,False
2024-01-01,2024,1,1,202401,X,exports,THA,Thailand,85,"Electrical machinery and equipment and parts thereof; sound recorders and reproducers; television image and sound recorders and reproducers, parts and accessories of such articles",35324231.741,35324231.741,,False
2024-01-01,2024,1,1,202401,X,exports,USA,United States,85,"Electrical machinery and equipment and parts thereof; sound recorders and reproducers; television image and sound recorders and reproducers, parts and accessories of such articles",287885544.614,287885544.614,,False
2024-01-01,2024,1,1,202401,X,exports,VNM,Vietnam,85,"Electrical machinery and equipment and parts thereof; sound recorders and reproducers; television image and sound recorders and reproducers, parts and accessories of such articles",26359422.822,26359422.822,,False
2024-01-01,2024,1,1,202401,X,exports,W00,World,85,"Electrical machinery and equipment and parts thereof; sound recorders and reproducers; television image and sound recorders and reproducers, parts and accessories of such articles",1098222426.769,1098222426.769,,False
2024-01-01,2024,1,1,202401,M,imports,CHN,China,85,"Electrical machinery and equipment and parts thereof; sound recorders and reproducers; television image and sound recorders and reproducers, parts and accessories of such articles",1308824177.0,,1308824177.0,False
2024-01-01,2024,1,1,202401,M,imports,DEU,Germany,85,"Electrical machinery and equipment and parts thereof; sound recorders and reproducers; television image and sound recorders and reproducers, parts and accessories of such articles",30108398.0,,30108398.0,False
2024-01-01,2024,1,1,202401,M,imports,JPN,Japan,85,"Electrical machinery and equipment and parts thereof; sound recorders and reproducers; television image and sound recorders and reproducers, parts and accessories of such articles",108684285.0,,108684285.0,False
2024-01-01,2024,1,1,202401,M,imports,KOR,South Korea,85,"Electrical machinery and equipment and parts thereof; sound recorders and reproducers; television image and sound recorders and reproducers, parts and accessories of such articles",134673405.0,,134673405.0,False
2024-01-01,2024,1,1,202401,M,imports,MYS,Malaysia,85,"Electrical machinery and equipment and parts thereof; sound recorders and reproducers; television image and sound recorders and reproducers, parts and accessories of such articles",54099319.0,,54099319.0,False
2024-01-01,2024,1,1,202401,M,imports,PHL,Philippines,85,"Electrical machinery and equipment and parts thereof; sound recorders and reproducers; television image and sound recorders and reproducers, parts and accessories of such articles",38047941.0,,38047941.0,False
2024-01-01,2024,1,1,202401,M,imports,SGP,Singapore,85,"Electrical machinery and equipment and parts thereof; sound recorders and reproducers; television image and sound recorders and reproducers, parts and accessories of such articles",113930183.0,,113930183.0,False
2024-01-01,2024,1,1,202401,M,imports,THA,Thailand,85,"Electrical machinery and equipment and parts thereof; sound recorders and reproducers; television image and sound recorders and reproducers, parts and accessories of such articles",67046774.0,,67046774.0,False
2024-01-01,2024,1,1,202401,M,imports,USA,United States,85,"Electrical machinery and equipment and parts thereof; sound recorders and reproducers; television image and sound recorders and reproducers, parts and accessories of such articles",37352222.0,,37352222.0,False
2024-01-01,2024,1,1,202401,M,imports,VNM,Vietnam,85,"Electrical machinery and equipment and parts thereof; sound recorders and reproducers; television image and sound recorders and reproducers, parts and accessories of such articles",94279025.0,,94279025.0,False
2024-01-01,2024,1,1,202401,M,imports,W00,World,85,"Electrical machinery and equipment and parts thereof; sound recorders and reproducers; television image and sound recorders and reproducers, parts and accessories of such articles",2315437810.0,,2315437810.0,False
2024-02-01,2024,2,1,202402,X,exports,CHN,China,85,"Electrical machinery and equipment and parts thereof; sound recorders and reproducers; television image and sound recorders and reproducers, parts and accessories of such articles",24001301.433,24001301.433,,False
2024-02-01,2024,2,1,202402,X,exports,DEU,Germany,85,"Electrical machinery and equipment and parts thereof; sound recorders and reproducers; television image and sound recorders and reproducers, parts and accessories of such articles",15004930.806,15004930.806,,False
2024-02-01,2024,2,1,202402,X,exports,JPN,Japan,85,"Electrical machinery and equipment and parts thereof; sound recorders and reproducers; television image and sound recorders and reproducers, parts and accessories of such articles",126598771.961,126598771.961,,False
2024-02-01,2024,2,1,202402,X,exports,KOR,South Korea,85,"Electrical machinery and equipment and parts thereof; sound recorders and reproducers; television image and sound recorders and reproducers, parts and accessories of such articles",93321456.731,93321456.731,,False
2024-02-01,2024,2,1,202402,X,exports,MYS,Malaysia,85,"Electrical machinery and equipment and parts thereof; sound recorders and reproducers; television image and sound recorders and reproducers, parts and accessories of such articles",45709711.623,45709711.623,,False
2024-02-01,2024,2,1,202402,X,exports,PHL,Philippines,85,"Electrical machinery and equipment and parts thereof; sound recorders and reproducers; television image and sound recorders and reproducers, parts and accessories of such articles",18667352.861,18667352.861,,False
2024-02-01,2024,2,1,202402,X,exports,SGP,Singapore,85,"Electrical machinery and equipment and parts thereof; sound recorders and reproducers; television image and sound recorders and reproducers, parts and accessories of such articles",131975832.532,131975832.532,,False
2024-02-01,2024,2,1,202402,X,exports,THA,Thailand,85,"Electrical machinery and equipment and parts thereof; sound recorders and reproducers; television image and sound recorders and reproducers, parts and accessories of such articles",35753858.286,35753858.286,,False
2024-02-01,2024,2,1,202402,X,exports,USA,United States,85,"Electrical machinery and equipment and parts thereof; sound recorders and reproducers; television image and sound recorders and reproducers, parts and accessories of such articles",330284080.359,330284080.359,,False
2024-02-01,2024,2,1,202402,X,exports,VNM,Vietnam,85,"Electrical machinery and equipment and parts thereof; sound recorders and reproducers; television image and sound recorders and reproducers, parts and accessories of such articles",22555565.598,22555565.598,,False
2024-02-01,2024,2,1,202402,X,exports,W00,World,85,"Electrical machinery and equipment and parts thereof; sound recorders and reproducers; television image and sound recorders and reproducers, parts and accessories of such articles",1168433179.347,1168433179.347,,False
2024-02-01,2024,2,1,202402,M,imports,CHN,China,85,"Electrical machinery and equipment and parts thereof; sound recorders and reproducers; television image and sound recorders and reproducers, parts and accessories of such articles",1286426274.0,,1286426274.0,False
2024-02-01,2024,2,1,202402,M,imports,DEU,Germany,85,"Electrical machinery and equipment and parts thereof; sound recorders and reproducers; television image and sound recorders and reproducers, parts and accessories of such articles",23576522.0,,23576522.0,False
2024-02-01,2024,2,1,202402,M,imports,JPN,Japan,85,"Electrical machinery and equipment and parts thereof; sound recorders and reproducers; television image and sound recorders and reproducers, parts and accessories of such articles",110892808.0,,110892808.0,False
2024-02-01,2024,2,1,202402,M,imports,KOR,South Korea,85,"Electrical machinery and equipment and parts thereof; sound recorders and reproducers; television image and sound recorders and reproducers, parts and accessories of such articles",128617999.0,,128617999.0,False
2024-02-01,2024,2,1,202402,M,imports,MYS,Malaysia,85,"Electrical machinery and equipment and parts thereof; sound recorders and reproducers; television image and sound recorders and reproducers, parts and accessories of such articles",48716021.0,,48716021.0,False
2024-02-01,2024,2,1,202402,M,imports,PHL,Philippines,85,"Electrical machinery and equipment and parts thereof; sound recorders and reproducers; television image and sound recorders and reproducers, parts and accessories of such articles",45196803.0,,45196803.0,False
2024-02-01,2024,2,1,202402,M,imports,SGP,Singapore,85,"Electrical machinery and equipment and parts thereof; sound recorders and reproducers; television image and sound recorders and reproducers, parts and accessories of such articles",101850109.0,,101850109.0,False
2024-02-01,2024,2,1,202402,M,imports,THA,Thailand,85,"Electrical machinery and equipment and parts thereof; sound recorders and reproducers; television image and sound recorders and reproducers, parts and accessories of such articles",65638575.0,,65638575.0,False
2024-02-01,2024,2,1,202402,M,imports,USA,United States,85,"Electrical machinery and equipment and parts thereof; sound recorders and reproducers; television image and sound recorders and reproducers, parts and accessories of such articles",34182355.0,,34182355.0,False
2024-02-01,2024,2,1,202402,M,imports,VNM,Vietnam,85,"Electrical machinery and equipment and parts thereof; sound recorders and reproducers; television image and sound recorders and reproducers, parts and accessories of such articles",85825562.0,,85825562.0,False
2024-02-01,2024,2,1,202402,M,imports,W00,World,85,"Electrical machinery and equipment and parts thereof; sound recorders and reproducers; television image and sound recorders and reproducers, parts and accessories of such articles",2260790007.0,,2260790007.0,False
2024-03-01,2024,3,1,202403,X,exports,CHN,China,85,"Electrical machinery and equipment and parts thereof; sound recorders and reproducers; television image and sound recorders and reproducers, parts and accessories of such articles",35566326.59,35566326.59,,False
2024-03-01,2024,3,1,202403,X,exports,DEU,Germany,85,"Electrical machinery and equipment and parts thereof; sound recorders and reproducers; television image and sound recorders and reproducers, parts and accessories of such articles",16430692.126,16430692.126,,False
2024-03-01,2024,3,1,202403,X,exports,JPN,Japan,85,"Electrical machinery and equipment and parts thereof; sound recorders and reproducers; television image and sound recorders and reproducers, parts and accessories of such articles",141144429.413,141144429.413,,False
2024-03-01,2024,3,1,202403,X,exports,KOR,South Korea,85,"Electrical machinery and equipment and parts thereof; sound recorders and reproducers; television image and sound recorders and reproducers, parts and accessories of such articles",58529800.379,58529800.379,,False
2024-03-01,2024,3,1,202403,X,exports,MYS,Malaysia,85,"Electrical machinery and equipment and parts thereof; sound recorders and reproducers; television image and sound recorders and reproducers, parts and accessories of such articles",29373880.152,29373880.152,,False
2024-03-01,2024,3,1,202403,X,exports,PHL,Philippines,85,"Electrical machinery and equipment and parts thereof; sound recorders and reproducers; television image and sound recorders and reproducers, parts and accessories of such articles",17859324.467,17859324.467,,False
2024-03-01,2024,3,1,202403,X,exports,SGP,Singapore,85,"Electrical machinery and equipment and parts thereof; sound recorders and reproducers; television image and sound recorders and reproducers, parts and accessories of such articles",157793199.655,157793199.655,,False
2024-03-01,2024,3,1,202403,X,exports,THA,Thailand,85,"Electrical machinery and equipment and parts thereof; sound recorders and reproducers; television image and sound recorders and reproducers, parts and accessories of such articles",30953456.099,30953456.099,,False
2024-03-01,2024,3,1,202403,X,exports,USA,United States,85,"Electrical machinery and equipment and parts thereof; sound recorders and reproducers; television image and sound recorders and reproducers, parts and accessories of such articles",425135416.467,425135416.467,,False
2024-03-01,2024,3,1,202403,X,exports,VNM,Vietnam,85,"Electrical machinery and equipment and parts thereof; sound recorders and reproducers; television image and sound recorders and reproducers, parts and accessories of such articles",26663790.703,26663790.703,,False
2024-03-01,2024,3,1,202403,X,exports,W00,World,85,"Electrical machinery and equipment and parts thereof; sound recorders and reproducers; television image and sound recorders and reproducers, parts and accessories of such articles",1317321808.517,1317321808.517,,False
2024-03-01,2024,3,1,202403,M,imports,CHN,China,85,"Electrical machinery and equipment and parts thereof; sound recorders and reproducers; television image and sound recorders and reproducers, parts and accessories of such articles",1154573972.0,,1154573972.0,False
2024-03-01,2024,3,1,202403,M,imports,DEU,Germany,85,"Electrical machinery and equipment and parts thereof; sound recorders and reproducers; television image and sound recorders and reproducers, parts and accessories of such articles",22725065.0,,22725065.0,False
2024-03-01,2024,3,1,202403,M,imports,JPN,Japan,85,"Electrical machinery and equipment and parts thereof; sound recorders and reproducers; television image and sound recorders and reproducers, parts and accessories of such articles",102444167.0,,102444167.0,False
2024-03-01,2024,3,1,202403,M,imports,KOR,South Korea,85,"Electrical machinery and equipment and parts thereof; sound recorders and reproducers; television image and sound recorders and reproducers, parts and accessories of such articles",355337111.0,,355337111.0,False
2024-03-01,2024,3,1,202403,M,imports,MYS,Malaysia,85,"Electrical machinery and equipment and parts thereof; sound recorders and reproducers; television image and sound recorders and reproducers, parts and accessories of such articles",41739797.0,,41739797.0,False
2024-03-01,2024,3,1,202403,M,imports,PHL,Philippines,85,"Electrical machinery and equipment and parts thereof; sound recorders and reproducers; television image and sound recorders and reproducers, parts and accessories of such articles",47403687.0,,47403687.0,False
2024-03-01,2024,3,1,202403,M,imports,SGP,Singapore,85,"Electrical machinery and equipment and parts thereof; sound recorders and reproducers; television image and sound recorders and reproducers, parts and accessories of such articles",101665642.0,,101665642.0,False
2024-03-01,2024,3,1,202403,M,imports,THA,Thailand,85,"Electrical machinery and equipment and parts thereof; sound recorders and reproducers; television image and sound recorders and reproducers, parts and accessories of such articles",58584841.0,,58584841.0,False
2024-03-01,2024,3,1,202403,M,imports,USA,United States,85,"Electrical machinery and equipment and parts thereof; sound recorders and reproducers; television image and sound recorders and reproducers, parts and accessories of such articles",44063623.0,,44063623.0,False
2024-03-01,2024,3,1,202403,M,imports,VNM,Vietnam,85,"Electrical machinery and equipment and parts thereof; sound recorders and reproducers; television image and sound recorders and reproducers, parts and accessories of such articles",59583196.0,,59583196.0,False
2024-03-01,2024,3,1,202403,M,imports,W00,World,85,"Electrical machinery and equipment and parts thereof; sound recorders and reproducers; television image and sound recorders and reproducers, parts and accessories of such articles",2291047348.0,,2291047348.0,False
2024-04-01,2024,4,2,202404,X,exports,CHN,China,85,"Electrical machinery and equipment and parts thereof; sound recorders and reproducers; television image and sound recorders and reproducers, parts and accessories of such articles",25439655.451,25439655.451,,False
2024-04-01,2024,4,2,202404,X,exports,DEU,Germany,85,"Electrical machinery and equipment and parts thereof; sound recorders and reproducers; television image and sound recorders and reproducers, parts and accessories of such articles",12998457.886,12998457.886,,False
2024-04-01,2024,4,2,202404,X,exports,JPN,Japan,85,"Electrical machinery and equipment and parts thereof; sound recorders and reproducers; television image and sound recorders and reproducers, parts and accessories of such articles",111934726.483,111934726.483,,False
2024-04-01,2024,4,2,202404,X,exports,KOR,South Korea,85,"Electrical machinery and equipment and parts thereof; sound recorders and reproducers; television image and sound recorders and reproducers, parts and accessories of such articles",51947271.486,51947271.486,,False
2024-04-01,2024,4,2,202404,X,exports,MYS,Malaysia,85,"Electrical machinery and equipment and parts thereof; sound recorders and reproducers; television image and sound recorders and reproducers, parts and accessories of such articles",26339816.249,26339816.249,,False
2024-04-01,2024,4,2,202404,X,exports,PHL,Philippines,85,"Electrical machinery and equipment and parts thereof; sound recorders and reproducers; television image and sound recorders and reproducers, parts and accessories of such articles",14281481.863,14281481.863,,False
2024-04-01,2024,4,2,202404,X,exports,SGP,Singapore,85,"Electrical machinery and equipment and parts thereof; sound recorders and reproducers; television image and sound recorders and reproducers, parts and accessories of such articles",129282092.28,129282092.28,,False
2024-04-01,2024,4,2,202404,X,exports,THA,Thailand,85,"Electrical machinery and equipment and parts thereof; sound recorders and reproducers; television image and sound recorders and reproducers, parts and accessories of such articles",24033251.077,24033251.077,,False
2024-04-01,2024,4,2,202404,X,exports,USA,United States,85,"Electrical machinery and equipment and parts thereof; sound recorders and reproducers; television image and sound recorders and reproducers, parts and accessories of such articles",289481292.158,289481292.158,,False
2024-04-01,2024,4,2,202404,X,exports,VNM,Vietnam,85,"Electrical machinery and equipment and parts thereof; sound recorders and reproducers; television image and sound recorders and reproducers, parts and accessories of such articles",20953431.582,20953431.582,,False
2024-04-01,2024,4,2,202404,X,exports,W00,World,85,"Electrical machinery and equipment and parts thereof; sound recorders and reproducers; television image and sound recorders and reproducers, parts and accessories of such articles",991170686.25,991170686.25,,False
2024-04-01,2024,4,2,202404,M,imports,CHN,China,85,"Electrical machinery and equipment and parts thereof; sound recorders and reproducers; television image and sound recorders and reproducers, parts and accessories of such articles",1169543749.0,,1169543749.0,False
2024-04-01,2024,4,2,202404,M,imports,DEU,Germany,85,"Electrical machinery and equipment and parts thereof; sound recorders and reproducers; television image and sound recorders and reproducers, parts and accessories of such articles",25855467.0,,25855467.0,False
2024-04-01,2024,4,2,202404,M,imports,JPN,Japan,85,"Electrical machinery and equipment and parts thereof; sound recorders and reproducers; television image and sound recorders and reproducers, parts and accessories of such articles",111378375.0,,111378375.0,False
2024-04-01,2024,4,2,202404,M,imports,KOR,South Korea,85,"Electrical machinery and equipment and parts thereof; sound recorders and reproducers; television image and sound recorders and reproducers, parts and accessories of such articles",132495683.0,,132495683.0,False
2024-04-01,2024,4,2,202404,M,imports,MYS,Malaysia,85,"Electrical machinery and equipment and parts thereof; sound recorders and reproducers; television image and sound recorders and reproducers, parts and accessories of such articles",41042691.0,,41042691.0,False
2024-04-01,2024,4,2,202404,M,imports,PHL,Philippines,85,"Electrical machinery and equipment and parts thereof; sound recorders and reproducers; television image and sound recorders and reproducers, parts and accessories of such articles",51597636.0,,51597636.0,False
2024-04-01,2024,4,2,202404,M,imports,SGP,Singapore,85,"Electrical machinery and equipment and parts thereof; sound recorders and reproducers; television image and sound recorders and reproducers, parts and accessories of such articles",202738849.0,,202738849.0,False
2024-04-01,2024,4,2,202404,M,imports,THA,Thailand,85,"Electrical machinery and equipment and parts thereof; sound recorders and reproducers; television image and sound recorders and reproducers, parts and accessories of such articles",51573786.0,,51573786.0,False
2024-04-01,2024,4,2,202404,M,imports,USA,United States,85,"Electrical machinery and equipment and parts thereof; sound recorders and reproducers; television image and sound recorders and reproducers, parts and accessories of such articles",28491745.0,,28491745.0,False
2024-04-01,2024,4,2,202404,M,imports,VNM,Vietnam,85,"Electrical machinery and equipment and parts thereof; sound recorders and reproducers; television image and sound recorders and reproducers, parts and accessories of such articles",57414781.0,,57414781.0,False
2024-04-01,2024,4,2,202404,M,imports,W00,World,85,"Electrical machinery and equipment and parts thereof; sound recorders and reproducers; television image and sound recorders and reproducers, parts and accessories of such articles",2157333938.0,,2157333938.0,False
2024-05-01,2024,5,2,202405,X,exports,CHN,China,85,"Electrical machinery and equipment and parts thereof; sound recorders and reproducers; television image and sound recorders and reproducers, parts and accessories of such articles",40505508.039,40505508.039,,False
2024-05-01,2024,5,2,202405,X,exports,DEU,Germany,85,"Electrical machinery and equipment and parts thereof; sound recorders and reproducers; television image and sound recorders and reproducers, parts and accessories of such articles",18915995.229,18915995.229,,False
2024-05-01,2024,5,2,202405,X,exports,JPN,Japan,85,"Electrical machinery and equipment and parts thereof; sound recorders and reproducers; television image and sound recorders and reproducers, parts and accessories of such articles",154024738.854,154024738.854,,False
2024-05-01,2024,5,2,202405,X,exports,KOR,South Korea,85,"Electrical machinery and equipment and parts thereof; sound recorders and reproducers; television image and sound recorders and reproducers, parts and accessories of such articles",75785063.055,75785063.055,,False
2024-05-01,2024,5,2,202405,X,exports,MYS,Malaysia,85,"Electrical machinery and equipment and parts thereof; sound recorders and reproducers; television image and sound recorders and reproducers, parts and accessories of such articles",51589060.077,51589060.077,,False
2024-05-01,2024,5,2,202405,X,exports,PHL,Philippines,85,"Electrical machinery and equipment and parts thereof; sound recorders and reproducers; television image and sound recorders and reproducers, parts and accessories of such articles",20996174.45,20996174.45,,False
2024-05-01,2024,5,2,202405,X,exports,SGP,Singapore,85,"Electrical machinery and equipment and parts thereof; sound recorders and reproducers; television image and sound recorders and reproducers, parts and accessories of such articles",147117555.853,147117555.853,,False
2024-05-01,2024,5,2,202405,X,exports,THA,Thailand,85,"Electrical machinery and equipment and parts thereof; sound recorders and reproducers; television image and sound recorders and reproducers, parts and accessories of such articles",31288781.557,31288781.557,,False
2024-05-01,2024,5,2,202405,X,exports,USA,United States,85,"Electrical machinery and equipment and parts thereof; sound recorders and reproducers; television image and sound recorders and reproducers, parts and accessories of such articles",348031387.745,348031387.745,,False
2024-05-01,2024,5,2,202405,X,exports,VNM,Vietnam,85,"Electrical machinery and equipment and parts thereof; sound recorders and reproducers; television image and sound recorders and reproducers, parts and accessories of such articles",31291041.471,31291041.471,,False
2024-05-01,2024,5,2,202405,X,exports,W00,World,85,"Electrical machinery and equipment and parts thereof; sound recorders and reproducers; television image and sound recorders and reproducers, parts and accessories of such articles",1285723582.932,1285723582.932,,False
2024-05-01,2024,5,2,202405,M,imports,CHN,China,85,"Electrical machinery and equipment and parts thereof; sound recorders and reproducers; television image and sound recorders and reproducers, parts and accessories of such articles",1304678248.0,,1304678248.0,False
2024-05-01,2024,5,2,202405,M,imports,DEU,Germany,85,"Electrical machinery and equipment and parts thereof; sound recorders and reproducers; television image and sound recorders and reproducers, parts and accessories of such articles",30814499.0,,30814499.0,False
2024-05-01,2024,5,2,202405,M,imports,JPN,Japan,85,"Electrical machinery and equipment and parts thereof; sound recorders and reproducers; television image and sound recorders and reproducers, parts and accessories of such articles",108351178.0,,108351178.0,False
2024-05-01,2024,5,2,202405,M,imports,KOR,South Korea,85,"Electrical machinery and equipment and parts thereof; sound recorders and reproducers; television image and sound recorders and reproducers, parts and accessories of such articles",128905394.0,,128905394.0,False
2024-05-01,2024,5,2,202405,M,imports,MYS,Malaysia,85,"Electrical machinery and equipment and parts thereof; sound recorders and reproducers; television image and sound recorders and reproducers, parts and accessories of such articles",46235883.0,,46235883.0,False
2024-05-01,2024,5,2,202405,M,imports,PHL,Philippines,85,"Electrical machinery and equipment and parts thereof; sound recorders and reproducers; television image and sound recorders and reproducers, parts and accessories of such articles",41050280.0,,41050280.0,False
2024-05-01,2024,5,2,202405,M,imports,SGP,Singapore,85,"Electrical machinery and equipment and parts thereof; sound recorders and reproducers; television image and sound recorders and reproducers, parts and accessories of such articles",149288336.0,,149288336.0,False
2024-05-01,2024,5,2,202405,M,imports,THA,Thailand,85,"Electrical machinery and equipment and parts thereof; sound recorders and reproducers; television image and sound recorders and reproducers, parts and accessories of such articles",60573161.0,,60573161.0,False
2024-05-01,2024,5,2,202405,M,imports,USA,United States,85,"Electrical machinery and equipment and parts thereof; sound recorders and reproducers; television image and sound recorders and reproducers, parts and accessories of such articles",36490076.0,,36490076.0,False
2024-05-01,2024,5,2,202405,M,imports,VNM,Vietnam,85,"Electrical machinery and equipment and parts thereof; sound recorders and reproducers; television image and sound recorders and reproducers, parts and accessories of such articles",71102416.0,,71102416.0,False
2024-05-01,2024,5,2,202405,M,imports,W00,World,85,"Electrical machinery and equipment and parts thereof; sound recorders and reproducers; television image and sound recorders and reproducers, parts and accessories of such articles",2257177382.0,,2257177382.0,False
2024-06-01,2024,6,2,202406,X,exports,CHN,China,85,"Electrical machinery and equipment and parts thereof; sound recorders and reproducers; television image and sound recorders and reproducers, parts and accessories of such articles",31487671.488,31487671.488,,False
2024-06-01,2024,6,2,202406,X,exports,DEU,Germany,85,"Electrical machinery and equipment and parts thereof; sound recorders and reproducers; television image and sound recorders and reproducers, parts and accessories of such articles",16178781.627,16178781.627,,False
2024-06-01,2024,6,2,202406,X,exports,JPN,Japan,85,"Electrical machinery and equipment and parts thereof; sound recorders and reproducers; television image and sound recorders and reproducers, parts and accessories of such articles",158160143.864,158160143.864,,False
2024-06-01,2024,6,2,202406,X,exports,KOR,South Korea,85,"Electrical machinery and equipment and parts thereof; sound recorders and reproducers; television image and sound recorders and reproducers, parts and accessories of such articles",102521811.632,102521811.632,,False
2024-06-01,2024,6,2,202406,X,exports,MYS,Malaysia,85,"Electrical machinery and equipment and parts thereof; sound recorders and reproducers; television image and sound recorders and reproducers, parts and accessories of such articles",27736677.346,27736677.346,,False
2024-06-01,2024,6,2,202406,X,exports,PHL,Philippines,85,"Electrical machinery and equipment and parts thereof; sound recorders and reproducers; television image and sound recorders and reproducers, parts and accessories of such articles",23443620.945,23443620.945,,False
2024-06-01,2024,6,2,202406,X,exports,SGP,Singapore,85,"Electrical machinery and equipment and parts thereof; sound recorders and reproducers; television image and sound recorders and reproducers, parts and accessories of such articles",135271725.826,135271725.826,,False
2024-06-01,2024,6,2,202406,X,exports,THA,Thailand,85,"Electrical machinery and equipment and parts thereof; sound recorders and reproducers; television image and sound recorders and reproducers, parts and accessories of such articles",26630868.108,26630868.108,,False
2024-06-01,2024,6,2,202406,X,exports,USA,United States,85,"Electrical machinery and equipment and parts thereof; sound recorders and reproducers; television image and sound recorders and reproducers, parts and accessories of such articles",275270829.872,275270829.872,,False
2024-06-01,2024,6,2,202406,X,exports,VNM,Vietnam,85,"Electrical machinery and equipment and parts thereof; sound recorders and reproducers; television image and sound recorders and reproducers, parts and accessories of such articles",25841691.17,25841691.17,,False
2024-06-01,2024,6,2,202406,X,exports,W00,World,85,"Electrical machinery and equipment and parts thereof; sound recorders and reproducers; television image and sound recorders and reproducers, parts and accessories of such articles",1136821362.623,1136821362.623,,False
2024-06-01,2024,6,2,202406,M,imports,CHN,China,85,"Electrical machinery and equipment and parts thereof; sound recorders and reproducers; television image and sound recorders and reproducers, parts and accessories of such articles",1096985298.0,,1096985298.0,False
2024-06-01,2024,6,2,202406,M,imports,DEU,Germany,85,"Electrical machinery and equipment and parts thereof; sound recorders and reproducers; television image and sound recorders and reproducers, parts and accessories of such articles",28261173.0,,28261173.0,False
2024-06-01,2024,6,2,202406,M,imports,JPN,Japan,85,"Electrical machinery and equipment and parts thereof; sound recorders and reproducers; television image and sound recorders and reproducers, parts and accessories of such articles",115569704.0,,115569704.0,False
2024-06-01,2024,6,2,202406,M,imports,KOR,South Korea,85,"Electrical machinery and equipment and parts thereof; sound recorders and reproducers; television image and sound recorders and reproducers, parts and accessories of such articles",154301103.0,,154301103.0,False
2024-06-01,2024,6,2,202406,M,imports,MYS,Malaysia,85,"Electrical machinery and equipment and parts thereof; sound recorders and reproducers; television image and sound recorders and reproducers, parts and accessories of such articles",44105727.0,,44105727.0,False
2024-06-01,2024,6,2,202406,M,imports,PHL,Philippines,85,"Electrical machinery and equipment and parts thereof; sound recorders and reproducers; television image and sound recorders and reproducers, parts and accessories of such articles",52950247.0,,52950247.0,False
2024-06-01,2024,6,2,202406,M,imports,SGP,Singapore,85,"Electrical machinery and equipment and parts thereof; sound recorders and reproducers; television image and sound recorders and reproducers, parts and accessories of such articles",86314038.0,,86314038.0,False
2024-06-01,2024,6,2,202406,M,imports,THA,Thailand,85,"Electrical machinery and equipment and parts thereof; sound recorders and reproducers; television image and sound recorders and reproducers, parts and accessories of such articles",64881706.0,,64881706.0,False
2024-06-01,2024,6,2,202406,M,imports,USA,United States,85,"Electrical machinery and equipment and parts thereof; sound recorders and reproducers; television image and sound recorders and reproducers, parts and accessories of such articles",37399956.0,,37399956.0,False
2024-06-01,2024,6,2,202406,M,imports,VNM,Vietnam,85,"Electrical machinery and equipment and parts thereof; sound recorders and reproducers; television image and sound recorders and reproducers, parts and accessories of such articles",67486430.0,,67486430.0,False
2024-06-01,2024,6,2,202406,M,imports,W00,World,85,"Electrical machinery and equipment and parts thereof; sound recorders and reproducers; television image and sound recorders and reproducers, parts and accessories of such articles",2003044565.0,,2003044565.0,False
2024-07-01,2024,7,3,202407,X,exports,CHN,China,85,"Electrical machinery and equipment and parts thereof; sound recorders and reproducers; television image and sound recorders and reproducers, parts and accessories of such articles",35951122.972,35951122.972,,False
2024-07-01,2024,7,3,202407,X,exports,DEU,Germany,85,"Electrical machinery and equipment and parts thereof; sound recorders and reproducers; television image and sound recorders and reproducers, parts and accessories of such articles",20697651.526,20697651.526,,False
2024-07-01,2024,7,3,202407,X,exports,JPN,Japan,85,"Electrical machinery and equipment and parts thereof; sound recorders and reproducers; television image and sound recorders and reproducers, parts and accessories of such articles",171399729.574,171399729.574,,False
2024-07-01,2024,7,3,202407,X,exports,KOR,South Korea,85,"Electrical machinery and equipment and parts thereof; sound recorders and reproducers; television image and sound recorders and reproducers, parts and accessories of such articles",120344812.626,120344812.626,,False
2024-07-01,2024,7,3,202407,X,exports,MYS,Malaysia,85,"Electrical machinery and equipment and parts thereof; sound recorders and reproducers; television image and sound recorders and reproducers, parts and accessories of such articles",24662492.714,24662492.714,,False
2024-07-01,2024,7,3,202407,X,exports,PHL,Philippines,85,"Electrical machinery and equipment and parts thereof; sound recorders and reproducers; television image and sound recorders and reproducers, parts and accessories of such articles",24342720.314,24342720.314,,False
2024-07-01,2024,7,3,202407,X,exports,SGP,Singapore,85,"Electrical machinery and equipment and parts thereof; sound recorders and reproducers; television image and sound recorders and reproducers, parts and accessories of such articles",153149359.501,153149359.501,,False
2024-07-01,2024,7,3,202407,X,exports,THA,Thailand,85,"Electrical machinery and equipment and parts thereof; sound recorders and reproducers; television image and sound recorders and reproducers, parts and accessories of such articles",25884684.804,25884684.804,,False
2024-07-01,2024,7,3,202407,X,exports,USA,United States,85,"Electrical machinery and equipment and parts thereof; sound recorders and reproducers; television image and sound recorders and reproducers, parts and accessories of such articles",343353490.254,343353490.254,,False
2024-07-01,2024,7,3,202407,X,exports,VNM,Vietnam,85,"Electrical machinery and equipment and parts thereof; sound recorders and reproducers; television image and sound recorders and reproducers, parts and accessories of such articles",30838648.05,30838648.05,,False
2024-07-01,2024,7,3,202407,X,exports,W00,World,85,"Electrical machinery and equipment and parts thereof; sound recorders and reproducers; television image and sound recorders and reproducers, parts and accessories of such articles",1308164517.405,1308164517.405,,False
2024-07-01,2024,7,3,202407,M,imports,CHN,China,85,"Electrical machinery and equipment and parts thereof; sound recorders and reproducers; television image and sound recorders and reproducers, parts and accessories of such articles",1279534275.0,,1279534275.0,False
2024-07-01,2024,7,3,202407,M,imports,DEU,Germany,85,"Electrical machinery and equipment and parts thereof; sound recorders and reproducers; television image and sound recorders and reproducers, parts and accessories of such articles",32128741.0,,32128741.0,False
2024-07-01,2024,7,3,202407,M,imports,JPN,Japan,85,"Electrical machinery and equipment and parts thereof; sound recorders and reproducers; television image and sound recorders and reproducers, parts and accessories of such articles",135254590.0,,135254590.0,False
2024-07-01,2024,7,3,202407,M,imports,KOR,South Korea,85,"Electrical machinery and equipment and parts thereof; sound recorders and reproducers; television image and sound recorders and reproducers, parts and accessories of such articles",152736901.0,,152736901.0,False
2024-07-01,2024,7,3,202407,M,imports,MYS,Malaysia,85,"Electrical machinery and equipment and parts thereof; sound recorders and reproducers; television image and sound recorders and reproducers, parts and accessories of such articles",59337098.0,,59337098.0,False
2024-07-01,2024,7,3,202407,M,imports,PHL,Philippines,85,"Electrical machinery and equipment and parts thereof; sound recorders and reproducers; television image and sound recorders and reproducers, parts and accessories of such articles",41198310.0,,41198310.0,False
2024-07-01,2024,7,3,202407,M,imports,SGP,Singapore,85,"Electrical machinery and equipment and parts thereof; sound recorders and reproducers; television image and sound recorders and reproducers, parts and accessories of such articles",161503511.0,,161503511.0,False
2024-07-01,2024,7,3,202407,M,imports,THA,Thailand,85,"Electrical machinery and equipment and parts thereof; sound recorders and reproducers; television image and sound recorders and reproducers, parts and accessories of such articles",75654756.0,,75654756.0,False
2024-07-01,2024,7,3,202407,M,imports,USA,United States,85,"Electrical machinery and equipment and parts thereof; sound recorders and reproducers; television image and sound recorders and reproducers, parts and accessories of such articles",52020003.0,,52020003.0,False
2024-07-01,2024,7,3,202407,M,imports,VNM,Vietnam,85,"Electrical machinery and equipment and parts thereof; sound recorders and reproducers; television image and sound recorders and reproducers, parts and accessories of such articles",80734080.0,,80734080.0,False
2024-07-01,2024,7,3,202407,M,imports,W00,World,85,"Electrical machinery and equipment and parts thereof; sound recorders and reproducers; television image and sound recorders and reproducers, parts and accessories of such articles",2377530134.0,,2377530134.0,False
2024-08-01,2024,8,3,202408,X,exports,CHN,China,85,"Electrical machinery and equipment and parts thereof; sound recorders and reproducers; television image and sound recorders and reproducers, parts and accessories of such articles",41146341.26,41146341.26,,False
2024-08-01,2024,8,3,202408,X,exports,DEU,Germany,85,"Electrical machinery and equipment and parts thereof; sound recorders and reproducers; television image and sound recorders and reproducers, parts and accessories of such articles",20349175.109,20349175.109,,False
2024-08-01,2024,8,3,202408,X,exports,JPN,Japan,85,"Electrical machinery and equipment and parts thereof; sound recorders and reproducers; television image and sound recorders and reproducers, parts and accessories of such articles",152280162.181,152280162.181,,False
2024-08-01,2024,8,3,202408,X,exports,KOR,South Korea,85,"Electrical machinery and equipment and parts thereof; sound recorders and reproducers; television image and sound recorders and reproducers, parts and accessories of such articles",150134727.496,150134727.496,,False
2024-08-01,2024,8,3,202408,X,exports,MYS,Malaysia,85,"Electrical machinery and equipment and parts thereof; sound recorders and reproducers; television image and sound recorders and reproducers, parts and accessories of such articles",29811385.304,29811385.304,,False
2024-08-01,2024,8,3,202408,X,exports,PHL,Philippines,85,"Electrical machinery and equipment and parts thereof; sound recorders and reproducers; television image and sound recorders and reproducers, parts and accessories of such articles",23074567.573,23074567.573,,False
2024-08-01,2024,8,3,202408,X,exports,SGP,Singapore,85,"Electrical machinery and equipment and parts thereof; sound recorders and reproducers; television image and sound recorders and reproducers, parts and accessories of such articles",154243623.731,154243623.731,,False
2024-08-01,2024,8,3,202408,X,exports,THA,Thailand,85,"Electrical machinery and equipment and parts thereof; sound recorders and reproducers; television image and sound recorders and reproducers, parts and accessories of such articles",45142950.06,45142950.06,,False
2024-08-01,2024,8,3,202408,X,exports,USA,United States,85,"Electrical machinery and equipment and parts thereof; sound recorders and reproducers; television image and sound recorders and reproducers, parts and accessories of such articles",466816748.615,466816748.615,,False
2024-08-01,2024,8,3,202408,X,exports,VNM,Vietnam,85,"Electrical machinery and equipment and parts thereof; sound recorders and reproducers; television image and sound recorders and reproducers, parts and accessories of such articles",32801363.923,32801363.923,,False
2024-08-01,2024,8,3,202408,X,exports,W00,World,85,"Electrical machinery and equipment and parts thereof; sound recorders and reproducers; television image and sound recorders and reproducers, parts and accessories of such articles",1469981817.319,1469981817.319,,False
2024-08-01,2024,8,3,202408,M,imports,CHN,China,85,"Electrical machinery and equipment and parts thereof; sound recorders and reproducers; television image and sound recorders and reproducers, parts and accessories of such articles",1257028131.0,,1257028131.0,False
2024-08-01,2024,8,3,202408,M,imports,DEU,Germany,85,"Electrical machinery and equipment and parts thereof; sound recorders and reproducers; television image and sound recorders and reproducers, parts and accessories of such articles",30082796.0,,30082796.0,False
2024-08-01,2024,8,3,202408,M,imports,JPN,Japan,85,"Electrical machinery and equipment and parts thereof; sound recorders and reproducers; television image and sound recorders and reproducers, parts and accessories of such articles",136154903.0,,136154903.0,False
2024-08-01,2024,8,3,202408,M,imports,KOR,South Korea,85,"Electrical machinery and equipment and parts thereof; sound recorders and reproducers; television image and sound recorders and reproducers, parts and accessories of such articles",135197040.0,,135197040.0,False
2024-08-01,2024,8,3,202408,M,imports,MYS,Malaysia,85,"Electrical machinery and equipment and parts thereof; sound recorders and reproducers; television image and sound recorders and reproducers, parts and accessories of such articles",52846730.0,,52846730.0,False
2024-08-01,2024,8,3,202408,M,imports,PHL,Philippines,85,"Electrical machinery and equipment and parts thereof; sound recorders and reproducers; television image and sound recorders and reproducers, parts and accessories of such articles",49204422.0,,49204422.0,False
2024-08-01,2024,8,3,202408,M,imports,SGP,Singapore,85,"Electrical machinery and equipment and parts thereof; sound recorders and reproducers; television image and sound recorders and reproducers, parts and accessories of such articles",246002286.0,,246002286.0,False
2024-08-01,2024,8,3,202408,M,imports,THA,Thailand,85,"Electrical machinery and equipment and parts thereof; sound recorders and reproducers; television image and sound recorders and reproducers, parts and accessories of such articles",72827650.0,,72827650.0,False
2024-08-01,2024,8,3,202408,M,imports,USA,United States,85,"Electrical machinery and equipment and parts thereof; sound recorders and reproducers; television image and sound recorders and reproducers, parts and accessories of such articles",42904431.0,,42904431.0,False
2024-08-01,2024,8,3,202408,M,imports,VNM,Vietnam,85,"Electrical machinery and equipment and parts thereof; sound recorders and reproducers; television image and sound recorders and reproducers, parts and accessories of such articles",71251421.0,,71251421.0,False
2024-08-01,2024,8,3,202408,M,imports,W00,World,85,"Electrical machinery and equipment and parts thereof; sound recorders and reproducers; television image and sound recorders and reproducers, parts and accessories of such articles",2375554663.0,,2375554663.0,False
2024-09-01,2024,9,3,202409,X,exports,CHN,China,85,"Electrical machinery and equipment and parts thereof; sound recorders and reproducers; television image and sound recorders and reproducers, parts and accessories of such articles",37358979.801,37358979.801,,False
2024-09-01,2024,9,3,202409,X,exports,DEU,Germany,85,"Electrical machinery and equipment and parts thereof; sound recorders and reproducers; television image and sound recorders and reproducers, parts and accessories of such articles",15391487.384,15391487.384,,False
2024-09-01,2024,9,3,202409,X,exports,JPN,Japan,85,"Electrical machinery and equipment and parts thereof; sound recorders and reproducers; television image and sound recorders and reproducers, parts and accessories of such articles",135774965.286,135774965.286,,False
2024-09-01,2024,9,3,202409,X,exports,KOR,South Korea,85,"Electrical machinery and equipment and parts thereof; sound recorders and reproducers; television image and sound recorders and reproducers, parts and accessories of such articles",129624413.623,129624413.623,,False
2024-09-01,2024,9,3,202409,X,exports,MYS,Malaysia,85,"Electrical machinery and equipment and parts thereof; sound recorders and reproducers; television image and sound recorders and reproducers, parts and accessories of such articles",28257326.807,28257326.807,,False
2024-09-01,2024,9,3,202409,X,exports,PHL,Philippines,85,"Electrical machinery and equipment and parts thereof; sound recorders and reproducers; television image and sound recorders and reproducers, parts and accessories of such articles",21360513.049,21360513.049,,False
2024-09-01,2024,9,3,202409,X,exports,SGP,Singapore,85,"Electrical machinery and equipment and parts thereof; sound recorders and reproducers; television image and sound recorders and reproducers, parts and accessories of such articles",185849132.521,185849132.521,,False
2024-09-01,2024,9,3,202409,X,exports,THA,Thailand,85,"Electrical machinery and equipment and parts thereof; sound recorders and reproducers; television image and sound recorders and reproducers, parts and accessories of such articles",29589789.975,29589789.975,,False
2024-09-01,2024,9,3,202409,X,exports,USA,United States,85,"Electrical machinery and equipment and parts thereof; sound recorders and reproducers; television image and sound recorders and reproducers, parts and accessories of such articles",323461263.781,323461263.781,,False
2024-09-01,2024,9,3,202409,X,exports,VNM,Vietnam,85,"Electrical machinery and equipment and parts thereof; sound recorders and reproducers; television image and sound recorders and reproducers, parts and accessories of such articles",25921180.962,25921180.962,,False
2024-09-01,2024,9,3,202409,X,exports,W00,World,85,"Electrical machinery and equipment and parts thereof; sound recorders and reproducers; television image and sound recorders and reproducers, parts and accessories of such articles",1285258544.855,1285258544.855,,False
2024-09-01,2024,9,3,202409,M,imports,CHN,China,85,"Electrical machinery and equipment and parts thereof; sound recorders and reproducers; television image and sound recorders and reproducers, parts and accessories of such articles",1052823787.0,,1052823787.0,False
2024-09-01,2024,9,3,202409,M,imports,DEU,Germany,85,"Electrical machinery and equipment and parts thereof; sound recorders and reproducers; television image and sound recorders and reproducers, parts and accessories of such articles",34905377.0,,34905377.0,False
2024-09-01,2024,9,3,202409,M,imports,JPN,Japan,85,"Electrical machinery and equipment and parts thereof; sound recorders and reproducers; television image and sound recorders and reproducers, parts and accessories of such articles",107754168.0,,107754168.0,False
2024-09-01,2024,9,3,202409,M,imports,KOR,South Korea,85,"Electrical machinery and equipment and parts thereof; sound recorders and reproducers; television image and sound recorders and reproducers, parts and accessories of such articles",151594089.0,,151594089.0,False
2024-09-01,2024,9,3,202409,M,imports,MYS,Malaysia,85,"Electrical machinery and equipment and parts thereof; sound recorders and reproducers; television image and sound recorders and reproducers, parts and accessories of such articles",50204120.0,,50204120.0,False
2024-09-01,2024,9,3,202409,M,imports,PHL,Philippines,85,"Electrical machinery and equipment and parts thereof; sound recorders and reproducers; television image and sound recorders and reproducers, parts and accessories of such articles",41233348.0,,41233348.0,False
2024-09-01,2024,9,3,202409,M,imports,SGP,Singapore,85,"Electrical machinery and equipment and parts thereof; sound recorders and reproducers; television image and sound recorders and reproducers, parts and accessories of such articles",104090349.0,,104090349.0,False
2024-09-01,2024,9,3,202409,M,imports,THA,Thailand,85,"Electrical machinery and equipment and parts thereof; sound recorders and reproducers; television image and sound recorders and reproducers, parts and accessories of such articles",74548571.0,,74548571.0,False
2024-09-01,2024,9,3,202409,M,imports,USA,United States,85,"Electrical machinery and equipment and parts thereof; sound recorders and reproducers; television image and sound recorders and reproducers, parts and accessories of such articles",42303364.0,,42303364.0,False
2024-09-01,2024,9,3,202409,M,imports,VNM,Vietnam,85,"Electrical machinery and equipment and parts thereof; sound recorders and reproducers; television image and sound recorders and reproducers, parts and accessories of such articles",61472591.0,,61472591.0,False
2024-09-01,2024,9,3,202409,M,imports,W00,World,85,"Electrical machinery and equipment and parts thereof; sound recorders and reproducers; television image and sound recorders and reproducers, parts and accessories of such articles",2030434537.0,,2030434537.0,False
2024-10-01,2024,10,4,202410,X,exports,CHN,China,85,"Electrical machinery and equipment and parts thereof; sound recorders and reproducers; television image and sound recorders and reproducers, parts and accessories of such articles",28218003.792,28218003.792,,False
2024-10-01,2024,10,4,202410,X,exports,DEU,Germany,85,"Electrical machinery and equipment and parts thereof; sound recorders and reproducers; television image and sound recorders and reproducers, parts and accessories of such articles",15757488.095,15757488.095,,False
2024-10-01,2024,10,4,202410,X,exports,JPN,Japan,85,"Electrical machinery and equipment and parts thereof; sound recorders and reproducers; television image and sound recorders and reproducers, parts and accessories of such articles",158632766.057,158632766.057,,False
2024-10-01,2024,10,4,202410,X,exports,KOR,South Korea,85,"Electrical machinery and equipment and parts thereof; sound recorders and reproducers; television image and sound recorders and reproducers, parts and accessories of such articles",143515755.508,143515755.508,,False
2024-10-01,2024,10,4,202410,X,exports,MYS,Malaysia,85,"Electrical machinery and equipment and parts thereof; sound recorders and reproducers; television image and sound recorders and reproducers, parts and accessories of such articles",31830402.931,31830402.931,,False
2024-10-01,2024,10,4,202410,X,exports,PHL,Philippines,85,"Electrical machinery and equipment and parts thereof; sound recorders and reproducers; television image and sound recorders and reproducers, parts and accessories of such articles",21513782.43,21513782.43,,False
2024-10-01,2024,10,4,202410,X,exports,SGP,Singapore,85,"Electrical machinery and equipment and parts thereof; sound recorders and reproducers; television image and sound recorders and reproducers, parts and accessories of such articles",184393040.737,184393040.737,,False
2024-10-01,2024,10,4,202410,X,exports,THA,Thailand,85,"Electrical machinery and equipment and parts thereof; sound recorders and reproducers; television image and sound recorders and reproducers, parts and accessories of such articles",33319643.933,33319643.933,,False
2024-10-01,2024,10,4,202410,X,exports,USA,United States,85,"Electrical machinery and equipment and parts thereof; sound recorders and reproducers; television image and sound recorders and reproducers, parts and accessories of such articles",399190449.741,399190449.741,,False
2024-10-01,2024,10,4,202410,X,exports,VNM,Vietnam,85,"Electrical machinery and equipment and parts thereof; sound recorders and reproducers; television image and sound recorders and reproducers, parts and accessories of such articles",36874058.26,36874058.26,,False
2024-10-01,2024,10,4,202410,X,exports,W00,World,85,"Electrical machinery and equipment and parts thereof; sound recorders and reproducers; television image and sound recorders and reproducers, parts and accessories of such articles",1410348889.062,1410348889.062,,False
2024-10-01,2024,10,4,202410,M,imports,CHN,China,85,"Electrical machinery and equipment and parts thereof; sound recorders and reproducers; television image and sound recorders and reproducers, parts and accessories of such articles",1118491340.0,,1118491340.0,False
2024-10-01,2024,10,4,202410,M,imports,DEU,Germany,85,"Electrical machinery and equipment and parts thereof; sound recorders and reproducers; television image and sound recorders and reproducers, parts and accessories of such articles",34856652.0,,34856652.0,False
2024-10-01,2024,10,4,202410,M,imports,JPN,Japan,85,"Electrical machinery and equipment and parts thereof; sound recorders and reproducers; television image and sound recorders and reproducers, parts and accessories of such articles",134563393.0,,134563393.0,False
2024-10-01,2024,10,4,202410,M,imports,KOR,South Korea,85,"Electrical machinery and equipment and parts thereof; sound recorders and reproducers; television image and sound recorders and reproducers, parts and accessories of such articles",119516071.0,,119516071.0,False
2024-10-01,2024,10,4,202410,M,imports,MYS,Malaysia,85,"Electrical machinery and equipment and parts thereof; sound recorders and reproducers; television image and sound recorders and reproducers, parts and accessories of such articles",60054064.0,,60054064.0,False
2024-10-01,2024,10,4,202410,M,imports,PHL,Philippines,85,"Electrical machinery and equipment and parts thereof; sound recorders and reproducers; television image and sound recorders and reproducers, parts and accessories of such articles",47742247.0,,47742247.0,False
2024-10-01,2024,10,4,202410,M,imports,SGP,Singapore,85,"Electrical machinery and equipment and parts thereof; sound recorders and reproducers; television image and sound recorders and reproducers, parts and accessories of such articles",433829289.0,,433829289.0,False
2024-10-01,2024,10,4,202410,M,imports,THA,Thailand,85,"Electrical machinery and equipment and parts thereof; sound recorders and reproducers; television image and sound recorders and reproducers, parts and accessories of such articles",76216060.0,,76216060.0,False
2024-10-01,2024,10,4,202410,M,imports,USA,United States,85,"Electrical machinery and equipment and parts thereof; sound recorders and reproducers; television image and sound recorders and reproducers, parts and accessories of such articles",47426900.0,,47426900.0,False
2024-10-01,2024,10,4,202410,M,imports,VNM,Vietnam,85,"Electrical machinery and equipment and parts thereof; sound recorders and reproducers; television image and sound recorders and reproducers, parts and accessories of such articles",71769938.0,,71769938.0,False
2024-10-01,2024,10,4,202410,M,imports,W00,World,85,"Electrical machinery and equipment and parts thereof; sound recorders and reproducers; television image and sound recorders and reproducers, parts and accessories of such articles",2625055809.0,,2625055809.0,False
2024-11-01,2024,11,4,202411,X,exports,CHN,China,85,"Electrical machinery and equipment and parts thereof; sound recorders and reproducers; television image and sound recorders and reproducers, parts and accessories of such articles",30192019.847,30192019.847,,False
2024-11-01,2024,11,4,202411,X,exports,DEU,Germany,85,"Electrical machinery and equipment and parts thereof; sound recorders and reproducers; television image and sound recorders and reproducers, parts and accessories of such articles",16472726.145,16472726.145,,False
2024-11-01,2024,11,4,202411,X,exports,JPN,Japan,85,"Electrical machinery and equipment and parts thereof; sound recorders and reproducers; television image and sound recorders and reproducers, parts and accessories of such articles",140994877.175,140994877.175,,False
2024-11-01,2024,11,4,202411,X,exports,KOR,South Korea,85,"Electrical machinery and equipment and parts thereof; sound recorders and reproducers; television image and sound recorders and reproducers, parts and accessories of such articles",140336932.62,140336932.62,,False
2024-11-01,2024,11,4,202411,X,exports,MYS,Malaysia,85,"Electrical machinery and equipment and parts thereof; sound recorders and reproducers; television image and sound recorders and reproducers, parts and accessories of such articles",29031642.835,29031642.835,,False
2024-11-01,2024,11,4,202411,X,exports,PHL,Philippines,85,"Electrical machinery and equipment and parts thereof; sound recorders and reproducers; television image and sound recorders and reproducers, parts and accessories of such articles",18435193.201,18435193.201,,False
2024-11-01,2024,11,4,202411,X,exports,SGP,Singapore,85,"Electrical machinery and equipment and parts thereof; sound recorders and reproducers; television image and sound recorders and reproducers, parts and accessories of such articles",160231348.773,160231348.773,,False
2024-11-01,2024,11,4,202411,X,exports,THA,Thailand,85,"Electrical machinery and equipment and parts thereof; sound recorders and reproducers; television image and sound recorders and reproducers, parts and accessories of such articles",31411602.382,31411602.382,,False
2024-11-01,2024,11,4,202411,X,exports,USA,United States,85,"Electrical machinery and equipment and parts thereof; sound recorders and reproducers; television image and sound recorders and reproducers, parts and accessories of such articles",366230605.433,366230605.433,,False
2024-11-01,2024,11,4,202411,X,exports,VNM,Vietnam,85,"Electrical machinery and equipment and parts thereof; sound recorders and reproducers; television image and sound recorders and reproducers, parts and accessories of such articles",47387845.451,47387845.451,,False
2024-11-01,2024,11,4,202411,X,exports,W00,World,85,"Electrical machinery and equipment and parts thereof; sound recorders and reproducers; television image and sound recorders and reproducers, parts and accessories of such articles",1345399340.688,1345399340.688,,False
2024-11-01,2024,11,4,202411,M,imports,CHN,China,85,"Electrical machinery and equipment and parts thereof; sound recorders and reproducers; television image and sound recorders and reproducers, parts and accessories of such articles",1228192660.0,,1228192660.0,False
2024-11-01,2024,11,4,202411,M,imports,DEU,Germany,85,"Electrical machinery and equipment and parts thereof; sound recorders and reproducers; television image and sound recorders and reproducers, parts and accessories of such articles",52057663.0,,52057663.0,False
2024-11-01,2024,11,4,202411,M,imports,JPN,Japan,85,"Electrical machinery and equipment and parts thereof; sound recorders and reproducers; television image and sound recorders and reproducers, parts and accessories of such articles",112872156.0,,112872156.0,False
2024-11-01,2024,11,4,202411,M,imports,KOR,South Korea,85,"Electrical machinery and equipment and parts thereof; sound recorders and reproducers; television image and sound recorders and reproducers, parts and accessories of such articles",175142502.0,,175142502.0,False
2024-11-01,2024,11,4,202411,M,imports,MYS,Malaysia,85,"Electrical machinery and equipment and parts thereof; sound recorders and reproducers; television image and sound recorders and reproducers, parts and accessories of such articles",50232734.0,,50232734.0,False
2024-11-01,2024,11,4,202411,M,imports,PHL,Philippines,85,"Electrical machinery and equipment and parts thereof; sound recorders and reproducers; television image and sound recorders and reproducers, parts and accessories of such articles",50147183.0,,50147183.0,False
2024-11-01,2024,11,4,202411,M,imports,SGP,Singapore,85,"Electrical machinery and equipment and parts thereof; sound recorders and reproducers; television image and sound recorders and reproducers, parts and accessories of such articles",91017595.0,,91017595.0,False
2024-11-01,2024,11,4,202411,M,imports,THA,Thailand,85,"Electrical machinery and equipment and parts thereof; sound recorders and reproducers; television image and sound recorders and reproducers, parts and accessories of such articles",64170186.0,,64170186.0,False
2024-11-01,2024,11,4,202411,M,imports,USA,United States,85,"Electrical machinery and equipment and parts thereof; sound recorders and reproducers; television image and sound recorders and reproducers, parts and accessories of such articles",48992363.0,,48992363.0,False
2024-11-01,2024,11,4,202411,M,imports,VNM,Vietnam,85,"Electrical machinery and equipment and parts thereof; sound recorders and reproducers; television image and sound recorders and reproducers, parts and accessories of such articles",64861314.0,,64861314.0,False
2024-11-01,2024,11,4,202411,M,imports,W00,World,85,"Electrical machinery and equipment and parts thereof; sound recorders and reproducers; television image and sound recorders and reproducers, parts and accessories of such articles",2206431616.0,,2206431616.0,False
2024-12-01,2024,12,4,202412,X,exports,CHN,China,85,"Electrical machinery and equipment and parts thereof; sound recorders and reproducers; television image and sound recorders and reproducers, parts and accessories of such articles",33998321.685,33998321.685,,False
2024-12-01,2024,12,4,202412,X,exports,DEU,Germany,85,"Electrical machinery and equipment and parts thereof; sound recorders and reproducers; television image and sound recorders and reproducers, parts and accessories of such articles",15335914.776,15335914.776,,False
2024-12-01,2024,12,4,202412,X,exports,JPN,Japan,85,"Electrical machinery and equipment and parts thereof; sound recorders and reproducers; television image and sound recorders and reproducers, parts and accessories of such articles",122475604.261,122475604.261,,False
2024-12-01,2024,12,4,202412,X,exports,KOR,South Korea,85,"Electrical machinery and equipment and parts thereof; sound recorders and reproducers; television image and sound recorders and reproducers, parts and accessories of such articles",142412107.55,142412107.55,,False
2024-12-01,2024,12,4,202412,X,exports,MYS,Malaysia,85,"Electrical machinery and equipment and parts thereof; sound recorders and reproducers; television image and sound recorders and reproducers, parts and accessories of such articles",29420392.522,29420392.522,,False
2024-12-01,2024,12,4,202412,X,exports,PHL,Philippines,85,"Electrical machinery and equipment and parts thereof; sound recorders and reproducers; television image and sound recorders and reproducers, parts and accessories of such articles",17794659.578,17794659.578,,False
2024-12-01,2024,12,4,202412,X,exports,SGP,Singapore,85,"Electrical machinery and equipment and parts thereof; sound recorders and reproducers; television image and sound recorders and reproducers, parts and accessories of such articles",177035716.376,177035716.376,,False
2024-12-01,2024,12,4,202412,X,exports,THA,Thailand,85,"Electrical machinery and equipment and parts thereof; sound recorders and reproducers; television image and sound recorders and reproducers, parts and accessories of such articles",27009715.613,27009715.613,,False
2024-12-01,2024,12,4,202412,X,exports,USA,United States,85,"Electrical machinery and equipment and parts thereof; sound recorders and reproducers; television image and sound recorders and reproducers, parts and accessories of such articles",385483801.017,385483801.017,,False
2024-12-01,2024,12,4,202412,X,exports,VNM,Vietnam,85,"Electrical machinery and equipment and parts thereof; sound recorders and reproducers; television image and sound recorders and reproducers, parts and accessories of such articles",49964836.806,49964836.806,,False
2024-12-01,2024,12,4,202412,X,exports,W00,World,85,"Electrical machinery and equipment and parts thereof; sound recorders and reproducers; television image and sound recorders and reproducers, parts and accessories of such articles",1349055455.476,1349055455.476,,False
2024-12-01,2024,12,4,202412,M,imports,CHN,China,85,"Electrical machinery and equipment and parts thereof; sound recorders and reproducers; television image and sound recorders and reproducers, parts and accessories of such articles",1350626939.0,,1350626939.0,False
2024-12-01,2024,12,4,202412,M,imports,DEU,Germany,85,"Electrical machinery and equipment and parts thereof; sound recorders and reproducers; television image and sound recorders and reproducers, parts and accessories of such articles",34459288.0,,34459288.0,False
2024-12-01,2024,12,4,202412,M,imports,JPN,Japan,85,"Electrical machinery and equipment and parts thereof; sound recorders and reproducers; television image and sound recorders and reproducers, parts and accessories of such articles",115026621.0,,115026621.0,False
2024-12-01,2024,12,4,202412,M,imports,KOR,South Korea,85,"Electrical machinery and equipment and parts thereof; sound recorders and reproducers; television image and sound recorders and reproducers, parts and accessories of such articles",114149334.0,,114149334.0,False
2024-12-01,2024,12,4,202412,M,imports,MYS,Malaysia,85,"Electrical machinery and equipment and parts thereof; sound recorders and reproducers; television image and sound recorders and reproducers, parts and accessories of such articles",51757781.0,,51757781.0,False
2024-12-01,2024,12,4,202412,M,imports,PHL,Philippines,85,"Electrical machinery and equipment and parts thereof; sound recorders and reproducers; television image and sound recorders and reproducers, parts and accessories of such articles",31032266.0,,31032266.0,False
2024-12-01,2024,12,4,202412,M,imports,SGP,Singapore,85,"Electrical machinery and equipment and parts thereof; sound recorders and reproducers; television image and sound recorders and reproducers, parts and accessories of such articles",120108127.0,,120108127.0,False
2024-12-01,2024,12,4,202412,M,imports,THA,Thailand,85,"Electrical machinery and equipment and parts thereof; sound recorders and reproducers; television image and sound recorders and reproducers, parts and accessories of such articles",67568160.0,,67568160.0,False
2024-12-01,2024,12,4,202412,M,imports,USA,United States,85,"Electrical machinery and equipment and parts thereof; sound recorders and reproducers; television image and sound recorders and reproducers, parts and accessories of such articles",47377211.0,,47377211.0,False
2024-12-01,2024,12,4,202412,M,imports,VNM,Vietnam,85,"Electrical machinery and equipment and parts thereof; sound recorders and reproducers; television image and sound recorders and reproducers, parts and accessories of such articles",68142528.0,,68142528.0,False
2024-12-01,2024,12,4,202412,M,imports,W00,World,85,"Electrical machinery and equipment and parts thereof; sound recorders and reproducers; television image and sound recorders and reproducers, parts and accessories of such articles",2285249578.0,,2285249578.0,False
